id,date,mode,region,country_code,city,description,km,new_flag,city_page
5fdbb4b1,2011-01-02,tram,,,Porto,Line F Estádio do Dragão - Fânzeres,,,
ebf9cb6b,2011-01-14,metro,,,Delhi,Violet Line Sarita Vihar - Badarpur,,,
bbf0ad62,2011-01-31,tram,am,nj,Jersey City/Bayonne,HBLR 22nd Street - 8th Street,,,am/nj/new-jersey.htm
6a50c3d3,2011-02-03,metro,,,Santiago,Line 5 Pudahuel - Plaza de Maipú,,,
4abd8418,2011-02-07,metro,,,Tehran,Line 4 Towhid and Meydan-e Azadi stations,,,
ecc4274c,2011-02-19,metro,,,San Francisco,BART West Dublin/Pleasanton station,,,
8cbdc658,2011-02-20,metro,eu,it,Milan,Line 2 Famagosta - Milanofiori Forum,,,eu/it/mil/milano.htm
77fee920,2011-02-23,metro,,,Delhi,Airport Express Line,,NEW LINE!,
e4d0329b,2011-02-27,metro,,,Taipei,Blue Line Nangang - Taipei Nangang Exhibition Center,,,
3aa88a37,2011-02-28,metro,eu,es,Bilbao,Line 1/2 Etxebarri - Ariz,,,eu/es/bilbao/bilbao.htm
93d3e7a2,2011-03-06,metro,eu,it,Turin,M1 Porta Nuova - Lingotto,,,eu/it/tor/torino.htm
80bd8e02,2011-03-11,metro,,,Dubai,Red Line Ibn Battuta - Jebel Ali (without intermediate stations),,,
e57b345e,2011-03-16,metro,eu,es,Madrid,L2 La Elipa - Las Rosas,,,eu/es/mad/madrid.htm
42e5cefb,2011-03-26,metro,eu,it,Milan,Line 3 Maciachini - Comasina,,,eu/it/mil/milano.htm
7c63391d,2011-03-27,metro,,,Nagoya,Sakura-dori Line Nonami - Tokushige,,,
79b013b0,2011-03-28,metro,,,Busan,Line 4 Minam - Anpyeong,,NEW LINE!,
d9537eeb,2011-03-28,metro,eu,es,Madrid,L9 Herrera Oria - Mirasierra,,,eu/es/mad/madrid.htm
5b23fdea,2011-03-28,metro,eu,it,Naples,Line 1 Dante - Università (nonstop shuttle service),,,eu/it/nap/napoli.htm
496fd2aa,2011-03-28,metro,,,São Paulo,Line 4 Faria Lima - Butantã (without intermediate station),,,
85d53730,2011-04-12,metro,as,cn,Shanghai,Line 6 South Ling Yan Road - Ji Yang Road + Line 8 Ji Yang Road station,,,as/cn/shan/shanghai.htm
fb452603,2011-04-26,metro,as,cn,Shanghai,Line 11 East Chang Ji Rd station,,,as/cn/shan/shanghai.htm
8ca510af,2011-04-30,tram,eu,ch,Geneva,Line 18 Jardin-Alpin-Vivarium - CERN,,,eu/ch/genv/geneve.htm
560a7cff,2011-05-01,metro,as,cn,Tianjin,Line 9 Zhongshanmen - Shiyijinglu,,,as/cn/tian/tianjin.htm
6317b0a8,2011-05-09,metro,,,Tehran,Line 4 Doctor Habib-o-Ilah station,,,
2f824313,2011-05-17,metro,,,São Paulo,Line 4 Pinheiros station,,,
98422fef,2011-05-23,metro,as,tr,Istanbul,M2 Darüssafaka - Haciosman,,,as/tr/istanbul/istanbul.htm
b70a53bd,2011-06-15,metro,as,cn,Shenzhen,Line 1 (Luobao Line) Shenzhen University - Airport East,,,as/cn/shen/shenzhen.htm
5b8626eb,2011-06-16,metro,,,Shenzhen,Line 4 (Longhua Line) Children's Palace - Qinghu,,,
844099f3,2011-06-20,metro,,,Singapore,NEL Woodleigh station and Punggol East LRT Damai station,,,
73e9a7e8,2011-06-22,metro,as,cn,Shenzhen,Line 5 (Huanzhong Line) Qianhaiwan - Huangbeiling,,NEW LINE!,as/cn/shen/shenzhen.htm
b876c1d0,2011-06-28,metro,as,cn,Nanjing,Line 1 Nanjing South Railway Station,,,as/cn/nanj/nanjing.htm
fe4d647d,2011-06-28,metro,as,cn,Shenzhen,Line 2 (Shekou Line) Window of the World - Xinxiu,,,as/cn/shen/shenzhen.htm
dbaae3d2,2011-06-28,metro,as,cn,Shenzhen,Line 3 (Longgang Line) Yitian - Caopu,,,as/cn/shen/shenzhen.htm
53cd7574,2011-06-29,metro,,,Baku,Azadlyg Prospekti - Darnagul,,,
8c1c29c6,2011-06-30,metro,as,cn,Shanghai,Line 7 Liuhang and Panguang Road stations,,,as/cn/shan/shanghai.htm
22229016,2011-07-01,metro,eu,ro,Bucharest,M4 1 Mai - Parc Bazilescu,,,eu/ro/buc/bucurest.htm
9e761170,2011-07-02,tram,eu,ie,Dublin,Red Line Belgard - Saggart,,,eu/ie/dublin/dublin.htm
f1dd9d8b,2011-07-07,tram,eu,uk,Manchester,Metrolink Trafford Bar - St Werburgh's Road,,,eu/uk/man/manchester.htm
f8cbcfb1,2011-07-14,metro,,,Delhi,Blue Line Anand Vihar - Vaishali (2.6 km),2.6,,
dd29a32d,2011-07-21,metro,,,Tehran,Line 1 Haram-e-Motahar - Kahrizak,,,
9fdd1fe4,2011-07-28,metro,as,cn,Chongqing,Line 1 J iaochangkou - Shapingba,,NEW LINE!,as/cn/chon/chongqing.htm
e7967a6d,2011-08-07,tram,,,Salt Lake City,Green Line Central Pointe - West Valley Central & Red Line Fashion Place West - Daybreak Parkway,,,
b0a1aa21,2011-08-12,metro,,,Bangkok,BTS Sukhumwit Line On Nut - Bearing,,,
39d000fd,2011-08-13,tram,eu,at,Linz,L3 Hauptbahnhof - Doblerholz,,,eu/at/linz/linz.htm
f663139e,2011-08-15,metro,,,Delhi,Airport Express Line Aerocity & Dhaula Kuan stations,,,
c864874e,2011-08-15,metro,eu,no,Oslo,Line 6 Jar - Bekkestua,,,eu/no/oslo/oslo.htm
d38de2b6,2011-08-19,tram,,,Jerusalem,Line 1,,NEW TRAM!,
cf2e2829,2011-08-19,tram,,,Norfolk,EVMC Fort Norfolk - Newtown Road,,NEW TRAM!,
148c20e3,2011-08-27,metro,,,Delhi,Green Line Kirti Nagar - Ashok Park Main,,,
ffa33c6c,2011-08-27,metro,,,Tehran,Line 4 Sheykh-o-raeis station,,,
bc420e6b,2011-08-31,metro,eu,uk,London,DLR Canning Town - Stratford International,,,eu/uk/lon/london.htm
5e3a6328,2011-09-09,metro,,,Busan,Gimhae-Busan LRT,,NEW LINE!,
3c208f34,2011-09-09,metro,,,Dubai,Green Line Etisalat - Dubai Healthcare City,,NEW LINE!,
57df65da,2011-09-09,metro,eu,it,Turin,M1 Porta Susa station,,,eu/it/tor/torino.htm
ad3ce64a,2011-09-15,metro,,,São Paulo,Line 4 Paulista - Luz (without Higienópolis station),,,
dd04f404,2011-09-16,metro,as,cn,Xi'an,Line 2 Xi'an North Railway Station - Qujiang International Conference and Exhibition Center,,NEW METRO!,as/cn/xian/xian.htm
3d20cfba,2011-09-19,metro,eu,es,Barcelona,L9 Santa Rosa station,,,eu/es/bcn/barcelona.htm
711e55fe,2011-09-19,metro,as,tr,Bursa,Line 2 Özlüce - Üniversite,,,as/tr/bursa/bursa.htm
474b6dcb,2011-09-27,metro,as,cn,Chongqing,Line 1 Jiaochangkou - Xiaoshizi,,,as/cn/chon/chongqing.htm
cb2fa875,2011-09-29,metro,as,cn,Chongqing,Line 3 (Monorail) Lianglukou - Yuanyang,,NEW LINE!,as/cn/chon/chongqing.htm
a0ebe24c,2011-10-04,metro,,,Buenos Aires,Line H Caseros - Parque Patricios,,,
8c03a984,2011-10-08,metro,eu,fr,Paris,Line 8 Créteil-Préfecture - Créteil-Pointe du Lac,,,eu/fr/paris/paris.htm
f678db57,2011-10-08,metro,,,Singapore,Circle Line Marymount - HabourFront,,,
221a2773,2011-10-10,metro,,,Mashhad,Line 1 Torghabeh - Ghadir,,NEW METRO!,
80ea4a09,2011-10-15,tram,eu,pt,Porto,Line D D. João II - Santo Ovídio,,,eu/pt/porto/porto.htm
f10f8206,2011-10-20,metro,,,Bangalore,Line 2 Mahatma Gandhi Road - Baiyappanahalli,,NEW METRO!,
bd7342f2,2011-10-22,tram,eu,de,Kassel,L1 Holländische Straße - Vellmar Nord,,,eu/de/ks/kassel.htm
91bff64f,2011-10-28,metro,,,Seoul,Sin Bundang Line (DX) Gangnam - Jeongja,,NEW LINE!,
241f5ab3,2011-11-01,metro,,,Algiers,Tafourah (Grande Poste) - Haï El Badr,,NEW METRO!,
73f6796a,2011-11-05,metro,,,Tehran,Line 4 Ostad Moein station,,,
fe63bf99,2011-11-11,metro,eu,es,Bilbao,Line 2 Ariz - Basauri,,,eu/es/bilbao/bilbao.htm
675d2665,2011-11-28,metro,eu,ru,Yekaterinburg,Geologicheskaya - Botanicheskaya (without intermediate stations),,,eu/ru/yekatarin/yekaterinburg.htm
563ddd83,2011-12-01,metro,,,Almaty,Line 1 Raymbek Batyr - Alatau,,NEW METRO!,
aef6cd2e,2011-12-01,tram,eu,ru,Volgograd,Pionerskaya - Yel'shanka,,,eu/ru/vol/volgograd.htm
752f33d0,2011-12-02,metro,eu,ru,Moscow,Line 10 Mar'ino - Zyablikovo,,,eu/ru/mos/moskva.htm
39e5973a,2011-12-11,tram,eu,de,Frankfurt/Main,Line 18 Rohrbachstr./Friedberger Landstr. - Gravensteiner Platz,,,eu/de/f/tram/frankfurt-tram.htm
838572e3,2011-12-11,tram,eu,ch,Geneva,Line 14 Coutance - P+R Bernex,,,eu/ch/ge/geneve.htm
0625f29d,2011-12-11,tram,eu,de,Munich,Line 16 Effnerplatz - St. Emmeram,,,eu/de/m/tram/muenchen-tram.htm
e4da56f0,2011-12-11,metro,eu,de,Nuremberg,U3 Maxfeld - Friedrich-Ebert-Platz,,,eu/de/n/nuernberg.htm
ca5a0196,2011-12-11,tram,eu,de,Stuttgart,U15 Zuffenhausen Rathaus - Stammheim,,,eu/de/s/stuttgart.htm
2cdd9065,2011-12-11,tram,eu,ch,Zürich,Line 4 Escher-Wyss-Platz - Bahnhof Altstetten,,,eu/ch/zh/zuerich.htm
d893ae73,2011-12-15,metro,as,tr,Bursa,Line 1 Organize Sanayi (1050 Konutlar) - Emek,,,as/tr/bursa/bursa.htm
a1002f00,2011-12-27,metro,eu,ua,Kyiv,Line 2 Vasyl'kivs'ka - Vystavkovyi Tsentr,,,eu/ua/kiev/kyiv.htm
51503c71,2011-12-28,metro,,,Seoul,Bundang Line Bojeong (new permanent station) - Giheung,,,
f78a6665,2011-12-28,metro,eu,ru,St. Petersburg,Line 5 Admiralteyskaya station,,,eu/ru/pet/petersburg.htm
11aec23c,2011-12-30,metro,as,cn,Chongqing,Line 3 (Monorail) Ertang - Lianglukou & Yuanyang - Jiangbei Intl Airport,,,as/cn/chon/chongqing.htm
5c6f177d,2011-12-31,metro,as,cn,Beijing,Line 9 Beijing West Railway Station - Guogongzhuang,,NEW LINE!,as/cn/beij/beijing.htm
42a16113,2011-12-31,metro,as,cn,Beijing,Fangshan Line Dabaotai - Guogongzhuang,,,as/cn/beij/beijing.htm
6e388d68,2011-12-31,metro,as,cn,Beijing,Line 8 South Gate of Forest Park - Huilongguandongdajie,,,as/cn/beij/beijing.htm
614625ca,2011-12-31,metro,as,cn,Beijing,Line 15 Houshayu - Fengbo,,,as/cn/beij/beijing.htm
9094437c,2012-01-05,metro,,,Taipei,Orange Line Daqiaotou - Fu Jen University,,,
f802cfbb,2012-01-09,metro,as,cn,Shenyang,Line 2 Santaizi - Quanyunlu,,NEW LINE!,as/cn/shny/shenyang.htm
988af972,2012-01-09,metro,,,Tehran,Line 4 Piroozi station,,,
d5a30d2f,2012-01-14,metro,,,Singapore,Circle Line Promenade - Marina Bay,,,
fb982714,2012-02-21,metro,,,Cairo,Line 3 Attaba - Abbasiya,,NEW LINE!,
b99c1fb5,2012-02-27,tram,eu,be,Charleroi,Park - Charleroi-Sud and Gilly - Soleilmont,,,eu/be/char/charleroi.htm
d72d1bd8,2012-03-25,tram,,,Pittsburgh,Wood Street - Allegheny,,,
a5aab152,2012-03-26,tram,eu,de,Bremen,Line 1 Schweizer Eck - Osterholz Nußhorn,,,eu/de/hb/bremen.htm
a640b854,2012-03-30,metro,as,tr,Izmir,Bornova - Evka 3,,,as/tr/izmir/izmir.htm
c9335d70,2012-03-31,tram,eu,pl,Wroclaw,Lines 31+/32+ Kwiska - Stadion Wroclaw/Dokerska,,,eu/pl/wroc/wroclaw.htm
e853cdc8,2012-04-05,metro,,,Lima,Line 1 Grau - Villa El Salvador,,NEW METRO!,
a9687b13,2012-04-07,tram,eu,fr,Montpellier,Line 3 Juvignac - Lattes/Pérols and Line 4 Saint Denis - Albert Ier,,,eu/fr/montpellier/montpellier-tram.htm
5372d411,2012-04-14,tram,eu,be,Antwerp,L5/L10 Karel Van Overmeirelaan/Schotensteenweg - Wijnegem/Fortveldstraat,,,eu/be/ant/antwerpen.htm
db0b5dea,2012-04-25,metro,eu,bg,Sofia,Line 1 Mladost 1 - Tsarigradsko Shosse,,,eu/bg/sofia/sofia.htm
a203f120,2012-04-28,tram,,,Los Angeles,Expo Line 7th St/Metro Center - La Cienega/Jefferson,,,
a9a88eaf,2012-04-28,metro,as,cn,Suzhou,Line 1 Mudu - Zhongnan Street,,NEW METRO!,as/cn/suzh/suzhou.htm
9e8f241e,2012-04-30,metro,,,Chicago,Yellow Line Oakton-Skokie station,,,
c5d559cb,2012-05-06,tram,as,cn,Changchun,Line 4 Dongdaqiao - Northern Stop of Changchun Railway Station,,,as/cn/chan/changchun.htm
608bb772,2012-05-11,tram,eu,pl,Gdansk,Lines 2/6/7 Sikorskiego - Lostowice Swietokrzyska,,,eu/pl/gdan/gdansk-tram.htm
3355e987,2012-05-18,metro,,,Chicago,Green/Pink Line Morgan station,,,
fd9efb97,2012-06-07,metro,,,Johannesburg,Gautrain Rosebank - Johannesburg Park,,,
6b450db1,2012-06-13,tram,eu,uk,Manchester,Victoria - Oldham Mumps,,,eu/uk/man/manchester.htm
905696d1,2012-06-13,metro,eu,it,Rome,Line B1 Bologna - Conca d'Oro,,,eu/it/rom/roma.htm
e557fd7f,2012-06-15,tram,,,Algiers,T1 Les Fusillés - Les Bananiers,,,
f65c8deb,2012-06-20,tram,,,Los Angeles,Expo Line La Cienega - Culver City and Farmdale station,,,
2bbe5db9,2012-06-23,tram,eu,fr,Brest,Porte de Plouzané - Porte de Gouesnou/Porte de Guipavas,,NEW TRAM!,eu/fr/brest/brest.htm
447535ab,2012-06-28,metro,as,cn,Kunming,Line 6 East Bus Station - Airport Center,,NEW METRO!,as/cn/kunming/kunming.htm
52b2b75d,2012-06-30,tram,eu,fr,Orléans,Line B La Chapelle St Mesmin - St Jean de Braye,,,eu/fr/orleans/orleans-tram.htm
9842ab11,2012-06-30,metro,,,Seoul,Suin Line Oido - Songdo,,,
5a227caa,2012-07-01,metro,as,cn,Tianjin,Line 2 Caozhuang - Dongnanjiao and Tianjinzhen - Konggangjingjiqu,,NEW LINE!,as/cn/tian/tianjin.htm
66148c72,2012-07-01,metro,,,Uijeongbu (Seoul),U line Balgok - Tapseok,,NEW LINE!,
d75cb036,2012-07-03,metro,,,Porto Alegre,São Leopoldo - Santo Afonso,,,
3510fcd2,2012-07-17,metro,eu,pt,Lisbon,Red Line Oriente - Aeroporto,,,eu/pt/lisboa/lisboa.htm
cf666352,2012-07-28,metro,,,Miami,Orange Line Earlington Heights - Airport,,,
5eba796c,2012-07-28,metro,eu,ru,Yekaterinburg,Chkalovskaya station,,,eu/ru/yekatarin/yekaterinburg.htm
90ad2d2b,2012-07-30,tram,,,Dallas,Orange Line Bachman - Irving Convention Center,,,
3cdac494,2012-08-11,tram,eu,pl,Poznan,Line 16 os. Lecha/os. Czecha - Franowo,,,eu/pl/poz/poznan.htm
d87ea1b2,2012-08-17,metro,as,tr,Istanbul,Line M4 Kadiköy - Kartal,,NEW LINE!,as/tr/istanbul/istanbul.htm
6fc50592,2012-08-27,tram,,,Calgary,Line 202 McKnight Westwinds - Saddletowne,,,
6b008928,2012-08-30,metro,eu,ru,Moscow,Line 8 Novogireevo - Novokosino,,,eu/ru/mos/moskva.htm
787c3a09,2012-08-31,metro,eu,bg,Sofia,Line 2 Obelya - James Bourchier,,NEW LINE!,eu/bg/sofia/sofia.htm
5ad2db91,2012-09-01,tram,eu,fr,Dijon,Line B Gare Centrale - Quétigny Centre,,NEW TRAM!,eu/fr/dijon/dijon.htm
f5ca2473,2012-09-03,tram,eu,pl,Czestochowa,Line 3 Estakada - Stadion Raków,,,eu/pl/czestochowa/czestochowa.htm
c28c36e5,2012-09-16,metro,as,cn,Chengdu,Line 2 Chadianzi Bus Terminal - Chengdu Institute of Public Administration,,NEW LINE!,as/cn/chdu/chengdu.htm
d2a4025d,2012-09-17,metro,,,Medellín,Line A Itagüí - La Estrella,,,
b6ff1917,2012-09-17,metro,eu,it,Naples,Line 1 Toledo station,,,eu/it/nap/napoli.htm
dd490ad0,2012-09-19,metro,,,Daegu,Line 2 Sawol - Yeongnam University,,,
3fd6b97d,2012-09-22,tram,,,Portland,Lovejoy & 9th - OMSI,,NEW LINE!,
d69783a2,2012-09-28,metro,as,cn,Chongqing,Line 6 Kangzhuang - Wulidian,,NEW LINE!,as/cn/chon/chongqing.htm
8064f939,2012-09-28,metro,as,cn,Shanghai,Line 8 China Art Museum station,,,as/cn/shan/shanghai.htm
65b17d08,2012-09-30,metro,,,Taipei,Orange Line Zhongxiao Xinsheng - Dongmen - Guting,,,
1bf7595c,2012-10-01,metro,as,cn,Tianjin,Line 3 Xiaodian - Gaoxinqu,,NEW LINE!,as/cn/tian/tianjin.htm
db436d75,2012-10-06,metro,,,Seoul,Bundang Line Seolleung - Wangsimni,,,
1388cd86,2012-10-08,tram,,,Mendoza,Line 1 Estación Central - Gutiérrez,,NEW TRAM!,
793ea246,2012-10-08,metro,eu,no,Oslo,Line 6 Bekkestua - Gjønnes,,,eu/no/oslo/oslo.htm
8679e4a9,2012-10-12,metro,as,cn,Beijing,Line 9 Fengtaidongdajie station,,,as/cn/beij/beijing.htm
d6785f1e,2012-10-15,metro,as,cn,Tianjin,Line 9 Shiyijinglu - Tianjinzhan (Tianjin Railway Station),,,as/cn/tian/tianjin.htm
d88abccc,2012-10-25,metro,eu,ua,Kyiv,L2 Vystavkovyi Tsentr - Ipodrom,,,eu/ua/kiev/kyiv.htm
53e9d3db,2012-10-30,metro,,,Mexico City,Line 12 Mixcoac - Tláhuac,,NEW LINE!,
dafd46eb,2012-11-05,metro,eu,ru,Nizhniy Novgorod,Moskovskaya - Gor'kovskaya,,,eu/ru/niz/nizhniy-novgorod.htm
eae7c24d,2012-11-07,metro,eu,by,Minsk,L1 Institut Kul'tury - Petrovchshina,,,eu/by/minsk/minsk.htm
1ca6d826,2012-11-15,tram,eu,fr,Paris,T1 St Denis - Asnières Genevilliers Les Courtilles,,,eu/fr/paris/tram/paris-tram.htm
7cc15d69,2012-11-17,tram,eu,fr,Lyon,T5 Les Alizés - Eurexpo,,,eu/fr/lyon/tram/lyon-tram.htm
b1fdbc70,2012-11-19,tram,eu,fr,Paris,T2 La Défense - Pont de Bezons,,,eu/fr/paris/tram/paris-tram.htm
303a8a61,2012-11-24,metro,as,cn,Hangzhou,Line 1 Linping/Wenzelu - Xianghu,,NEW METRO!,as/cn/hang/hangzhou.htm
7cfa7e71,2012-12-01,metro,,,Seoul,Bundang Line Giheung - Mangpo,,,
3082d997,2012-12-03,tram,,,Dallas,Orange Line Irving Convention Center - Belt Line,,,
41738459,2012-12-03,tram,,,Dallas,Blue Line Downtown Garland - Downtown Rowlett,,,
8e871867,2012-12-08,tram,eu,fr,Dijon,Line A Chenove Centre - Parc Valmy,,,eu/fr/dijon/dijon.htm
1946c675,2012-12-09,tram,eu,de,Cologne,Line 5 Dom/Hauptbahnhof - Rathaus,,,eu/de/k/koeln.htm
455681a0,2012-12-09,metro,eu,de,Hamburg,U4 Jungfernstieg - Überseequartier,,,eu/de/hh/hamburg.htm
2c7a1a49,2012-12-10,tram,,,Calgary,Line 202 10th Street SW - 69th St W,,,
e25803f4,2012-12-12,tram,,,Casablanca,Line 1,,NEW TRAM!,
02a42cc9,2012-12-12,metro,,,Dubai,Red Line Danube station,,,
3d961978,2012-12-12,tram,eu,fr,Le Havre,La Plage - Caucriauville Pré Fleuri/Grand Hameau,,NEW TRAM!,eu/fr/le-havre/le-havre.htm
d80b85bf,2012-12-15,tram,eu,fr,Paris,T3 Porte d'Ivry - Porte de la Chapelle,,,eu/fr/paris/tram/paris-tram.htm
77a480c0,2012-12-16,tram,eu,de,Magdeburg,Line 9 Leipziger Chaussee - Reform (3.6 km),3.6,,eu/de/md/magdeburg.htm
3abe6818,2012-12-16,tram,eu,uk,Manchester,Oldham Mumps - Shaw & Crompton,,,eu/uk/man/manchester.htm
2025688e,2012-12-16,metro,,,Tehran,Line 3 Vali-e Asr - Shahid Beheshti,,NEW LINE!,
5c1a7195,2012-12-18,metro,eu,fr,Paris,Line 12 Porte de la Chapelle - Aubervilliers Front Populaire,,,eu/fr/paris/paris.htm
72947846,2012-12-21,metro,as,cn,Chongqing,Line 1 Shapingba - Daxuecheng,,,as/cn/chon/chongqing.htm
43b1452e,2012-12-22,metro,eu,it,Genoa,De Ferrari - Brignole,,,eu/it/gen/genova.htm
49b08359,2012-12-23,metro,,,Kaohsiung,Red Line Ciaotou - Gangshan South,,,
c7050563,2012-12-24,metro,eu,ru,Moscow,Line 2 Krasnogvardeyskaya - Alma-Atinskaya,,,eu/ru/mos/moskva.htm
54e6c6fb,2012-12-28,metro,as,cn,Chongqing,"Line 3 Ertang - Yudong, + Gongmao & Tongyuanju",,,as/cn/chon/chongqing.htm
c5b3616f,2012-12-28,metro,eu,ru,Moscow,Line 3 Mitino - Pyatnitskoye shosse,,,eu/ru/mos/moskva.htm
bf29a7a0,2012-12-28,metro,eu,ru,St. Petersburg,Line 5 Volkovskaya - Mezhdunarodnaya,,,eu/ru/pet/petersburg.htm
fbca9030,2012-12-28,metro,as,cn,Wuhan,Line 2 Jinyintan - Optics Valley Square,,NEW LINE!,as/cn/wuhan/wuhan.htm
36b24701,2012-12-29,metro,as,tr,Izmir,Üçyol - Hatay,,,as/tr/izmir/izmir.htm
258a9cfb,2012-12-30,metro,as,cn,Beijing,Line 6 Haidian Wuluju - Caofang,,NEW LINE!,as/cn/beij/beijing.htm
86607a06,2012-12-30,metro,as,cn,Beijing,Line 8 Beitucheng - Guloudajie,,,as/cn/beij/beijing.htm
e60af092,2012-12-30,metro,as,cn,Beijing,Line 9 National Library - Beijing West Railway Station,,,as/cn/beij/beijing.htm
ee4ab80e,2012-12-30,metro,as,cn,Beijing,Line 10 Jinsong - Shoujingmao and Bagou - Xiju,,,as/cn/beij/beijing.htm
f4470e86,2012-12-30,metro,as,cn,Shanghai,Line 9 Songjiang Xincheng - Songjiang South Railway Station,,,as/cn/shan/shanghai.htm
9fefb8c4,2012-12-30,metro,as,cn,Shanghai,Line 13 Jinshajiang Road - Jinyun Road,,,as/cn/shan/shanghai.htm
ab73fb80,2013-01-12,metro,,,Bangkok,Silom Line Wong Wian Yai - Pho Nimit,,,
319a0579,2013-01-15,metro,,,Bangkok,Silom Line Wong Wian Yai - Talat Phlu,,,
fcffa3a5,2013-01-20,metro,eu,it,Milan,Line 5 Zara - Bignami,,NEW LINE!,eu/it/mil/milano.htm
ac2e4ac9,2013-01-31,metro,as,cn,Chongqing,"Line 3 + Chalukou, Huaxi & Jinzhu stations",,,as/cn/chon/chongqing.htm
3a62cd2c,2013-02-05,metro,as,cn,Chongqing,Line 3 + Longtousi station,,,as/cn/chon/chongqing.htm
0182dbeb,2013-02-10,metro,eu,it,Milan,Line 5 Zara - Bignami,,NEW LINE!,eu/it/mil/milano.htm
d0fd26d0,2013-02-11,tram,eu,uk,Manchester,Piccadilly - Droylsden,,,eu/uk/man/manchester.htm
641e74a2,2013-02-14,metro,,,Bangkok,Silom Line Pho Nimit - Talat Phlu,,,
030916f1,2013-02-15,metro,eu,it,Brescia,Prealpino - S. Eufemia/Buffalora,,NEW METRO!,eu/it/bre/brescia.htm
9a412148,2013-02-28,tram,eu,uk,Manchester,Shaw & Crompton - Rochdale Railway Station (7.4 km),7.4,,eu/uk/man/manchester.htm
9468bde4,2013-03-02,metro,eu,it,Brescia,Prealpino - Sant'Eufemia Buffalora,,NEW METRO!,eu/it/bre/brescia.htm
c2a73fda,2013-03-23,metro,eu,fr,Paris,Line 4 Porte d'Orléans - Mairie de Montrouge,,,eu/fr/paris/paris.htm
87842193,2013-03-26,tram,eu,es,Zaragoza,T1 Plaza del Pilar/Murallas - Av. de la Academia,,,eu/es/zara/zaragoza.htm
26797b49,2013-04-01,metro,,,Santo Domingo,Line 2 María Montez - Eduardo Brito,,NEW LINE!,
8126b843,2013-04-06,metro,eu,gr,Athens,L2 Aghios Antonios - Anthoupoli,,,eu/gr/athens/athens.htm
14161a1d,2013-04-14,tram,,,Salt Lake City,Green Line Arena - Airport,,,
0ded271d,2013-04-26,metro,as,kr,Seoul/Yongin,EverLine Giheung - Jeondae/Everland,,,as/kr/seoul/seoul.htm
f73a31c9,2013-04-28,tram,,,Denver,W Line Auraria West Campus - Jefferson County Government Center/Golden,,,
e85775c6,2013-05-01,tram,,,Oran,T1 Senia Université - Sidi Maarouf,,NEW TRAM!,
ef57e3fe,2013-05-05,metro,as,cn,Beijing,Line 14 Xiju - Zhangguozhuang,,NEW LINE!,as/cn/beij/beijing.htm
1e904a4b,2013-05-05,metro,as,cn,Beijing,Line 10 Xiju - Shoujingmao,,,as/cn/beij/beijing.htm
75d17db6,2013-05-09,metro,eu,ru,Kazan,Koz'ya Sloboda - Aviastroitel'naya,,,eu/ru/kaz/kazan.htm
96316a6c,2013-05-15,metro,as,cn,Chongqing,Line 6 Lijia - Yuelai,,,as/cn/chon/chongqing.htm
8c6b9282,2013-05-20,metro,as,cn,Kunming,Line 1 Xiaodong Cun - University City South,,NEW LINE!,as/cn/kunming/kunming.htm
6b9f1b0b,2013-05-23,tram,eu,uk,Manchester,St Werburgh's Road - East Didsbury,,,eu/uk/man/manchester.htm
557905e6,2013-05-27,metro,,,Buenos Aires,Line H Parque Patricios - Hospitales,,,
186f8704,2013-06-08,metro,as,cn,Chengdu,Line 2 Chadianzi Bus Terminal - Xipu and Line 1 Ocean Park station,,,as/cn/chdu/chengdu.htm
80c0e9b0,2013-06-14,metro,as,tr,Istanbul,M1b Esenler - Kirazli,,,as/tr/istanbul/istanbul.htm
dc954521,2013-06-14,metro,as,tr,Istanbul,Line M3 Kirazli - MetroKent / Olympiyat Parki,,NEW LINE!,as/tr/istanbul/istanbul.htm
99f6f679,2013-06-22,tram,eu,no,Bergen,Nesttun - Lagunen,,,eu/no/bergen/bergen.htm
c342088f,2013-06-22,tram,eu,be,Charleroi,M3 Piges - Gosselies,,,eu/be/char/charleroi.htm
be28e712,2013-06-29,metro,,,Taipei,Xinzhuang Line Fu Jen University - Huilong,,,
5784de55,2013-07-04,tram,,,Constantine,T1 Ben Abdelmalek - Zouaghi,,NEW TRAM!,
136e8a38,2013-07-10,metro,,,Kolkata,Line 1 Dum Dum - Noapara,,,
4f2f8b1f,2013-07-26,metro,eu,gr,Athens,L2 Aghios Dimitrios - Elliniko,,,eu/gr/athens/athens.htm
c378dbf8,2013-07-26,metro,,,Buenos Aires,Line B De Los Incas/Parque Chas - Juan Manuel de Rosas,,,
b361b6c8,2013-07-29,tram,eu,fr,Paris,T5 Marché de St Denis - Garges-Sarcelles,,,eu/fr/paris/tram/paris-tram.htm
97b96850,2013-08-10,metro,eu,de,Hamburg,U4 Überseequartier - HafenCity Universität,,,eu/de/hh/hamburg.htm
2be457a2,2013-08-15,tram,as,cn,Shenyang,"Lines 1, 2 & 5",,NEW TRAM!,as/cn/shny/shenyang.htm
e9f2fef3,2013-08-18,tram,,,Salt Lake City,Blue Line Sandy Civic Center - Draper Town Center,,,
7ff536e8,2013-08-28,metro,as,cn,Tianjin,Line 2 Dongnanjiao - Tianjinzhan,,,as/cn/tian/tianjin.htm
77b2778d,2013-08-31,metro,as,cn,Shanghai,Line 11 Jiangsulu - Luoshanlu,,,as/cn/shan/shanghai.htm
65ee0cc7,2013-08-31,tram,eu,fr,Tours,Vaucanson – Lycée Jean Monnet,,NEW TRAM!,eu/fr/tours/tours.htm
2d7e9b57,2013-09-02,tram,eu,fr,Lyon,T4 Jet d'eau - Thiers-Lafayette,,,eu/fr/lyon/lyon.htm
91cf25b6,2013-09-04,tram,eu,es,Alicante,Line 2 MARQ - Sant Vicent del Raspeig,,,eu/es/alicante/alacant.htm
261c8683,2013-09-14,tram,eu,de,Stuttgart,U12 Löwentor - Hallschlag,,,eu/de/s/stuttgart.htm
2b8de3da,2013-09-15,metro,as,cn,Xi'an,Line 1 Houweizhai - Fangzhicheng,,NEW LINE!,as/cn/xian/xian.htm
13539133,2013-09-26,metro,as,cn,Harbin,Line 1 Hadongzhan - Hananzhan,,NEW METRO!,as/cn/harbin/harbin.htm
c8503b4f,2013-09-27,metro,,,Buenos Aires,Line A Carabobo - San Pedrito,,,
d9da446c,2013-09-30,metro,,,Dubai,Red Line Energy station added,,,
cebe93e3,2013-10-05,metro,eu,at,Vienna,U2 Aspernstraße - Seestadt,,,eu/at/vienna/wien.htm
22abe74e,2013-10-05,tram,eu,at,Vienna,Line 26 Kagraner Platz - Hausfeldstraße,,,eu/at/vienna/tram/wien-tram.htm
c54731b6,2013-10-09,tram,eu,uk,Manchester,Droylsden - Ashton-under-Lyne,,,eu/uk/man/manchester.htm
b12c41e1,2013-10-12,tram,as,tr,Bursa,T1 Circular line,,NEW TRAM!,as/tr/bursa/bursa.htm
a6d0f490,2013-10-16,metro,as,cn,Shanghai,Line 11 Anting - Huaqiao,,,as/cn/shan/shanghai.htm
e5cf6603,2013-10-28,tram,eu,se,Stockholm,Tvärbanan Alvik - Solna centrum,,,eu/se/stockholm/stockhlm.htm
9dd1460a,2013-10-29,metro,as,tr,Istanbul,Marmaray Kazliçesme - Ayrilikçesme,,,as/tr/istanbul/istanbul.htm
1c515eeb,2013-11-06,metro,eu,ua,Kyiv,Line 2 Ipodrom - Teremky,,,eu/ua/kiev/kyiv.htm
a8b2280a,2013-11-09,metro,eu,ru,Moscow,Line 7 Vykhino - Zhulebino,,,eu/ru/mos/moskva.htm
60f07b78,2013-11-14,metro,,,Delhi,Rapid Metro Gurgaon Sikandarpur - Cyber City,,NEW LINE!,
aa713326,2013-11-16,tram,eu,fr,Paris,Line T7 Villejuif Louis Aragon - Athis-Mons Porte de l'Essonne,,NEW LINE!,eu/fr/paris/tram/paris-tram.htm
574efeaa,2013-11-24,metro,,,Taipei,Xinyi Line Chiang Kai-shek Memorial Hall - Xiangshan,,,
a14fa47a,2013-11-30,metro,as,kr,Seoul,Bundang Line Mangpo - Suwon,,,as/kr/seou/seoul.htm
96ef8a0c,2013-12-01,metro,as,tr,Istanbul,Marmaray Sirkeci station added,,,as/tr/istanbul/istanbul.htm
0b3ca998,2013-12-05,metro,,,Bangkok,Silom Line Talat Phlu - Bang Wa,,,
e7a63d9e,2013-12-08,tram,,,Salt Lake City,S-Line Central Pointe - Fairmont,,NEW LINE!,
bbef73fc,2013-12-11,metro,eu,fr,Lyon,Line B Stade de Gerland - Gare d'Oullins,,,eu/fr/lyon/lyon.htm
526e4b0e,2013-12-14,metro,eu,gr,Athens,L3 Egaleo - Aghia Marina,,,eu/gr/athens/athens.htm
8fde2639,2013-12-15,tram,eu,de,Cologne,Line 5 Rathaus - Heumarkt,,,eu/de/k/koeln.htm
3ce6417f,2013-12-15,tram,eu,de,Heilbronn,S42 Harmonie - Neckarsulm,,,eu/de/hn/heilbronn.htm
39b3a081,2013-12-15,metro,eu,de,Leipzig,S-Bahn City Tunnel Hauptbahnhof - Bayerischer Bahnhof,,,eu/de/l/leipzig.htm
bbf2ad40,2013-12-15,metro,eu,no,Oslo,Line 2 - Gjønnes - Avløs,,,eu/no/oslo/oslo.htm
1251f240,2013-12-21,metro,as,cn,Beijing,Line 9 Military Museum station,,,as/cn/beij/beijing.htm
ea1a4e68,2013-12-21,tram,,,Houston,Red Line UH-Downtown - Northline TC/HCC,,,
51a8b141,2013-12-22,metro,,,Singapore,Downtown Line Chinatown - Bugis,,NEW LINE!,
3b136656,2013-12-28,metro,as,cn,Beijing,Line 8 Huilongguan Dongdajie - Zhuxinzhuang and Guloudajie - Nanluoguxiang,,,as/cn/beij/beijing.htm
afb9e52c,2013-12-28,metro,as,cn,Guangzhou,Line 6 Xunfenggang - Changban,,NEW LINE!,as/cn/guan/guangzhou.htm
19b91373,2013-12-28,metro,as,cn,Suzhou,Line 2 Suzhou North Railway Station - Baodaiqiao South,,NEW LINE!,as/cn/suzh/suzhou.htm
0521704e,2013-12-28,metro,as,cn,Tianjin,Line 3 Gaoxinqu - Nanzhan,,,as/cn/tian/tianjin.htm
bba24c0a,2013-12-28,metro,as,cn,Wuhan,Line 4 Wuhan Railway Station - Wuchang Railway Station,,NEW LINE!,as/cn/wuhan/wuhan.htm
3335a094,2013-12-28,metro,as,cn,Zhengzhou,Line 1 Xiliuhu - Zhengzhou Sports Center,,NEW METRO!,as/cn/zheng/zhengzhou.htm
fc5bed99,2013-12-29,metro,as,cn,Shanghai,Line 12 Tiantonglu - Jinhailu,,NEW LINE!,as/cn/shan/shanghai.htm
b5ef2e16,2013-12-29,metro,as,cn,Shanghai,Line 16 Luoshanlu - Dishuihu,,NEW LINE!,as/cn/shan/shanghai.htm
0007f1cf,2013-12-30,metro,as,cn,Dalian,Line 8 Hekou - Lüshunxingang,,NEW LINE!,as/cn/dalian/dalian.htm
057656d9,2013-12-30,metro,as,cn,Shenyang,Line 2 Santaizi - Hangkonghangtiandaxue,,,as/cn/shny/shenyang.htm
9aaeae35,2013-12-31,metro,as,cn,Chongqing,Line 6 Lijia - Beibei,,,as/cn/chon/chongqing.htm
eec7ebdd,2013-12-31,metro,eu,it,Naples,Line 1 Università - Garibaldi (without intermediate station),,,eu/it/nap/napoli.htm
733c9f7e,2014-01-31,metro,eu,ru,Moscow,Line 8 Delovoy Tsentr - Park Pobedy 2013:,,,eu/ru/mos/moskva.htm
640296ac,2014-02-01,tram,as,tr,Kayseri,Line 1 Dogu Terminali - Ildem 5 (9.4 km),9.4,,as/tr/kayseri/kayseri.htm
fc2b3e91,2014-02-02,metro,,,Mumbai,Monorail Wadala Depot - Chembur,,,
ca05056a,2014-02-07,metro,,,Panamá,Line 1 Los Andes - Albrook,,NEW METRO!,
7444a622,2014-02-12,metro,as,tr,Ankara,Batikent - OSB Törekent,,,as/tr/ankara/ankara.htm
d0c1aeb9,2014-02-12,metro,,,São Paulo,Line 5 Largo Treze - Adolfo Pinheiro,,,
2227db4c,2014-02-14,tram,as,tr,Kayseri,Erciyesevler - Erciyes Üniversitesi (4 km),4,,as/tr/kayseri/kayseri.htm
17a4d22b,2014-02-15,metro,as,tr,Istanbul,M2 Sishane -Yenikapi,,,as/tr/istanbul/istanbul.htm
aca43d55,2014-02-19,tram,eu,fr,Lyon,T1 Hôtel de Region-Montrochet - Debourg (2 km),2,,eu/fr/lyon/tram/lyon-tram.htm
7226bcdf,2014-02-23,metro,,,Adelaide,Noarlunga Centre - Seaford (and start of electric service on entire line),,,
781834d6,2014-02-24,tram,eu,fr,Valenciennes,Line B Valenciennes - Vieux-Condé,,,eu/fr/valenciennes/valenciennes-tram.htm
223e8dcc,2014-02-24,tram,eu,fr,Valenciennes,Line T2 Pont Jacob - Vieux-Condé Le Boulon (15 km),15,NEW LINE!,eu/fr/valenciennes/valenciennes-tram.htm
f0ad24d3,2014-02-27,metro,eu,ru,Moscow,Line 12 Ul. Starokachalovskaya - Bitsevskiy Park,,,eu/ru/mos/moskva.htm
7343735d,2014-02-28,metro,,,Bangalore,Green Line Sampige Road - Peenya Industry,,NEW LINE!,
edce3326,2014-03-01,tram,eu,hu,Debrecen,Line 2 Kálvin tér - Doberdó utca,,,eu/hu/debrecen/debrecen.htm
9a5a2af3,2014-03-01,metro,,,Dubai,Green Line Dubai Health Care City - Creek,,,
df5292cc,2014-03-01,metro,eu,it,Milan,Line 5 Zara - Garibaldi,,,eu/it/mil/milano.htm
ad5efc90,2014-03-13,metro,as,tr,Ankara,Kizilay - Koru,,,as/tr/ankara/ankara.htm
18cf11fd,2014-03-15,metro,,,Rio de Janeiro,L1 Saens Peña - Uruguai,,,
14274d1f,2014-03-16,metro,as,tr,Istanbul,M2 Vezneciler station,,,as/tr/istanbul/istanbul.htm
0b590a1d,2014-03-18,tram,as,tr,Eskisehir,L3 Yunusemre - Açelya (6 km),6,,as/tr/eskisehir/eskisehir.htm
92c75494,2014-03-19,metro,as,tr,Bursa,Arabayatagi - Otosansit,,,as/tr/bursa/bursa.htm
bef179a1,2014-03-25,metro,as,tr,Izmir,Hatay - Göztepe,,,as/tr/izmir/izmir.htm
2ea4498d,2014-03-27,metro,as,tr,Bursa,Otosansit - Gürsu,,,as/tr/bursa/bursa.htm
bab3aad4,2014-03-27,tram,,,Sydney,Light Rail Lilyfield - Dulwich Hill,,,
51cac7bd,2014-03-28,metro,eu,hu,Budapest,Line M4 Kelenföld vasútállomás - Keleti pályaudvar,,NEW LINE!,eu/hu/budapest/budapest.htm
c718d08b,2014-03-31,tram,eu,uk,Manchester,Rochdale Railway Station - Rochdale Town Centre,,,eu/uk/man/manchester.htm
797c0a8c,2014-04-05,metro,,,Panamá,Line 1 Los Andes - Albrook,,NEW METRO!,
ecaa3441,2014-04-16,tram,,,Algiers,Line 1 Mimouni Hamoud - Carrefour Café-Chergui,,,
09a19c44,2014-04-22,metro,,,Tehran,Line 3 Vali-e Asr - Azadegan,,,
c3c18978,2014-04-28,metro,,,Auckland,Britomart - Onehunga (start of electric service on entire line),,,
78e38e29,2014-04-29,metro,as,cn,Changsha,Line 2 Wangchengpo - Guangda,,NEW METRO!,as/cn/changsha/changsha.htm
ffa2a408,2014-04-30,metro,as,cn,Kunming,Line 1/2 North Coach Station - South Ring Road - Xiaodongcun,,,as/cn/kunming/kunming.htm
9be6a59e,2014-05-07,metro,,,Cairo,Line 3 Abbasiya - Al Ahram,,,
c7d4e1dd,2014-05-08,metro,,,Porto Alegre,Santo Afonso - Novo Hamburgo,,,
bc372303,2014-05-10,metro,as,cn,Shanghai,Line 12 Tiantonglu - Qufulu,,,as/cn/shan/shanghai.htm
df098b3c,2014-05-24,metro,as,kr,Seoul,Line 9 Magongnaru station,,,as/kr/seou/seoul.htm
6ae7e251,2014-05-28,metro,as,cn,Wuhan,Line 1 Dijiao - Hankou North,,,as/cn/wuhan/wuhan.htm
e8e0705b,2014-05-30,metro,as,cn,Ningbo,Line 1 Gaoqiao West - Donghuan South Road,,NEW METRO!,as/cn/ningbo/ningbo.htm
09ed6221,2014-05-31,tram,eu,uk,Edinburgh,Edinburgh Airport - York Place,,NEW TRAM!,eu/uk/edin/edinburgh.htm
4fbc31e6,2014-06-03,metro,eu,by,Minsk,Line 1 Petrovshchina - Malinovka,,,eu/by/minsk/minsk.htm
e416f441,2014-06-05,metro,as,tr,Bursa,Gürsu - Kestel,,,as/tr/bursa/bursa.htm
7127480c,2014-06-08,metro,,,Mumbai,Line 1 Versova - Ghatkopar,,NEW METRO!,
aceda3d2,2014-06-11,metro,,,Salvador,Line 1 Lapa - Retiro (limited service),,NEW METRO!,
2206a377,2014-06-14,tram,,,Minneapolis/St. Paul,Green Line Minneapolis Downtown East/Metrodome - St. Paul Union Depot,,NEW LINE!,
b8beef81,2014-06-16,metro,as,cn,Xi'an,Line 2 Qujiang International Conference and Exhibition Center - Weiqu South,,,as/cn/xian/xian.htm
98995621,2014-06-21,metro,as,kr,Seoul,AREX Cheongna Int'l City station,,,as/kr/seou/seoul.htm
1193aef3,2014-06-26,metro,,,Delhi,Violet Line Central Secretariat - Mandi House,,,
3a54ff5a,2014-06-28,metro,eu,es,Bilbao,Line 2 Santurtzi - Kabiezes,,,eu/es/bilbao/bilbao.htm
add89739,2014-06-28,tram,eu,fr,Grenoble,Line E Louise Michel – Saint Martin le Vinoux,,NEW LINE!,eu/fr/grenoble/grenoble-tram.htm
25d36b4c,2014-06-29,metro,,,Singapore,Punggol West Loop,,,
2122f18e,2014-07-01,metro,as,cn,Nanjing,Line 10 Olympic Stadium - Yushanlu and Line S1 South Railway Station - Nanjing Lukou International Airport,,NEW LINE!,as/cn/nanj/nanjing.htm
8e81e274,2014-07-01,metro,as,cn,Wuxi,Line 1 Yanqiao - Changguangxi,,NEW METRO!,as/cn/wuxi/wuxi.htm
1e95aa3b,2014-07-20,tram,,,Gold Coast,Gold Coast University Hospital - Broadbeach South,,NEW TRAM!,
65aa5f4f,2014-07-22,metro,as,cn,Shanghai,Line 7 Qihualu station,,,as/cn/shan/shanghai.htm
64610ce8,2014-07-25,metro,,,Lima,L1 Grau - Bayóvar,,,
62c1665e,2014-07-25,tram,,,Tucson,Congress Street/Av. del Convento - Helen Street,,NEW TRAM!,
dd4bb4e8,2014-07-26,metro,,,"Washington, D.C.",Silver Line East Falls Church - Wiehle-Reston East,,NEW LINE!,
43802681,2014-07-27,metro,as,tr,Izmir,Göztepe - Fahrettin Altay,,,as/tr/izmir/izmir.htm
15ef13e4,2014-07-30,metro,eu,es,Málaga,L2 Palacio de los Deportes / L1 Andalucía Tech - El Perchel,,NEW METRO!,eu/es/malaga/malaga.htm
da745e6b,2014-08-01,tram,eu,de,Bremen,Line 4 Borgfeld - Falkenberg (4.2 km),4.2,,eu/de/hb/bremen.htm
72f43ece,2014-08-01,metro,as,cn,Nanjing,Line S8 Taishan Village - Jinniuhu,,NEW LINE!,as/cn/nanj/nanjing.htm
95318f2d,2014-08-07,tram,as,tr,Eskisehir,SSK - Çamlica / Batikent,,,as/tr/eskisehir/eskisehir.htm
0c0d40c9,2014-08-17,tram,as,tr,Eskisehir,ESOGÜ-Çankaya,,,as/tr/eskisehir/eskisehir.htm
1a375449,2014-08-18,tram,,,Dallas,Orange Line Belt Line - DFW Airport (8.4 km),8.4,,
061c0257,2014-08-27,metro,eu,ru,Moscow,M7 Spartak station,,,eu/ru/mos/moskva.htm
3faf1d2c,2014-08-28,metro,as,cn,Tianjin,Line 2 Konggangjingjiqu - Binhaiguojijichang (Binhai Int'l Airport),,,as/cn/tian/tianjin.htm
46d18245,2014-08-30,tram,eu,fr,Besançon,Hauts-du-Chazal - Gare Viotte/Chalezeule,,NEW TRAM!,eu/fr/besancon/besancon.htm
ffcccbf9,2014-08-30,tram,eu,fr,Le Mans,T2 Préfecture - Bellevue-Hauts de Coulaines (3.4 km),3.4,,eu/fr/le-mans/le-mans-tram.htm
cc13f867,2014-09-01,tram,eu,fr,Aubagne,T1 Gare - Le Charrel,,NEW TRAM!,eu/fr/aubagne/aubagne.htm
10394858,2014-09-02,metro,,,Boston,Orange Line Assembly station,,,
763430ae,2014-09-12,tram,eu,it,Venezia,T1 Sernaglia - Panorama (3.7 km),3.7,,eu/it/venezia/venezia-mestre.htm
baf48ebb,2014-09-17,metro,as,cn,Wuhan,Line 1 Zhuyehai station,,,as/cn/wuhan/wuhan.htm
ad861000,2014-09-21,metro,,,Perth,Clarkson - Butler (7.5 km),7.5,,
fbf0eff4,2014-09-26,metro,as,cn,Harbin,Line 1 Bowuguan (Museum) station,,,as/cn/harbin/harbin.htm
629378df,2014-09-28,metro,as,cn,Chongqing,"Line 6 Tiansheng and Jiuquhe stations, Line 1 Shijingpo station",,,as/cn/chon/chongqing.htm
08c941c4,2014-10-01,metro,,,Fortaleza,Estação Central-Chico da Silva - Carlito Benevides,,NEW METRO!,
57352519,2014-10-05,tram,eu,de,Saarbrücken,Line 1 Heusweiler Markt - Lebach-Jabach,,,eu/de/sb/saarbruecken.htm
dbfddb05,2014-10-05,metro,eu,at,Vienna,U2 Aspernstraße - Seestadt,,,eu/at/vienna/wien.htm
8c5b8d5b,2014-10-05,tram,eu,at,Vienna,Line 26 Kagraner Platz - Hausfeldstraße,,,eu/at/vienna/tram/wien-tram.htm
993956b1,2014-10-09,tram,eu,uk,Manchester,Droylsden - Ashton-under-Lyne,,,eu/uk/man/manchester.htm
12bac2cd,2014-10-11,metro,,,Shiraz,Line 1 Ehsan - Namazi,,NEW METRO!,
0e5fe928,2014-10-12,tram,as,tr,Bursa,T1 Circular line,,NEW TRAM!,as/tr/bursa/bursa.htm
ceff2422,2014-10-12,metro,eu,no,Oslo,Line 2 - Avløs - Kolsås,,,eu/no/oslo/oslo.htm
1f125dea,2014-10-16,metro,as,cn,Shanghai,Line 11 Anting - Huaqiao,,,as/cn/shan/shanghai.htm
cf46dc5e,2014-10-25,tram,as,tr,Kayseri,Erciyes Üniversitesi/Lojmanlar - Talas/Cemilbaba,,,as/tr/kayseri/kayseri.htm
7f7478ea,2014-10-26,metro,as,cn,Chengdu,Line 2 Chengdu Institute of Public Administration - Longquanyi,,,as/cn/chdu/chengdu.htm
811593e6,2014-10-26,tram,as,cn,Suzhou,Line 1 Suzhou Amusement Land - Long'an Lu,,NEW TRAM!,as/cn/suzh/suzhou.htm
807be1ed,2014-10-28,tram,eu,se,Stockholm,Tvärbanan Alvik - Solna centrum,,,eu/se/stockholm/stockhlm.htm
bfafccb6,2014-10-29,metro,as,tr,Istanbul,Marmaray Kazliçesme - Ayrilikçesme,,,as/tr/istanbul/istanbul.htm
0db4bd27,2014-11-01,metro,as,cn,Shanghai,Line 13 Daduhelu station,,,as/cn/shan/shanghai.htm
1d3b5f1b,2014-11-03,tram,eu,uk,Manchester,St Werburgh's Road - Manchester Airport,,,eu/uk/man/manchester.htm
b257ed91,2014-11-06,metro,eu,ua,Kyiv,Line 2 Ipodrom - Teremky,,,eu/ua/kiev/kyiv.htm
d4891125,2014-11-09,metro,as,tr,Istanbul,M1 Aksaray - Yenikapi,,,as/tr/istanbul/istanbul.htm
72923d22,2014-11-09,metro,eu,ru,Moscow,Line 7 Vykhino - Zhulebino,,,eu/ru/mos/moskva.htm
f880e2e7,2014-11-09,metro,eu,it,Rome,Line C Parco di Centocelle - Monte Compatri/Pantano,,NEW LINE!,eu/it/rom/roma.htm
05e00448,2014-11-11,tram,,,Dubai,Al Sufouh - Jumeirah Beach,,NEW TRAM!,
76e5ef40,2014-11-14,metro,,,Delhi,Rapid Metro Gurgaon Sikandarpur - Cyber City,,NEW LINE!,
7af72f98,2014-11-15,metro,,,São Paulo,Line 4 Fradique Coutinho station,,,
90533bd6,2014-11-15,metro,,,Taipei,Line 3 Ximen - Songshan,,,
e6fee097,2014-11-16,tram,eu,fr,Paris,Line T7 Villejuif Louis Aragon - Athis-Mons Porte de l'Essonne,,NEW LINE!,eu/fr/paris/tram/paris-tram.htm
ca62b0ae,2014-11-22,metro,,,Oakland,BART to OAK Airport (People Mover),,,
b853d1bf,2014-11-23,metro,,,Singapore,North South Line Marina Bay - Marina South Pier,,,
52865f68,2014-11-24,metro,as,cn,Hangzhou,Line 2 Qianjianglu - Chaoyang,,NEW LINE!,as/cn/hang/hangzhou.htm
e3d0dc49,2014-11-24,metro,,,Taipei,Xinyi Line Chiang Kai-shek Memorial Hall - Xiangshan,,,
be8fdec8,2014-11-26,metro,as,cn,Chongqing,Line 6 Xiangjiagang station,,,as/cn/chon/chongqing.htm
a36289dd,2014-11-30,metro,as,kr,Seoul,Bundang Line Mangpo - Suwon,,,as/kr/seou/seoul.htm
414f8f97,2014-12-01,metro,as,tr,Istanbul,Marmaray Sirkeci station added,,,as/tr/istanbul/istanbul.htm
249b0a25,2014-12-05,metro,,,Bangkok,Silom Line Talat Phlu - Bang Wa,,,
7499e502,2014-12-08,metro,eu,ru,Moscow,M1 Yugo-Zapadnaya - Troparyovo,,,eu/ru/mos/moskva.htm
e50c0727,2014-12-08,tram,,,Salt Lake City,S-Line Central Pointe - Fairmont,,NEW LINE!,
7852be17,2014-12-11,metro,eu,fr,Lyon,Line B Stade de Gerland - Gare d'Oullins,,,eu/fr/lyon/lyon.htm
fd108fb5,2014-12-12,tram,eu,ru,Naberezhnye Chelny,Shestnadtsatiy Kompleks - Pedinstitut (6.1 km),6.1,,eu/ru/nabchelny/naberezhnye-chelny.htm
74861964,2014-12-13,tram,eu,fr,Paris,T6 Châtillon-Montrouge - Robert Wagner,,NEW LINE!,eu/fr/paris/tram/paris-tram.htm
686a426b,2014-12-14,metro,eu,gr,Athens,L3 Egaleo - Aghia Marina,,,eu/gr/athens/athens.htm
29b03aa3,2014-12-14,tram,eu,ch,Basel,Line 8 Kleinhüningen - Weil am Rhein Bahnhof/Zentrum,,,eu/ch/bs/basel.htm
f2e17f8d,2014-12-14,tram,eu,de,Berlin,M5 Naturkundemuseum - Hauptbahnhof - Lüneburger Str.,,,eu/de/b/tram/berlin-tram.htm
3b009565,2014-12-14,tram,eu,de,Frankfurt am Main,Line 17 Stresemannallee/Gartenstr. - Mörfelder Landstr.,,,eu/de/f/tram/frankfurt-tram.htm
06793c69,2014-12-14,tram,eu,de,Hannover,Line 7 Schierholzstraße - Misburg,,,eu/de/h/hannover.htm
22dbaf9e,2014-12-15,tram,eu,de,Cologne,Line 5 Rathaus - Heumarkt,,,eu/de/k/koeln.htm
2eafa9dc,2014-12-15,tram,eu,de,Heilbronn,S42 Harmonie - Neckarsulm,,,eu/de/hn/heilbronn.htm
177411c0,2014-12-15,metro,eu,de,Leipzig,S-Bahn City Tunnel Hauptbahnhof - Bayerischer Bahnhof,,,eu/de/l/leipzig.htm
f9d55e2b,2014-12-16,tram,eu,fr,Paris,T8 St-Denis Porte de Paris - Épinay-Orgemont / Villetaneuse-Université,,NEW LINE!,eu/fr/paris/tram/paris-tram.htm
f389b045,2014-12-19,tram,eu,ua,Vinnytsia,Bars'ke Shose/Zakhidniy Avtovokzal - Vyshen'ka (2 km),2,,eu/ua/vinnytsia/vinnytsia.htm
c57b74f4,2014-12-21,metro,as,cn,Beijing,Line 9 Military Museum station,,,as/cn/beij/beijing.htm
f469c250,2014-12-21,tram,,,Houston,Red Line UH-Downtown - Northline TC/HCC,,,
edd47f1e,2014-12-22,metro,,,Singapore,Downtown Line Chinatown - Bugis,,NEW LINE!,
7ee41aee,2014-12-24,tram,eu,pl,Warsaw,Line 2 Stare Swidry - Tarchomin Koscielny,,,eu/pl/war/tram/warszawa-tram.htm
de81c7b4,2014-12-27,metro,as,kr,Seoul,Gyeongui - Jungang Line Gongdeok - Yongsan ; + Line 3 Wonheung station and Suin Line Darwol station,,,as/kr/seoul/seoul.htm
94224503,2014-12-28,metro,as,cn,Beijing,Line 7 Beijing West Railway Station - Jiaohuachang,,NEW LINE!,as/cn/beij/beijing.htm
ec2becaa,2014-12-28,metro,as,cn,Beijing,Line 15 Wangjing West - Qinghuadongluxikou,,,as/cn/beij/beijing.htm
cfc40962,2014-12-28,metro,as,cn,Beijing,Line 8 Huilongguan Dongdajie - Zhuxinzhuang and Guloudajie - Nanluoguxiang,,,as/cn/beij/beijing.htm
25798030,2014-12-28,metro,as,cn,Guangzhou,Line 6 Xunfenggang - Changban,,NEW LINE!,as/cn/guan/guangzhou.htm
2e277c86,2014-12-28,metro,as,cn,Hong Kong,Island Line Sheung Wan - Kennedy Town,,,as/cn/hong/hong-kong.htm
0d6ded1e,2014-12-28,metro,as,cn,Shanghai,Line 13 Jinshajianglu - Changshoulu,,,as/cn/shan/shanghai.htm
83ff0a9e,2014-12-28,metro,as,cn,Shanghai,Line 16 Luoshanlu - Longyanglu,,,as/cn/shan/shanghai.htm
261a8959,2014-12-28,metro,as,cn,Suzhou,Line 2 Suzhou North Railway Station - Baodaiqiao South,,NEW LINE!,as/cn/suzh/suzhou.htm
8b855375,2014-12-28,metro,as,cn,Tianjin,Line 3 Gaoxinqu - Nanzhan,,,as/cn/tian/tianjin.htm
c8730625,2014-12-28,metro,as,cn,Wuhan,Line 4 Wuchang Railway Station - Huangjinkou,,,as/cn/wuhan/wuhan.htm
85e9ab6e,2014-12-28,metro,as,cn,Wuhan,Line 4 Wuhan Railway Station - Wuchang Railway Station,,NEW LINE!,as/cn/wuhan/wuhan.htm
8f2ca077,2014-12-28,metro,as,cn,Wuxi,Line 2 Meiyuan - Anzhen,,NEW LINE!,as/cn/wuxi/wuxi.htm
4078e4c9,2014-12-28,metro,as,cn,Zhengzhou,Line 1 Xiliuhu - Zhengzhou Sports Center,,NEW METRO!,as/cn/zheng/zhengzhou.htm
e992d206,2014-12-29,metro,as,cn,Shanghai,Line 12 Tiantonglu - Jinhailu,,NEW LINE!,as/cn/shan/shanghai.htm
687c9629,2014-12-29,metro,as,cn,Shanghai,Line 16 Luoshanlu - Dishuihu,,NEW LINE!,as/cn/shan/shanghai.htm
65f5ab0a,2014-12-30,tram,,,Atlanta,Centennial Olympic Park - King Historic District,,NEW TRAM!,
b1ea852a,2014-12-30,metro,as,cn,Chongqing,Line 2 Xinshancun - Yudong,,,as/cn/chon/chongqing.htm
114ea801,2014-12-30,metro,as,cn,Chongqing,Line 6 Wulidian - Chayuan,,,as/cn/chon/chongqing.htm
35dbe340,2014-12-30,metro,as,cn,Chongqing,Line 1 Daxuecheng - Jiandingpo,,,as/cn/chon/chongqing.htm
030ccd84,2014-12-30,metro,as,cn,Dalian,Line 8 Hekou - Lüshunxingang,,NEW LINE!,as/cn/dalian/dalian.htm
96953def,2014-12-30,metro,as,cn,Shenyang,Line 2 Santaizi - Hangkonghangtiandaxue,,,as/cn/shny/shenyang.htm
b9d69f99,2014-12-31,metro,as,cn,Chongqing,Line 6 Lijia - Beibei,,,as/cn/chon/chongqing.htm
dd4ad802,2014-12-31,tram,as,cn,Guangzhou,Haizhu Island Tram Canton Tower - Wanshengwei,,NEW TRAM!,as/cn/guan/guangzhou.htm
48d8c66b,2014-12-31,metro,eu,it,Naples,Line 1 Università - Garibaldi (without intermediate station),,,eu/it/nap/napoli.htm
c4035b3a,2015-01-24,tram,eu,fr,Bordeaux,Line A Mérignac Centre - Le Hallain Rostand (3.6 km),3.6,,eu/fr/bordeaux/bordeaux-tram.htm
3dee0a16,2015-01-24,tram,eu,fr,Bordeaux,Line C Berges du Lac - Parc des Expositions (2.8 km),2.8,,eu/fr/bordeaux/bordeaux-tram.htm
b5b1402c,2015-01-24,tram,eu,fr,Bordeaux,2014:,,,eu/fr/bordeaux/bordeaux-tram.htm
c35761a7,2015-01-26,tram,eu,fr,Bordeaux,Line A Mérignac Centre - Le Hallain Rostand (3.6 km),3.6,,eu/fr/bordeaux/bordeaux-tram.htm
8dff811c,2015-01-26,tram,eu,fr,Bordeaux,Line C Berges du Lac - Parc des Expositions (2.8 km),2.8,,eu/fr/bordeaux/bordeaux-tram.htm
e0245477,2015-01-28,metro,as,cn,Guangzhou,Line 6 Yidelu station,,,as/cn/guan/guangzhou.htm
13a276fd,2015-02-01,metro,eu,ru,Samara,M1 Rossiyskaya - Alabinskaya,,,eu/ru/sam/samara.htm
9efa772e,2015-02-02,metro,as,cn,Hangzhou,Line 4 Pengbu - Jinjiang,,,as/cn/hang/hangzhou.htm
dac498af,2015-02-08,metro,,,Chicago,Green Line Cermak-McCormick Place station,,,
a565d7b9,2015-02-08,s-bahn,,,Sydney,"""South West Rail Link"" Glenfield - Leppington",,,
c6fcc58c,2015-02-14,tram,eu,it,Cagliari,Monserrato-Gottardo - Policlinico,,,eu/it/cagl/cagliari.htm
00adab0d,2015-02-14,tram,eu,pl,Warsaw,Line 11 Bemowo Ratusz - Radiowa,,,eu/pl/war/tram/warszawa-tram.htm
80f402c0,2015-02-28,metro,as,cn,Chongqing,Line 6 Pingchang + Huangmaoping stations,,,as/cn/chon/chongqing.htm
a633e1dc,2015-03-02,metro,,,Tehran,Line 3 Meydan-e Vali-e Asr + Shahrak-e Shariati stations,,,
aff036d2,2015-03-06,s-bahn,eu,es,Valencia,L9 Rosas - Riba-roja de Túria,,,eu/es/val/valencia.htm
c79edd8e,2015-03-08,metro,eu,pl,Warsaw,Line M2 Rondo Daszynskiego - Dworzec Wilenski,,NEW LINE!,eu/pl/war/warszawa.htm
f411ffe3,2015-03-14,metro,as,jp,Hiroshima,Astram Line Shin-Hakushima station,,,as/jp/hiroshima/hiroshima.htm
75914826,2015-03-16,tram,eu,fr,Bordeaux,Line C Bègles Terres Neuves - Lycée V. Havel,,,eu/fr/bordeaux/bordeaux-tram.htm
18b1e9fe,2015-03-20,tram,eu,hu,Budapest,T1 Közvágóhíd - Etele út/Fehérvári út (3 km),3,,eu/hu/budapest/tram/budapest-tram.htm
38aacc9e,2015-03-25,metro,eu,es,Madrid,L9 Mirasierra - Paco de Lucía,,,eu/es/mad/madrid.htm
c3a42257,2015-03-28,metro,as,kr,Seoul,L9 Sinnonhyeon - Sports Complex,,,as/kr/seoul/seoul.htm
3a1eef8f,2015-03-29,metro,as,cn,Hong Kong,Island Line Sai Ying Pun station,,,as/cn/hong/hong-kong.htm
c368d2ac,2015-04-01,s-bahn,eu,pl,Gdansk,Gdansk Glowny - Gdansk Srodmiescie,,,eu/pl/gdan/gdansk.htm
e55fb7be,2015-04-01,metro,as,cn,Nanjing,Line 3 Linchang - Mozhoudonglu,,NEW LINE!,as/cn/nanj/nanjing.htm
dfc94d67,2015-04-02,metro,eu,bg,Sofia,M1 Tsarigradsko Shosse - Sofia Letishte/Airport,,,eu/bg/sofia/sofia.htm
e7a75560,2015-04-06,metro,eu,cz,Prague,Line A Dejvická - Nemocnice Motol,,,eu/cz/praha/praha.htm
3bee0cc0,2015-04-11,tram,eu,fr,Toulouse,T2 Ancely - Aéroport (2.3 km),2.3,,eu/fr/toulouse/toulouse.htm
388eaa85,2015-04-13,tram,,,Dallas,Union Station - Oak Cliff (2.6 km),2.6,NEW LINE!,
e1e2e8cf,2015-04-18,metro,,,Almaty,Alatau - Moskva,,,
fb43a5ed,2015-04-18,tram,eu,be,Antwerpen,Line 8 Astrid - Muggenberglei (Premetro-Tunnel) and Florent Pauwels - Rondpunt Wommelgem,,,eu/be/ant/antwerpen.htm
36d17115,2015-04-19,metro,as,tr,Istanbul,M6 Levent - Bogaziçi Üniversitesi,,NEW LINE!,as/tr/istanbul/istanbul.htm
62d4c110,2015-04-20,metro,eu,it,Milan,Line 5 Garibaldi - San Siro Stadio (not all intermediate stations),,,eu/it/mil/milano.htm
0bd6441f,2015-04-21,metro,eu,it,Rome,Line B1 Conca d'Oro - Jonio,,,eu/it/rom/roma.htm
7954943c,2015-04-23,metro,as,kr,Daegu,Line 3 KNU Medical Center - Yongji (Monorail),,NEW LINE!,as/kr/daegu/daegu.htm
0dfb80e8,2015-04-23,metro,,,Salvador,Line 1 Retiro - Bom Juá,,,
3467c2d1,2015-04-28,metro,as,cn,Wuxi,Line 2 Yingyuehu Park + Yingbin Square stations,,,as/cn/wuxi/wuxi.htm
0231c082,2015-04-29,metro,eu,it,Milan,M5 Garibaldi - San Siro Stadio (not all intermediate stations),,,eu/it/mil/milano.htm
d1bd57ab,2015-04-29,metro,,,Valencia (Venezuela),Line 1 Cedeño - Francisco de Miranda,,,
dc607927,2015-04-30,metro,as,cn,Dalian,Line 2 Dalian Airport - Huiyizhongxin,,NEW LINE!,as/cn/dalian/dalian.htm
e6a88b9e,2015-05-01,metro,as,in,Bengaluru,Green Line Peenya Industry - Nagasandra,,,as/in/banl/bangalore.htm
927c984c,2015-05-05,metro,,,Shiraz,Line 1 Shahed station,,,
3412a8f4,2015-05-08,metro,,,Panamá,L1 El Ingenio station,,,
5aa0c253,2015-05-08,metro,eu,bg,Sofia,M1 Mladost 1 - Business Park Sofia,,,eu/bg/sofia/sofia.htm
86dd977a,2015-05-17,metro,,,Tehran,L3 Shahid Doctor Fatemi station,,,
dccc52a8,2015-05-23,tram,,,Houston,Green & Purple Lines Theater District - Altic / Palm Center TC,,NEW LINES!,
ec830582,2015-05-30,tram,eu,fr,Marseille,T3 Belsunce/Alcazar - Castellane,,NEW LINE!,eu/fr/marseille/marseille.htm
19a610a3,2015-06-02,metro,eu,it,Naples,Line 1 Municipio station,,,eu/it/nap/napoli.htm
4e4f364d,2015-06-03,metro,as,in,Jaipur,Pink Line Mansarovar - Chand Pole,,NEW METRO!,as/in/jaip/jaipur.htm
6f643484,2015-06-06,metro,eu,it,Milan,M5 Portello station,,,eu/it/mil/milano.htm
0618bd93,2015-06-08,metro,as,in,Delhi,Violet Line Mandi House - ITO,,,as/in/delh/delhi.htm
effab4e5,2015-06-14,tram,,,Algiers,T1 Carrefour Café Chergui - Dergana,,,
d41874cc,2015-06-20,metro,eu,it,Milan,M5 Cenisio station,,,eu/it/mil/milano.htm
5555aea4,2015-06-22,tram,eu,fr,Bordeaux,Line B Bougnard - France Alouette,,,eu/fr/bordeaux/bordeaux-tram.htm
4683aab7,2015-06-27,metro,,,Singapore,Sengkang LRT Kupang station,,,
6b207e8c,2015-06-28,metro,as,cn,Hangzhou,Line 4 Xintang station,,,as/cn/hang/hangzhou.htm
9a7a89cc,2015-06-29,metro,,,Chennai,M2 Koyambedu - Alandur,,NEW METRO!,
2f2243a6,2015-06-29,metro,eu,it,Rome,Line C Parco di Centocelle - Lodi,,,eu/it/rom/roma.htm
e4caccaa,2015-06-30,metro,,,Tehran,L3 Abdoladab station,,,
7ae2b251,2015-07-01,s-bahn,eu,fi,Helsinki,"""Ring Rail Line"" Vantaanlaakso - Hiekkaharju",,,eu/fi/helsinki/helsinki.htm
e7cb4fae,2015-07-05,metro,,,Algiers,L1 Hai El Badr - El Harrach Centre,,,
905f17d0,2015-07-06,metro,,,Taipei,L5 Yongning - Dingpu,,,
0235345e,2015-07-13,tram,eu,fr,Grenoble,Line E Saint-Martin-le-Vinoux Hôtel de Ville - Fontanil Cornillon-Palluel (6.5 km),6.5,,eu/fr/grenoble/grenoble-tram.htm
afcc577b,2015-07-14,tram,,,Charlotte,Gold Line CTC/Arena - Hawthorne & 5th,,NEW LINE!,
4bafe3ab,2015-07-25,metro,as,cn,Chengdu,L1 Century City - Guangdu,,,as/cn/chdu/chengdu.htm
1f10555b,2015-07-29,s-bahn,,,Barcelona (Terrassa),S1 Terrassa-Rambla - Terrassa Nacions Unides (4 km),4,,
00455929,2015-08-10,metro,,,São Paulo,Line 15 (Monorail) Vila Prudente - Oratorio,,,
18a371b7,2015-08-15,metro,,,Panamá,Line 1 Los Andes - San Isidro,,,
32a0d0d8,2015-08-16,tram,eu,se,Gothenburg,Lines 1/9 Järntorget - Brunsparken via Stenpiren (1.1 km),1.1,,eu/se/goteborg/goteborg.htm
c6635f44,2015-08-22,tram,,,Phoenix,Sycamore Main Street - Mesa Drive (4.5 km),4.5,,
fd471601,2015-08-24,tram,,,Sacramento,Blue Line Meadowview - Cosumnes River College (6.9 km),6.9,,
b28e138e,2015-08-25,tram,eu,uk,Nottingham,Nottingham Station - Clifton South / Toton Lane (17.5 km),17.5,,eu/uk/nott/nottingham.htm
784e3032,2015-08-27,metro,,,Tabriz,Line 1 El Goli - Ostad Shahriar,,NEW METRO!,
279b1553,2015-08-29,tram,eu,pl,Szczecin,Line 2/8 Basen Górniczy - Turkusowa (4 km),4,,eu/pl/szczn/szczecin.htm
8365ea03,2015-08-31,tram,eu,pl,Cracow,Line 9/11/50 Dworcowa - Dw. Plaszów - Lipska (1.4 km),1.4,,eu/pl/kra/krakow.htm
335ab4b7,2015-08-31,tram,eu,pl,Gdansk,Line 10/12 Siedlce - Bretowo / Migowo (4 km),4,,eu/pl/gdan/gdansk-tram.htm
f16e0179,2015-09-06,metro,as,in,Delhi,Violet Line Badarpur - Escorts Mujesar (14 km),14,,as/in/delh/delhi.htm
b6cfa284,2015-09-06,tram,,,Edmonton,Metro Line Churchill - NAIT (3.3 km),3.3,NEW LINE!,
f9408ab7,2015-09-12,tram,,,Portland,Orange Line PSU - Milwaukie SE Park Ave,,,
c82610c3,2015-09-13,metro,,,New York City,Line 7 Times Square - 34 St-Hudson Yards,,,
9364a7ae,2015-09-16,tram,eu,it,Venezia-Mestre,T1 Mestre Centro - Venezia Piazzale Roma,,,eu/it/venezia/venezia-mestre.htm
37cbc29b,2015-09-20,tram,,,Addis Ababa,Line 1 Menilik II Sq - Kality (16.9 km),16.9,NEW TRAM!,
507b15c3,2015-09-21,metro,eu,ru,Moscow,M7 Zhulebino - Kotel'niki,,,eu/ru/mos/moskva.htm
0ec54a5b,2015-09-22,metro,,,Tehran,M3 Shahid Beheshti - Ghaem (with two intermediate stations),,,
d120ad73,2015-09-24,metro,as,kr,Busan,Line 2 Jeungsan station,,,as/kr/busan/busan.htm
8216f8f7,2015-09-26,metro,eu,it,Milan,M5 Gerusalemme station,,,eu/it/mil/milano.htm
361a7881,2015-09-26,metro,as,cn,Ningbo,Line 2 Lishe International Airport - Qingshuipu,,NEW LINE!,as/cn/ningbo/ningbo.htm
d5d85d53,2015-09-29,tram,as,tr,Konya,Alaaddin - Adliye (4.4 km),4.4,,as/tr/konya/konya.htm
328a99c8,2015-10-07,metro,,,Caracas,Metro Los Teques Ayacucho station,,,
7f29dc87,2015-10-11,metro,eu,it,Milan,M5 Monumentale station,,,eu/it/mil/milano.htm
10506990,2015-10-15,metro,,,Isfahan,L1 Shohada - Qods,,NEW METRO!,
9fbbcc78,2015-10-18,metro,as,cn,Nanjing,Line 3 Shangyuanmen station,,,as/cn/nanj/nanjing.htm
742a1d3c,2015-10-26,metro,as,cn,Chongqing,Line 6 Gaoyikou + Caojiawan stations,,,as/cn/chon/chongqing.htm
340c5b9b,2015-10-30,metro,as,cn,Dalian,Line 1 Yaojia - Fuguojie,,NEW LINE!,as/cn/dalian/dalian.htm
654c560e,2015-10-31,tram,eu,pl,Lodz,Lines 3/10 Augustów - Olechów (4.5 km),4.5,,eu/pl/lodz/lodz.htm
4114559b,2015-10-31,s-bahn,as,kr,Seoul,Gyeongui–Jungang Line Yadang station,,,as/kr/seoul/seoul.htm
1d67c543,2015-11-01,metro,,,Kuala Lumpur,Line 4 Sri Petaling - Kinrara BK5,,,
f2acf977,2015-11-01,metro,,,Kuala Lumpur,Sri Petaling Line (4 Sri Petaling - Kinrara BK5,,,
db460517,2015-11-03,metro,,,Caracas,Line 5 Zona Rental - Bello Monte,,NEW LINE!,
800363ea,2015-11-09,tram,,,Addis Ababa,Line 2 Tor Hailoch - St. Lideta and Stadium - Ayat (14.7 km),14.7,,
b8111ecc,2015-11-09,metro,,,Tehran,M3 Ne'mat Abad station,,,
1564d8d3,2015-11-10,metro,as,in,Delhi,Yellow Line Jahangirpuri - Samaypur Badli,,,as/in/delh/delhi.htm
8add454c,2015-11-13,metro,,,Salvador,Bonocô station,,,
f1055868,2015-11-14,metro,eu,it,Milan,M5 Tre Torri station,,,eu/it/mil/milano.htm
a8d8881c,2015-11-16,metro,as,in,Bangalore,Purple Line Mysore Road – Magadi Road,,,as/in/banl/bangalore.htm
9cc45740,2015-11-24,metro,as,cn,Hangzhou,Line 1 Wenzelu - Xiasha Jiangbin,,,as/cn/hang/hangzhou.htm
4288eb2d,2015-12-06,tram,eu,de,Bielefeld,Line 2 Milse - Altenhagen,,,eu/de/bi/bielefeld.htm
db29c42a,2015-12-06,tram,eu,uk,Birmingham,Snow Hill - Bull Street,,,eu/uk/bir/birmingham.htm
5fa3e20d,2015-12-06,tram,eu,uk,Manchester,Victoria - Exchange Square,,,eu/uk/man/manchester.htm
2bc49460,2015-12-06,metro,as,jp,Sendai,Tozai Line Yagiyama-Dobutsu-Koen - Arai,,NEW LINE!,as/jp/sendai/sendai.htm
a08fdbc8,2015-12-11,tram,eu,de,Freiburg,Line 4 Robert-Koch-Straße - Technische Fakultät (1.5 km),1.5,,eu/de/fr/freiburg.htm
edbc5e6b,2015-12-13,tram,eu,de,Cologne,Line 17 Severinstraße - Schönhauser Straße (2.4 km),2.4,,eu/de/k/koeln.htm
f197f584,2015-12-13,tram,eu,ro,Iasi,Line 9 Podu Ros - Tehnopolis (CUG),,,eu/ro/iasi/iasi.htm
3f9a136b,2015-12-13,s-bahn,eu,fr,Paris,RER E Rosa Parks station,,,eu/fr/paris/paris.htm
bed6c03f,2015-12-16,metro,as,cn,Qingdao,Line 3 Qingdao Beizhan (North Railway Station) - Shuangshan,,NEW METRO!,as/cn/qing/qingdao.htm
81e5b7f9,2015-12-18,metro,,,Buenos Aires,Line H Corrientes - Las Heras (without Santa Fe ),,,
b5a2656e,2015-12-18,s-bahn,eu,es,Madrid,C-1 Valdebebas station,,,eu/es/mad/cercanias.htm
3bdd57b2,2015-12-19,tram,eu,pl,Olsztyn,Line 1 Wysoka Brama - Kanta,,NEW TRAM!,eu/pl/olsztyn/olsztyn.htm
ea7794d7,2015-12-19,metro,as,cn,Shanghai,Line 12 Qufu Road - Qixin Road (22.8 km),22.8,,as/cn/shan/shanghai.htm
f6f2eb0e,2015-12-19,metro,as,cn,Shanghai,Line 13 Changshou Road - Shibo Avenue,,,as/cn/shan/shanghai.htm
a7437486,2015-12-19,metro,as,cn,Shanghai,Line 11 Luoshan Road - Kangxin Highway,,,as/cn/shan/shanghai.htm
d47380ec,2015-12-20,tram,as,jp,Sapporo,Tram loop Nishi-Yon-chome - Susukino (0.4 km),0.4,,as/jp/sapporo/sapporo.htm
7149160b,2015-12-22,metro,,,Salvador,Bom Juá - Pirajá,,,
80e925d4,2015-12-26,metro,as,cn,Beijing,Line 14 Beijing South Railway Station - Jintailu,,,as/cn/beij/beijing.htm
539f87cc,2015-12-26,metro,as,cn,Beijing,Changping Line Nanshao - Changping Xishankou,,,as/cn/beij/beijing.htm
505734e4,2015-12-26,metro,as,cn,Beijing,Line 8 Andelibeijie station + Line 15 Datunlu East station,,,as/cn/beij/beijing.htm
1f011242,2015-12-26,metro,as,cn,Chengdu,Line 4 Intangible Cultural Heritage Park - Wannianchang,,NEW LINE!,as/cn/chdu/chengdu.htm
420d5c35,2015-12-26,metro,as,cn,Nanchang,Line 1 Shuanggang - Yaohu Lake West,,NEW METRO!,as/cn/nanchang/nanchang.htm
2c8229b7,2015-12-27,metro,,,Singapore,Downtown Line Bugis - Bukit Panjang,,,
0742337e,2015-12-28,metro,as,cn,Changsha,Line 2 Wangchengpo - West Meixi Lake (4.6 km),4.6,,as/cn/changsha/changsha.htm
678f92f2,2015-12-28,metro,as,cn,Guangzhou,Guangfo Line Xilang - Yangang,,,as/cn/guan/guangzhou.htm
0856363d,2015-12-28,tram,as,cn,Huai'an,Line 1 Huai'an Gymnasium - South Gate (20 km),20,NEW TRAM!,as/cn/huaian/huaian.htm
a61d04d6,2015-12-28,metro,as,cn,Wuhan,Line 3 Hongtu Boulevard - Zhuanyang Boulevard,,NEW LINE!,as/cn/wuhan/wuhan.htm
f5521541,2015-12-30,tram,eu,it,Palermo,"Lines 1, 2, 3, 4",,NEW TRAM!,eu/it/pal/palermo.htm
167907eb,2016-01-16,tram,eu,hu,Budapest,T19/41 Margit híd - Batthyány tér 2015:,,,eu/hu/budapest/tram/budapest-tram.htm
f92054ed,2016-01-16,tram,eu,pl,Bydgoszcz,Fordonska/Wyscigowa - Loskon (9.3 km),9.3,,eu/pl/bydg/bydgoszcz.htm
fa7d6dfb,2016-01-23,tram,,,Seattle,First Hill Streetcar Capitol Hill - Occidental Mall,,NEW LINE!,
e8b7ffd9,2016-01-28,metro,as,cn,Chongqing,Line 6 Jiangbeicheng station,,,as/cn/chon/chongqing.htm
72ca9b9f,2016-01-29,metro,as,cn,Dalian,Line 1 Fuguojie - Exhibition Center,,,as/cn/dalian/dalian.htm
526146c6,2016-01-30,metro,as,kr,Seoul,Shin Bundang Line Jeongja - Gwanggyo,,,as/kr/seoul/seoul.htm
2f2c076f,2016-02-03,metro,as,kr,Incheon,Airport Maglev Incheon Int'l Airport - Yongyu,,,as/kr/incheon/incheon.htm
f63942aa,2016-02-06,s-bahn,as,tr,Izmir,Izban South Line Cumaovasi - Tepeköy (22 km),22,,as/tr/izmir/izmir.htm
677b4acc,2016-02-06,metro,,,Mashhad,Line 1 Ghadir - Airport,,,
3c2e5b2d,2016-02-10,metro,,,Tehran,M3 Mirzaye Shirazi station,,,
7fb6e79a,2016-02-11,metro,,,Shiraz,Motahari station,,,
9a938cac,2016-02-12,metro,eu,es,Barcelona,L9 Sud Zona Universitària - Aeroport T1 (20 km),20,,eu/es/bcn/barcelona.htm
6656cf9a,2016-02-17,s-bahn,eu,it,Palermo,"Passante Lolli , Guadagna & Maredolce stations",,,eu/it/pal/palermo.htm
c1665f40,2016-02-20,tram,eu,de,Düsseldorf,tram tunnel Wehrhahn - Bilk (3.4 km),3.4,,eu/de/d/duesseldorf.htm
a8fd4332,2016-02-26,tram,eu,at,Linz,Line 3 Doblerholz - Traunerkreuzung,,,eu/at/linz/linz.htm
a99cc08c,2016-02-27,s-bahn,as,kr,Incheon,Suin Line Songdo - Incheon,,,as/kr/incheon/incheon.htm
4a0bd235,2016-02-27,tram,,,"Washington, D.C.",H/Benning Streetcar Union Station - Oklahoma Ave/Benning Rd (3.3 km),3.3,NEW TRAM!,
81acdc33,2016-02-29,metro,,,Singapore,Punggol LRT Sam Kee station,,,
88487e92,2016-03-05,tram,,,Los Angeles,Gold Line Sierra Madre Villa - APU/Citrus College,,,
a5a16a4c,2016-03-05,tram,,,Los Angeles,Gold Line Sierra Madre Villa - APU/Citrus College (18.4 km),18.4,,
5ade5427,2016-03-05,tram,as,cn,Qingdao,Chengyang Wholesale Market - Qianwangtuan (9 km),9,NEW TRAM!,as/cn/qing/qingdao-tram.htm
948a8e4d,2016-03-15,metro,,,Tehran,Line 4 Bimeh station and Mehr Abad Airport branch,,,
ee9ccc8e,2016-03-19,metro,as,cn,Ningbo,Line 1 Donghuan South Road - Xiapu (25.3 km),25.3,,as/cn/ningbo/ningbo.htm
7c863179,2016-03-19,tram,,,Phoenix,Montebello/19th - Dunlap Ave (5.1 km),5.1,,
64120854,2016-03-19,tram,,,Phoenix,Montebello/19th - 19th Ave/ Dunlap (5.1 km),5.1,,
9aab842c,2016-03-19,tram,,,Seattle,Light Rail Westlake - University of Washington (5 km),5,,
9147c803,2016-03-26,metro,as,kr,Incheon,AREX Yeongjong station,,,as/kr/incheon/incheon.htm
c95c0b98,2016-03-31,metro,,,Kuala Lumpur,Ampang Line (4) - Kinrara BK5 - Putra Heights,,,
085e5937,2016-03-31,metro,,,Kuala Lumpur,Sri Petaling Line (4) - Kinrara BK5 - Bandar Puteri,,,
8f17bb59,2016-03-31,tram,,,Medellín,T1 San Antonio - Estación Oriente (4 km),4,NEW TRAM!,
0527efc1,2016-04-03,metro,eu,no,Oslo,Sinsen - Økern,,,eu/no/oslo/oslo.htm
8fc18fb4,2016-04-13,metro,eu,pt,Lisbon,Blue Line Amadora Este - Reboleira,,,eu/pt/lisboa/lisboa.htm
2599cac1,2016-04-18,metro,,,Tehran,Line 1 Shahed - Shahr-e Aftab (5.5 km),5.5,,
f6240843,2016-04-19,metro,,,Baku,M3 Memar Acami - Avtovagzal,,NEW LINE!,
125e23e4,2016-04-22,s-bahn,,,Denver,Line A Union Station - Denver Airport,,NEW LINE!,
e118c11d,2016-04-23,tram,eu,fr,Strasbourg,Line A Lixenbuhl - Graffenstaden (1.8 km),1.8,,eu/fr/strasbourg/strasbourg-tram.htm
e1f6f030,2016-04-26,metro,as,cn,Shanghai,Line 11 Kangxin Highway - Disney Resort,,,as/cn/shan/shanghai.htm
02987005,2016-04-28,metro,as,cn,Hangzhou,Line 2 Qianjiang Century City station,,,as/cn/hang/hangzhou.htm
5aa913c0,2016-04-30,metro,as,in,Bangalore,Purple Line Magadi Road - M.G. Road,,,as/in/banl/bangalore.htm
f68ad89c,2016-04-30,s-bahn,as,kr,Seoul,Gyeongui–Jungang Line Hyochang Park station,,,as/kr/seoul/seoul.htm
c5e167b3,2016-05-06,metro,as,cn,Changsha,Maglev Line Changsha South Railway Station - Huanghua Airport (18.5 km),18.5,NEW LINE!,as/cn/changsha/changsha.htm
0923eed3,2016-05-06,tram,,,Kansas City,Union Station - River Market,,NEW TRAM!,
1b05b9b6,2016-05-13,tram,eu,de,Stuttgart,U12 Wallgraben - Dürrlewang,,,eu/de/s/stuttgart.htm
e448e5bc,2016-05-18,metro,as,cn,Fuzhou,Line 1 Sanchajie - Fuzhou South Railway Station,,NEW METRO!,as/cn/fuzhou/fuzhou.htm
38f9649d,2016-05-20,tram,,,Los Angeles,Expo Line Culver City - Downtown Santa Monica (10.6 km),10.6,,
5530213d,2016-05-27,metro,as,cn,Dongguan,Line 2 Dongguan Railway Station - Humen Railway Station,,NEW METRO!,as/cn/dongguan/dongguan.htm
42124704,2016-05-28,tram,eu,fr,Paris,T6 Robert Wagner - Viroflay Rive-Droite,,,eu/fr/paris/tram/paris-tram.htm
f93b785d,2016-05-30,tram,eu,uk,Birmingham,Bull Street - Grand Central (New Street),,,eu/uk/bir/birmingham.htm
9428a37e,2016-06-05,tram,,,Rio de Janeiro,Parada dos Museus - Santos Dumont,,NEW TRAM!,
9f8dfbc5,2016-06-06,metro,,,Tehran,Line 3 Khajeh Abdollah-e Ansari station,,,
bb53f51f,2016-06-08,tram,as,tr,Antalya,Meydan - EXPO / Havalinami (Airport) (19 km),19,,as/tr/antalya/antalya.htm
da218ab7,2016-06-12,tram,eu,de,Mannheim,Line 4 Lange Rötterstr. - Waldfriedhof / Käfertaler Wald (6.4 km),6.4,,eu/de/ma/mannheim.htm
989e1dc4,2016-06-28,metro,as,cn,Changsha,Line 1 Kaifu District Government - Shangshuangtang,,NEW LINE!,as/cn/changsha/changsha.htm
144998fc,2016-06-28,metro,as,cn,Nanning,Line 1 Nanhu - Nanning East Railway Station,,NEW METRO!,as/cn/nanning/nanning.htm
d02c450f,2016-06-28,metro,as,cn,Shenzhen,Line 11 Futian - Bitou,,NEW LINE!,as/cn/shen/shenzhen.htm
c1263557,2016-06-30,metro,,,Kuala Lumpur,Kelana Jaya Line (5) - Kelana Jaya - Putra Heights,,,
2ee103be,2016-06-30,metro,,,Kuala Lumpur,Sri Petaling Line (4) - Bandar Puteri - Putra Heights,,,
e1d9087d,2016-07-02,tram,eu,fr,Montpellier,Line 4 Louis Blanc - Saint-Denis (1.2 km),1.2,,eu/fr/montpellier/montpellier-tram.htm
60139ec3,2016-07-09,tram,eu,sk,Bratislava,Safarikovo nam. - Jungmanova (2 km),2,,eu/sk/bratislava/bratislava.htm
5a180928,2016-07-12,metro,,,Buenos Aires,Line H Santa Fe station,,,
ea0d82b8,2016-07-20,metro,eu,bg,Sofia,M2 James Bourchier - Vitosha (1.3 km),1.3,,eu/bg/sofia/sofia.htm
3b06b238,2016-07-25,s-bahn,,,Denver,Line B Union Station - Westminster,,,
8c78c1c9,2016-07-30,metro,as,kr,Incheon,Line 2 Oryu-dong - Unyeon,,NEW LINE!,as/kr/incheon/incheon.htm
d23aaeec,2016-07-31,metro,as,cn,Chengdu,Line 3 Chengdu Junqu General Hospital - Taipingyuan,,NEW LINE!,as/cn/chdu/chengdu.htm
8ecde6ae,2016-08-01,metro,,,Rio de Janeiro,Line 4 Ipanema/General Osório - Jardim Oceânico  (Limited Olympic service!),,NEW LINE!,
4cb1709c,2016-08-06,metro,,,Bangkok,Purple Line Tao Poon - Khlong Bang Phai (23 km),23,NEW LINE!,
86d69675,2016-08-06,metro,as,cn,Tianjin,Line 6 Changhong Gongyuan - Nancuiping,,NEW LINE!,as/cn/tian/tianjin.htm
b3157d70,2016-08-08,metro,,,Tehran,Line 3 Sohraverdi station,,,
4768c279,2016-08-15,tram,eu,no,Bergen,Lagunen - Birkelandsskiftet (4.8 km),4.8,,eu/no/bergen/bergen.htm
23953eec,2016-08-19,metro,as,cn,Zhengzhou,Line 2 Liuzhuang - Nansihuan,,NEW LINE!,as/cn/zheng/zhengzhou.htm
1e628201,2016-08-25,metro,eu,ua,Kharkiv,M3 Oleksiivska - Peremoha,,,eu/ua/kha/kharkov.htm
ef351b15,2016-08-26,tram,as,tr,Samsun,Gar - Balikci,,,as/tr/samsun/samsun.htm
0dab75fa,2016-08-28,metro,eu,fr,Shiraz,Avini station [X] 27 Aug 2016 -- Laon -- Poma peoplemover closed down,,,eu/fr/laon/laon.htm
e4f34812,2016-09-08,metro,as,kr,Daegu,Line 1 Daegok - Seolhwa-Myeonggok,,,as/kr/daegu/daegu.htm
c44a7f6e,2016-09-09,tram,,,Cincinnati,The Banks - Brewery District,,NEW TRAM!,
bcb483e5,2016-09-10,tram,eu,at,Linz,Line 3 Trauner Kreuzung - Schloss Traun,,,eu/at/linz/linz.htm
2102e341,2016-09-10,s-bahn,eu,ru,Moscow,"Line 14 ""Moscow Central Ring""",,,eu/ru/mos/moskva.htm
405dbf27,2016-09-12,s-bahn,eu,es,Barcelona/Sabadell,FGC S2 Can Feu | Gràcia (ex Sabadell Estació) - Sabadell Plaça Major,,,eu/es/bcn/barcelona.htm
8820d98f,2016-09-12,s-bahn,eu,es,Donostia | San Sebastián,Herrera - Altza,,,eu/es/doss/donostia.htm
e922dae4,2016-09-14,metro,,,Tehran,Line 3 Shahid Ghoddoosi station,,,
9da8fccf,2016-09-16,metro,eu,ru,Moscow,Line 10 Mar'ina Roshcha - Petrovsko-Razumovskaya,,,eu/ru/mos/moskva.htm
068e3091,2016-09-21,metro,as,in,Chennai,Blue Line Little Mount - Chennai International Airport,,NEW LINE!,as/in/chen/chennai.htm
e29e40f1,2016-09-24,tram,,,Seattle,SeaTac/Airport - Angle Lake,,,
5c1bfea0,2016-09-24,s-bahn,as,kr,Seoul,Gyeonggang Line Pangyo - Yeoju (55 km),55,,as/kr/seoul/seoul.htm
19f8fa66,2016-09-24,metro,as,cn,Suzhou,Line 2 Suzhou North Railway Station - Qihe and Baodaiqiao South - Sangtian Dao,,,as/cn/suzh/suzhou.htm
1e6e4f1e,2016-10-02,tram,,,New Orleans,Canal Street & Rampart - Elysian Fields Avenue (2.2 km),2.2,,
9f1c5873,2016-10-04,s-bahn,,,Brisbane,Petrie - Kippa-Ring (Redcliffe Peninsula Line),,,
fc41f22b,2016-10-10,metro,as,tr,Istanbul,M4 Kartal - Tavsantepe (4.5 km),4.5,,as/tr/istanbul/istanbul.htm
19f66c63,2016-10-10,tram,as,tr,Samsun,Balikci - Tekkeköy,,,as/tr/samsun/samsun.htm
0387c318,2016-10-14,metro,as,in,Chennai,Green Line Alandur - St. Thomas Mount (1.3 km),1.3,,as/in/chen/chennai.htm
fe9f347e,2016-10-23,metro,as,cn,Hong Kong,Kwun Tong Line Yau Ma Tei - Whampoa (3 km),3,,as/cn/hong/hong-kong.htm
28967ff6,2016-10-24,tram,,,Dallas,Blue Line Ledbetter - UNT Dallas (4.1 km),4.1,,
bc4876de,2016-10-28,metro,as,cn,Shenzhen,Line 9 Hongshuwan South - Wenjin (25.3 km),25.3,NEW LINE!,as/cn/shen/shenzhen.htm
d938d1fa,2016-10-28,metro,as,cn,Shenzhen,Line 7 Xili Lake - Tai'an (30.3 km),30.3,NEW LINE!,as/cn/shen/shenzhen.htm
53cfe7a8,2016-11-02,metro,,,Isfahan,Line 1 Shohada - Takhti (0.8 km),0.8,,
e3685e31,2016-11-02,metro,,,Isfahan,"+ Baharestan , Golestan and Shahid Chamran stations",,,
aa7dacf8,2016-11-06,tram,eu,be,Ghent,Line 21 Gestichtstraat - Zwijnaarde Bibliotheek (2 km),2,,eu/be/gent/gent.htm
e38f9573,2016-11-07,metro,,,Tehran,Line 3 Shahid Sayyad-e Shirazi station,,,
0c6ff5df,2016-11-08,metro,as,cn,Xi'an,Line 3 Yuhuazhai - Baoshuiqu (39 km),39,NEW LINE!,as/cn/xian/xian.htm
5f1597aa,2016-11-17,tram,eu,ua,Lviv,Line 8 Akademiya Mistetstv - Kinoteatr im. Dozhenka (3.9 km),3.9,,eu/ua/lviv/lviv.htm
7461416f,2016-12-02,metro,,,Vancouver,ML Lougheed Town Centre - Lafarge Lake-Douglas (11 km),11,,
c6089354,2016-12-05,metro,,,Salvador,Line 2 Acesso Norte - Rodoviária (2.3 km),2.3,NEW LINE!,
ae76cfcc,2016-12-11,tram,eu,de,Mainz,Hauptbahnhof West - Lerchenberg/Hindemithstr. (9.2 km),9.2,,eu/de/mz/mainz.htm
0431534c,2016-12-11,tram,eu,de,Munich,Line 25 Max-Weber-Platz - Berg am Laim Bf. (2.8 km),2.8,,eu/de/m/tram/muenchen-tram.htm
3d17d3b9,2016-12-11,tram,eu,de,Nuremberg,Line 4 Thon - Am Wegfeld (2.4 km),2.4,,eu/de/n/tram/nuernberg-tram.htm
b1eec7d6,2016-12-12,metro,,,Tehran,Line 3 Hossein Abad station,,,
e00f515a,2016-12-16,metro,,,Kuala Lumpur,Line 9 Sungai Buloh - Semantan (21 km),21,NEW LINE!,
f0761d65,2016-12-17,tram,eu,fr,Bordeaux,Line C Cracovie - Gare de Blanquefort (7.2 km),7.2,,eu/fr/bordeaux/bordeaux-tram.htm
3bb15e98,2016-12-18,metro,as,cn,Qingdao,Line 3 Shuangshan - Qingdao Zhan (12.8 km),12.8,,as/cn/qing/qingdao.htm
350d3656,2016-12-20,metro,eu,it,Catania,Galatea - Stesicoro (1.9 km),1.9,,eu/it/cat/catania.htm
abd57fd5,2016-12-26,metro,as,cn,Hefei,Line 1 Hefei Railway Station - Jiulianwei (24.6 km),24.6,NEW METRO!,as/cn/hefei/hefei.htm
7ea267d2,2016-12-26,metro,as,cn,Kunming,Line 1 Chunrong Street - Kunming South Railway Station (4.7 km),4.7,,as/cn/kunming/kunming.htm
4bd22992,2016-12-28,metro,as,cn,Chongqing,Line 3 Bijin - Jurenba,,,as/cn/chon/chongqing.htm
df2a034f,2016-12-28,metro,as,cn,Guangzhou,Line 6 Changban - Xiangxue & Line 7 Guangzhou South Railway Station - Higher Education Mega Center South,,NEW LINE!,as/cn/guan/guangzhou.htm
0039c6eb,2016-12-28,metro,as,cn,Guangzhou/Foshan,GF Line Kuiqi Lu - Xinchengdong,,,as/cn/guan/guangzhou.htm
cd7e2c6e,2016-12-28,metro,as,cn,Hong Kong,South Island Line Admiralty - South Horizons (7 km),7,NEW LINE!,as/cn/hong/hong-kong.htm
6b5363e5,2016-12-28,metro,as,cn,Nanning,Line 1 Nanhu - Shibu (20.9 km),20.9,,as/cn/nanning/nanning.htm
15d10e5b,2016-12-28,metro,as,cn,Wuhan,Line 2 Jinyintan - Tianhe Int'l Airport & Line 6 Jinyinhu Park - Dongfeng Motor Corporation,,NEW LINE!,as/cn/wuhan/wuhan.htm
e85231ec,2016-12-31,metro,as,cn,Beijing,Line 16 Beianhe - Xiyuan,,NEW LINE!,as/cn/beij/beijing.htm
700706bf,2016-12-31,metro,as,cn,Tianjin,Line 6 Changhong Gongyuan - South Sunzhuang,,,as/cn/tian/tianjin.htm
72163266,2017-01-01,metro,,,New York City,Q Line 57th St/7th Av - Lexington Av/63rd - 96th (Second Avenue Subway; 4.4 km)) 2016:,,,
815106e9,2017-01-05,metro,as,tr,Ankara,M4,,,as/tr/ankara/ankara.htm
7831c69a,2017-01-05,metro,as,tr,Ankara,M4 Atatürk Kültür Merkezi - Sehitler-Gazino,,NEW LINE!,as/tr/ankara/ankara.htm
241269b8,2017-01-06,metro,as,cn,Fuzhou,Line 1 Sanchajie - Xiangfeng (15.1 km),15.1,,as/cn/fuzhou/fuzhou.htm
11707f22,2017-01-11,tram,,,Houston,Green Line Altic - Magnolia Park (1.8 km),1.8,,
afc36383,2017-01-12,metro,as,cn,Zhengzhou,Line 1 Xiliuhu - Henan University of Technology and Zhengzhou Sports Center - New Campus of Henan University (15.7 km),15.7,,as/cn/zheng/zhengzhou.htm
ec3b5636,2017-01-12,metro,as,cn,Zhengzhou,Suburban Line (Line 2 South) Nansihuan - Xinzheng International Airport (42 km),42,,as/cn/zheng/zhengzhou.htm
ecd4d3b9,2017-01-18,metro,as,cn,Nanjing,Line 4,,,as/cn/nanj/nanjing.htm
92514d54,2017-01-18,metro,as,cn,Nanjing,Line 4 Longjiang - Xianlinhu (33.8 km),33.8,NEW LINE!,as/cn/nanj/nanjing.htm
9656dbe6,2017-01-20,metro,as,cn,Fuzhou,Line 1 Sanchajie - Xiangfeng,,,as/cn/fuzhou/fuzhou.htm
d9d15c72,2017-01-26,metro,as,cn,Harbin,Line 3 Yidaeryuan - Harbinxizhan (4 km),4,NEW LINE!,as/cn/harbin/harbin.htm
85123bec,2017-01-31,tram,,,Santos,Bernardino - Porto and Mascarenhas de Moraes - Barreiros,,,
ddca9c82,2017-02-04,metro,as,ir,Tehran,Line 3 Heravi station,,,as/ir/tehr/tehran.htm
f2c7795f,2017-02-06,tram,,,Rio de Janeiro,VLT Saara - Praça XV,,,
93ae4d0e,2017-02-20,metro,,,Mashhad,Line 2 Shohada - Kashfrood,,NEW LINE!,
8da56946,2017-02-24,tram,,,Denver,Line R Nine Mile - Peoria (16.8 km),16.8,NEW LINE!,
7265ab0e,2017-02-26,tram,eu,uk,Manchester,Exchange Square - St. Peter's Square (0.7 km),0.7,,eu/uk/man/manchester.htm
70742b2e,2017-02-27,tram,eu,pl,Warsaw,Line 2 Mehoffera - Nowodwory (1.3 km),1.3,,eu/pl/war/tram/warszawa-tram.htm
6fce747a,2017-03-02,metro,,,Taipei / Taoyuan,Airport MRT Taipei Main Station - Taoyuan International Airport - Huanbei,,NEW LINE!,
9a3e6065,2017-03-16,metro,eu,ru,Moscow,Line 8A Park Pobedy - Ramenki,,,eu/ru/mos/moskva.htm
5ea3b317,2017-03-17,s-bahn,,,Santiago de Chile,Metrotrén Nos Alameda - Nos,,,
d2bcfb30,2017-03-25,metro,,,San Francisco,BART Fremont - Warm Springs/South Fremont,,,
ded72ae9,2017-03-31,metro,eu,ro,Bucharest,M4 Parc Bazilescu - Straulesti (2.1 km),2.1,,eu/ro/buc/bucurest.htm
6e4f1cf6,2017-03-31,metro,eu,it,Catania,Borgo - Nesima (3.1 km),3.1,,eu/it/cat/catania.htm
da4560b9,2017-03-31,metro,as,in,Delhi/Gurgaon,Sikanderpur - Sector 55-56 (7 km),7,,as/in/delhi/delhi.htm
7156c458,2017-04-03,metro,,,Bangkok,Sukhumvit Line Bearing (E14) - Samrong (E15),,,
d1889346,2017-04-08,metro,eu,es,Bilbao,Line 3 Matiko - Kukullaga (5.9 km),5.9,NEW LINE!,eu/es/bilbao/bilbao.htm
2f02001a,2017-04-11,tram,as,tr,Izmir,Karsiyaka Tram Mavisehir - Alaybey (8.8 km),8.8,NEW TRAM!,as/tr/izmir/izmir.htm
49e2857c,2017-04-15,tram,eu,ua,L'viv,Line 8 Kinoteatr im. Dovzhenka - Vernads'kogo (1.5 km),1.5,,eu/ua/lviv/lviv.htm
1965ccdc,2017-04-15,tram,as,uz,Samarkand,Line 1 Temir Yo'l Vokzali - Sartepa Massivi (6.4 km),6.4,NEW TRAM!,as/uz/samarkand/samarkand.htm
90fb80e8,2017-04-15,metro,as,cn,Suzhou,Line 4 Longdaobang - Tongli (42 km),42,,as/cn/suzh/suzhou.htm
b6f059ca,2017-04-15,metro,as,cn,Suzhou,branch Hongzhuang - Muli (10.8 km),10.8,NEW LINE!,as/cn/suzh/suzhou.htm
2e8345fb,2017-04-20,metro,as,kr,Busan,Line 1 Sinpyeong - Dadaepo Beach (8 km),8,,as/kr/busan/busan.htm
8ef417eb,2017-04-20,metro,as,ir,Shiraz,Line 1 Namazi - Zandiyeh (without intermediate stations),,,as/ir/shir/shiraz.htm
33fb258d,2017-04-22,tram,eu,no,Bergen,Birkelandsskiftet - Bergen lufthavn Flesland (2.2 km),2.2,,eu/no/bergen/bergen.htm
af8aa768,2017-04-23,s-bahn,,,Perth,Aubin Grove station,,,
0d85bbe6,2017-04-29,tram,eu,fr,Strasbourg,Line D Aristide Briand - Kehl Bahnhof,,,eu/fr/strasbourg/strasbourg-tram.htm
9c1fa623,2017-05-12,tram,,,Detroit,QLine Congress Street - Grand Blvd (5.3 km),5.3,NEW TRAM!,
50336459,2017-05-14,metro,as,in,Chennai,Green Line Koyambedu - Nehru Park (8 km),8,,as/in/chen/chennai.htm
3a113f14,2017-05-15,metro,,,Fortaleza,Linha Sul Juscelino Kubitschek station,,,
1c92e541,2017-05-22,metro,eu,de,Nuremberg,U3 Friedrich-Ebert-Platz - Nordwestring (1.2 km),1.2,,eu/de/n/nuernberg.htm
cd92752c,2017-05-23,metro,,,Salvador,Line 2 Rodoviária - Pituaçu (6.0 km),6.0,,
bf107d2b,2017-05-28,metro,as,in,Delhi,Violet Line ITO - Kashmere Gate (5.2 km),5.2,,as/in/delhi/delhi.htm
cfb05eea,2017-06-01,metro,as,cn,Dalian,L1 Huananbei station,,,as/cn/dalian/dalian.htm
c033d63a,2017-06-02,metro,as,cn,Chengdu,Line 4 Intangible Cultural Heritage Park - Wansheng and Wannianchang - Xihe (21 km),21,,as/cn/chdu/chengdu.htm
ec71715d,2017-06-03,tram,eu,be,Antwerpen,Line 6 Kinepolis - P+R Luchtbal (2 km),2,,eu/be/ant/antwerpen.htm
b44ee7a2,2017-06-03,tram,eu,be,Antwerpen,and Line 8 & 10 Astrid - ramp - Stadspark (0.8 km),0.8,,eu/be/ant/antwerpen.htm
43594d06,2017-06-07,metro,as,cn,Dalian,L1 Convention & Exhibition Center - Hekou (9.1 km),9.1,,as/cn/dalian/dalian.htm
9e7606d0,2017-06-07,metro,as,cn,Dalian,L2 Huiyizhongxin - Haizhiyun (3.8 km),3.8,,as/cn/dalian/dalian.htm
0566e1f1,2017-06-07,metro,as,cn,Dalian,L12 Hekou - Caidaling (2.1 km),2.1,,as/cn/dalian/dalian.htm
0e997c23,2017-06-10,metro,as,ir,Tehran,Line 7 Meydan-e San'at- Basij (22 km - 7 stations),22,NEW LINE!,as/ir/tehr/tehran.htm
1192c47d,2017-06-13,tram,as,cn,Zhuhai,Shangchong - Haitian Garden (8.9 km ),8.9,NEW TRAM!,as/cn/zhuhai/zhuhai.htm
8bf224f3,2017-06-17,metro,as,in,Kochi,Line 1 Aluva – Palarivattom (13 km),13,NEW METRO!,as/in/kochi/kochi.htm
b49bbce0,2017-06-18,metro,as,in,Bangalore,Green Line Sampige Road - Yelachenahalli (10.5 km),10.5,,as/in/banl/bangalore.htm
82f5a3c3,2017-06-18,metro,,,Singapore,EW Line Joo Koon - Tuas Link (7.5 km),7.5,,
3347fd79,2017-06-27,metro,as,cn,Shijiazhuang,Line 1 Xiwang - Xiaohedadao (23.9 km),23.9,,as/cn/shijiazhuang/shijiazhuang.htm
1c405187,2017-06-27,metro,as,cn,Shijiazhuang,and Line 3 Shierzhong - Shijiazhuang (6.4 km),6.4,NEW METRO!,as/cn/shijiazhuang/shijiazhuang.htm
d1e400f6,2017-06-30,metro,as,cn,Changchun,Line 1 Beihuan - Hongzuzi (16.3 km),16.3,,as/cn/chan/changchun.htm
682ad189,2017-07-01,tram,eu,fr,Paris,T11 Epinay-sur-Seine - Le Bourget (10.6 km),10.6,NEW LINE!,eu/fr/paris/tram/paris-tram.htm
243b9901,2017-07-03,metro,as,cn,Hangzhou,Line 2 Qianjianglu - Gucuilu (11.5 km),11.5,,as/cn/hang/hangzhou.htm
29c25511,2017-07-10,s-bahn,eu,se,Stockholm,"""Citybanan"" Stockholm Södra - Solna/Sundbybergs centrum",,,eu/se/stockholm/stockhlm.htm
96a4a589,2017-07-17,metro,,,Kuala Lumpur,Line 9 Semantan - Kajang (30 km),30,,
9c08f439,2017-07-20,s-bahn,eu,es,Barcelona/Sabadell,S2 Sabadell Pl. Major - Sabadell Parc del Nord,,,eu/es/bcn/barcelona.htm
564b1338,2017-07-20,metro,as,ir,Isfahan,Line 1 Takhti - Azadi,,,as/ir/isfa/isfahan.htm
4df87500,2017-07-25,tram,,,Sidi Bel Abbès,T1 Gare - Gare Routière Sud (14.5 km),14.5,NEW TRAM!,
d1bdfe0d,2017-07-28,tram,as,cn,Wuhan,T1 Chelun Square - Deshenggang (16.8 km),16.8,NEW TRAM!,as/cn/wuhan/wuhan.htm
382a1b68,2017-08-05,tram,eu,be,Antwerpen,Line 7 Klapdorp - Eilandje MAS,,,eu/be/ant/antwerpen.htm
07a02ee9,2017-08-07,metro,as,ir,Tehran,Line 8 Shahr-e Aftab - Imam Khomini International Airport (26.2 km),26.2,,as/ir/tehr/tehran.htm
b1239fb9,2017-08-11,metro,,,Bangkok,Blue Line Bang Sue - Tao Poon,,,
5d3bb22e,2017-08-18,metro,as,cn,Nanchang,Line 2 Metro Central - Nanlu (19.6 km),19.6,NEW LINE!,as/cn/nanchang/nanchang.htm
270f03af,2017-08-18,metro,as,ir,Shiraz,Line 1 Vali-e Asr - Shahid Dastgheyb,,,as/ir/shir/shiraz.htm
861c760b,2017-08-29,metro,as,cn,Kunming,Line 3 Western Hills Park - East Coach Station (23.4 km),23.4,NEW LINE!,as/cn/kunming/kunming.htm
1d719173,2017-08-29,metro,as,cn,Kunming,and Line 6 (full operation),,,as/cn/kunming/kunming.htm
ac6dfcd2,2017-09-01,tram,eu,ee,Tallinn,Line 4 Ülemiste - Lennujaam (Airport),,,eu/ee/tallinn/tallinn.htm
ff3eb90e,2017-09-02,metro,as,kr,Seoul,Ui LRT Sinseol-dong - Bukhansan Ui (11.4 km),11.4,NEW LINE!,as/kr/seoul/seoul.htm
d64ea9cd,2017-09-02,metro,eu,at,Vienna,U1 Reumannplatz - Oberlaa (4.6 km),4.6,,eu/at/vienna/wien.htm
dc2b6736,2017-09-06,metro,as,cn,Chengdu,Line 10 Taipingyuan - Airport Terminal 2 (10.9 km),10.9,NEW LINE!,as/cn/chdu/chengdu.htm
f93860ee,2017-09-06,metro,as,in,Lucknow,Charbagh - Transport Nagar (8.5 km),8.5,NEW METRO!,as/in/lucknow/lucknow.htm
27c75bd0,2017-09-06,metro,,,São Paulo,L5 Adolfo Pinheiro - Brooklin (2.8 km),2.8,,
26ac9cc5,2017-09-11,metro,,,Salvador,Line 2 Pituaçu - Mussurunga (7.5 km),7.5,,
78e1290f,2017-09-16,tram,eu,be,Antwerpen,Line 10 Zegel - ramp - Hof ter Lo,,,eu/be/ant/antwerpen.htm
bb3d3967,2017-09-21,tram,eu,es,Granada,Albolote - Armilla (15.9 km),15.9,NEW TRAM!,eu/es/granada/granada.htm
2b872b92,2017-09-26,tram,,,Kaohsiung,Circle Line Dayi Pier-2 - Hamasen (1.1 km),1.1,,
0d0afa1c,2017-10-02,tram,eu,se,Stockholm,"L22 ""Tvärbana"" Sickla udde - Sickla (0.6 km)",0.6,,eu/se/stockholm/stockhlm.htm
7730b821,2017-10-03,metro,as,in,Kochi,Line 1 Palarivattom - Maharaja’s College (5 km),5,,as/in/kochi/kochi.htm
392d9337,2017-10-07,tram,eu,de,Bochum,Unterstraße - S Langendreer (2.5 km),2.5,,eu/de/bo/bochum.htm
4af47577,2017-10-16,metro,,,Tbilisi,Vazha Pshavela - State University (1 km),1,,
a6048525,2017-10-21,tram,,,Rio de Janeiro,VLT Line 2 Saara - Gamboa/Pereira Reis (1.9 km),1.9,,
801838a4,2017-10-21,metro,,,Singapore,DTL Chinatown - Expo (21 km),21,,
15814a1a,2017-10-21,metro,,,Singapore,[NEW BOOK] 20 Oct 2017: TRAM ATLAS POLAND,,,
de3ff979,2017-10-28,tram,as,cn,Shenzhen,Longhua Tram (11.3 km),11.3,NEW TRAM!,as/cn/shen/shenzhen.htm
7734c64e,2017-10-31,tram,as,cn,Nanjing,Qilin Tram Maqun - Shiyang Road (9 km),9,NEW LINE!,as/cn/nanj/nanjing.htm
0a921f02,2017-11-02,metro,,,Santiago de Chile,L6 Cerrillos - Los Leones (15.3 km),15.3,NEW LINE!,
b3e08d4b,2017-11-18,metro,eu,fi,Helsinki,Ruoholahti - Matinkylä (14 km),14,,eu/fi/helsinki/helsinki.htm
f4099b54,2017-11-28,metro,as,in,Hyderabad,Line 1 Miyapur - Ameerpet (13 km),13,,as/in/hydr/hyderabad.htm
c020295e,2017-11-28,metro,as,in,Hyderabad,Line 3 Ameerpet - Nagole (17 km),17,NEW METRO!,as/in/hydr/hyderabad.htm
ddd5886c,2017-11-28,metro,as,in,Hyderabad,"[NEW BOOK] 27 Nov 2017: Berliner U-Bahn-Linien: U2 - Die ""City-Linie"" über Zoo und Alex",,,as/in/hydr/hyderabad.htm
acf28c5c,2017-12-06,metro,as,cn,Chengdu,Circular Line 7 Chengdu North Railway Station - Chengdu South Railway Station (38.6 km),38.6,NEW LINE!,as/cn/chdu/chengdu.htm
0a99e5b6,2017-12-06,metro,as,cn,Nanjing,S3 Nanjing South Railway Station - Gaojiachong,,NEW LINE!,as/cn/nanj/nanjing.htm
46e38974,2017-12-06,metro,as,cn,Nanjing,"S3 Nanjing South Railway Station - Gaojiachong  [NEW BOOK] 27 Nov 2017: Berliner U-Bahn-Linien: U2 - Die ""City-Linie"" über Zoo und Alex [NEW BOOK] 20 Oct 2017: TRAM ATLAS POLAND",,NEW LINE!,as/cn/nanj/nanjing.htm
7fd201a2,2017-12-09,tram,eu,ie,Dublin,Green Line St. Stephen's Green - Broombridge (6 km),6,,eu/ie/dublin/dublin.htm
feb3d28e,2017-12-10,tram,eu,ch,Basel,Line 3 Burgfelderhof - Gare de St. Louis (2.7 km),2.7,,eu/ch/bs/basel.htm
3b90ff19,2017-12-10,tram,eu,de,Chemnitz,Line 3 Stadlerplatz - Technopark (1.5 km),1.5,,eu/de/c/chemnitz.htm
6b97e50a,2017-12-10,tram,eu,at,Innsbruck,Line 3 Höttinger Au/West - Technik West & Peerhofsiedlung (3 km),3,,eu/at/innsbruck/innsbruck.htm
c19c5fc9,2017-12-10,tram,eu,lu,Luxembourg,T1 Luxexpo - Pafendall-Rout Bréck (3.5 km),3.5,NEW TRAM!,eu/lu/luxembourg.htm
c5da0812,2017-12-10,tram,eu,de,Potsdam,Line 96 Viereckremise - Campus Jungfernsee (1 km),1,,eu/de/p/potsdam.htm
0fcf3d9e,2017-12-10,metro,as,cn,Qingdao,Line 2 Zhiquanlu - Licun Gongyuan (21.2 km),21.2,NEW LINE!,as/cn/qing/qingdao.htm
f4b1a33a,2017-12-10,tram,eu,de,Stuttgart,U12 Hallschlag - Wagrainäcker (1.2 km),1.2,,eu/de/s/stuttgart.htm
d9a763f7,2017-12-10,tram,eu,ch,Zürich,Line 8 Hardplatz - Schiffbau (0.7 km),0.7,,eu/ch/zh/zuerich.htm
9b56cce8,2017-12-11,tram,eu,ru,Yekaterinburg,Lines 2 & 18 Pl. Kommunarov - Krasnouralskaya (-VIZ) (2 km),2,,eu/ru/yekatarin/yekaterinburg-tram.htm
542fe393,2017-12-15,metro,as,tr,Istanbul,M5 Üsküdar - Yamanevler (10.5 km),10.5,NEW LINE!,as/tr/istanbul/istanbul.htm
f998b143,2017-12-17,tram,,,Gold Coast,Gold Coast University Hospital - Helensvale (7.3 km),7.3,,
cef9d271,2017-12-17,metro,,,Toronto,Line 1 Sheppard West - Vaughan Metropolitan Centre (8.6 km),8.6,,
dffacf17,2017-12-21,tram,eu,dk,Aarhus,L2 Aarhus H - Aarhus Universitetshospitalet (6.5 km),6.5,NEW TRAM!,eu/dk/aarhus/aarhus.htm
d747601c,2017-12-25,metro,as,in,Delhi,Magenta Line Kalkaji Mandir - Botanical Garden (12.6 km),12.6,NEW LINE!,as/in/delhi/delhi.htm
af12b489,2017-12-26,metro,as,cn,Hefei,Line 2 Nangang - Sanshibu (30 km),30,NEW LINE!,as/cn/hefei/hefei.htm
cdca6b93,2017-12-26,metro,as,cn,Wuhan,Line 8 Jintan Road - Liyuan (16.7 km),16.7,NEW LINE!,as/cn/wuhan/wuhan.htm
195433fa,2017-12-26,metro,as,cn,Wuhan,Line 1 Dongwu Boulevard - Jinghe (3.6 km),3.6,,as/cn/wuhan/wuhan.htm
6aede000,2017-12-26,s-bahn,as,cn,Wuhan,Yangluo Line Houhu Boulevard - Jintai (35 km),35,NEW LINE!,as/cn/wuhan/wuhan.htm
758769b0,2017-12-27,metro,as,cn,Hangzhou,Line 2 Gucuilu - Liangzhu (13.3 km),13.3,,as/cn/hang/hangzhou.htm
3875495a,2017-12-28,metro,as,cn,Chongqing,Line 5 The Expo Garden Center - Dalongshan (17 km),17,NEW LINE!,as/cn/chon/chongqing.htm
340a6066,2017-12-28,metro,as,cn,Chongqing,Line 10 Wangjiazhuang - Liyuchi (34 km),34,NEW LINE!,as/cn/chon/chongqing.htm
76aa87a3,2017-12-28,metro,as,cn,Guangzhou,Line 9 Gaozeng - Fei'eling (20.1 km),20.1,NEW LINE!,as/cn/guan/guangzhou.htm
7fdcadd4,2017-12-28,metro,as,cn,Guangzhou,Line 4 Jinzhou - Nansha Passenger Port (12.6 km),12.6,,as/cn/guan/guangzhou.htm
df3425d9,2017-12-28,metro,as,cn,Guangzhou,Line 13 Yuzhu - Xinsha (27 km),27,NEW LINE!,as/cn/guan/guangzhou.htm
245af43f,2017-12-28,s-bahn,as,cn,Guangzhou,Line 14 Xinhe - Zhenlong (21.9 km),21.9,NEW LINE!,as/cn/guan/guangzhou.htm
1b788344,2017-12-28,metro,as,cn,Guiyang,Line 1 Xiamaixi - Guiyang North Railway Station (12.9 km),12.9,NEW METRO!,as/cn/guiyang/guiyang.htm
fb23bbf0,2017-12-28,metro,as,cn,Nanning,Line 2 Xijin - Yudong (21 km),21,NEW LINE!,as/cn/nanning/nanning.htm
c9fdad87,2017-12-30,tram,as,cn,Beijing,Western Suburban Line (8.6 km),8.6,NEW TRAM!,as/cn/beij/beijing.htm
afce9093,2017-12-30,metro,as,cn,Beijing,Mentougou Line (Maglev) Pingguoyuan - Shimenying (9.8 km),9.8,NEW LINE!,as/cn/beij/beijing.htm
bc42d7cd,2017-12-30,metro,as,cn,Beijing,Fangshan & Yanfang Line Suzhuang - Yanshan (1.0 + 13.4 km),,,as/cn/beij/beijing.htm
ca52f00e,2017-12-30,metro,as,cn,Beijing,Mentougou Line (Maglev) Jin'anqiao - Shimenying (9 km),9,NEW LINE!,as/cn/beij/beijing.htm
a4d55ae6,2017-12-30,s-bahn,as,cn,Nanjing,S9 Xiangyulunan - Gaochun (51.7 km),51.7,NEW LINE!,as/cn/nanj/nanjing.htm
c287c886,2017-12-30,metro,as,cn,Shanghai,Line 9 Middle Yanggao Rd - Cao Road Huochezhan,,,as/cn/shan/shanghai.htm
899764fc,2017-12-30,s-bahn,as,cn,Shanghai,Line 17 Hongqiao Railway Station - Oriental Land,,NEW LINE!,as/cn/shan/shanghai.htm
5a8e663d,2017-12-30,metro,as,cn,Shanghai,Line 9 Middle Yanggao Rd - Caolu (12.1 km),12.1,,as/cn/shan/shanghai.htm
168de1b7,2017-12-31,metro,eu,ru,Moscow,Line 2 Rechnoy Vokzal - Khovrino (without Belomorskaya ),,,eu/ru/mos/moskva.htm
1eb22df2,2017-12-31,metro,as,cn,Xiamen,Line 1 Yannei - Zhenhai Road (30.3 km),30.3,NEW METRO!,as/cn/xiamen/xiamen.htm
c05e4bd6,2018-01-07,tram,eu,de,Düsseldorf,Line 701 Rath - Am Hülserhof (1.8 km),1.8,,eu/de/d/duesseldorf.htm
140ed1a4,2018-01-07,tram,eu,de,Düsseldorf,2017:,,,eu/de/d/duesseldorf.htm
7c7eb48d,2018-01-09,metro,as,cn,Hangzhou,Line 4 Jinjiang - Puyan (11.1 km),11.1,,as/cn/hang/hangzhou.htm
d292c5f0,2018-01-23,metro,,,São Paulo,Line 4 Higienópolis-Mackenzie station,,,
95d4d015,2018-02-26,metro,eu,ru,Moscow,Line 11 Delovoy Tsentr - Petrovskiy Park (10.5 km),10.5,NEW LINE!,eu/ru/mos/moskva.htm
b198bd54,2018-03-02,metro,,,São Paulo,Line 5 Brooklin - Eucaliptos (2.9 km),2.9,,
8dd8e02f,2018-03-14,metro,as,in,Delhi,Line 7 (Pink Line) Majlis Park – Durgabai Deshmukh South Campus (21.6 km),21.6,NEW LINE!,as/in/delhi/delhi.htm
8fe90cfe,2018-03-16,light-rail,,,Charlotte,Blue Line 7th Street - UNC Charlotte Main (14.9 km),14.9,,
3326d8cc,2018-03-18,metro,as,cn,Chengdu,Line 1 Shengxian Lake - Weijianian; Guangdu - Wugensong; Sihe - Science City (17 km),17,,as/cn/chdu/chengdu.htm
cb107a48,2018-03-18,tram,as,uz,Samarkand,Line 2 Temir Yo'l Vokzali - Siab Bazaar (5 km),5,,as/uz/samarkand/samarkand.htm
749d1e46,2018-03-20,tram,,,Ouargla,T1 Hai Nasr - Cité Administrative (9.8 km),9.8,NEW TRAM!,
697ca70d,2018-03-22,metro,eu,ru,Moscow,Line 10 Petrovsko-Razumovskaya - Seligerskaya (4.2 km),4.2,,eu/ru/mos/moskva.htm
7df82726,2018-03-24,tram,as,tr,Izmir,Konak Tram Halkapinar - Fahrettin Altay (12.8 km),12.8,,as/tr/izmir/izmir.htm
1b417652,2018-03-31,metro,as,cn,Shanghai,APM Pujiang Line Shendu Highway - Huizhen Road (6.7 km),6.7,NEW LINE!,as/cn/shan/shanghai.htm
5ee8c5ad,2018-03-31,s-bahn,,,São Paulo,Line 13 Engenheiro Goulart - Aeroporto Guarulhos (12.2 km),12.2,,
731dd47f,2018-03-31,s-bahn,,,São Paulo,- limited service,,,
d850db29,2018-04-01,light-rail,as,cn,Wuhan,Optics Valley Tram L1 Huazhong University - Fozuling and L2 Tangxunhu City Railway Station - Optics Valley Botanical Garden (30 km),30,,as/cn/wuhan/wuhan.htm
cc558983,2018-04-04,metro,,,São Paulo,Line 4 Oscar Freire station,,,
563d9dc7,2018-04-05,metro,,,São Paulo,Line 5 Eucaliptos - Moema (1 km),1,,
3626249d,2018-04-06,metro,,,São Paulo,Line 15 Oratório - Vila União,,,
03a9fd64,2018-04-08,metro,as,cn,Shenyang,Line 2 Hangkonghangtiandaxue - Putianlu (4.9 km),4.9,,as/cn/shny/shenyang.htm
c9b7e10e,2018-04-10,metro,,,Algier,Tafourah (Grande Poste) - Place des Martyrs (without intermediate station) & Haï El Badr - Ain Naadja,,,
d9c780a6,2018-04-23,s-bahn,as,cn,Qingdao,Line 11 Miaoling Lu - Qiangu Mountain (54.6 km),54.6,,as/cn/qing/qingdao.htm
d94cd4a9,2018-04-24,tram,eu,pt,Lisbon,Line 24 Praça Luis Camoes - Campolide (2.7 km - reopened!),2.7,,eu/pt/lisboa/tram/lisboa-tram.htm
a910844f,2018-04-26,metro,as,cn,Guangzhou,Line 3 Airport South - Airport North (1.2 km),1.2,,as/cn/guan/guangzhou.htm
a56a4383,2018-04-26,metro,,,Salvador,Line 2 Mussurunga - Aeroporto (3.5 km),3.5,,
3cb587ae,2018-04-26,metro,as,cn,Tianjin,Line 6 Nancuiping - Meilinlu (19 km),19,,as/cn/tian/tianjin.htm
40d3b8e2,2018-04-28,tram,as,cn,Suzhou,SND Tram 1 Longkang Road - Xiyang Mountain (7.6 km),7.6,,as/cn/suzh/suzhou.htm
10acf964,2018-05-01,s-bahn,,,Kuala Lumpur,Line 10 Subang Jaya - Terminal Skypark (limited service),,,
730c304e,2018-05-07,metro,as,ir,Mashhad,Line 2 Shohada - Shariati (2 km),2,,as/ir/mash/mashhad.htm
35c26519,2018-05-08,tram,,,Sétif,Berchi Abid / Oucissa Laid - 11 Déc 1960 (14.7 km),14.7,NEW TRAM!,
179200d6,2018-05-12,metro,eu,it,Rome,Line C Lodi - San Giovanni (0.6 km),0.6,,eu/it/rom/roma.htm
244547cd,2018-05-17,metro,,,Buenos Aires,Line H Las Heras - Julieta Lanteri-Facultad de Derecho (0.8 km),0.8,,
eb70496a,2018-05-25,metro,as,in,Chennai,Green Line Nehru Park - Central (2.6 km),2.6,,as/in/chen/chennai.htm
ea4b7d6e,2018-05-25,metro,as,in,Chennai,Blue Line Little Mount – AG-DMS (4.8 km),4.8,,as/in/chen/chennai.htm
50b21eb6,2018-05-26,s-bahn,as,cn,Nanjing,S1/ S7 Lukou International Airport - Wuxiangshan (31.8 km),31.8,,as/cn/nanj/nanjing.htm
76726a0a,2018-05-26,metro,eu,ru,St. Petersburg,M3 Primorskaya - Begovaya (~5 km),5,,eu/ru/pet/petersburg.htm
22842d63,2018-05-29,metro,as,in,Delhi,Magenta Line Janakpuri West – Kalkaji Mandir (24.8 km),24.8,,as/in/delhi/delhi.htm
bd60096a,2018-06-13,metro,eu,ru,Nizhniy Novgorod,Moskovskaya - Strelka (2.5 km),2.5,,eu/ru/niz/nizhniy-novgorod.htm
658587d7,2018-06-16,s-bahn,as,kr,Seoul,Seohae Line Sosa - Wonsi (22.0 km),22.0,NEW LINE!,as/kr/seoul/seoul.htm
93604660,2018-06-24,metro,as,in,Delhi,Line 5 Mundka - Bahadurgarh City Park (11.2 km),11.2,,as/in/delhi/delhi.htm
6f34cf63,2018-06-28,metro,as,cn,Dalian,Line 2 Airport - Xinzhaizi,,,as/cn/dalian/dalian.htm
d908a606,2018-06-30,tram,eu,fr,Nice,T2 CADAM - Magnan (7 km),7,,eu/fr/nice/nice-tram.htm
3c6f5af6,2018-07-10,metro,as,ir,Isfahan,Line 1 Azadi - Soffeh; + Imam Hossein & Enghelab stations,,,as/ir/isfa/isfahan.htm
c961d78e,2018-07-12,metro,,,Abuja,Airport - Abuja Station (26.7 km),26.7,NEW METRO!,
f0ac53f7,2018-07-16,tram,eu,it,Firenze,T1 Alamanni-Stazione - Careggi-Ospedale,,,eu/it/fir/firenze.htm
b69ebcd2,2018-07-22,metro,eu,nl,Amsterdam,M52 Noord - Station Zuid,,NEW LINE!,eu/nl/ams/amsterdam.htm
e5a9b4bb,2018-07-22,metro,eu,nl,Amsterdam,M52 Noord - Zuid (9.8 km ),9.8,NEW LINE!,eu/nl/ams/amsterdam.htm
abd9adf0,2018-07-27,tram,eu,lu,Luxembourg,T1 Pafendall-Rout Bréck - Stäreplaz/Place de l'Étoile (1.6 km),1.6,,eu/lu/luxembourg.htm
e7940f93,2018-08-01,metro,as,id,Palembang,LRT Bandara (Airport) - OPI (22.5 km),22.5,NEW METRO!,as/id/palem/palembang.htm
443d31cc,2018-08-01,metro,as,id,Palembang,(limited service),,,as/id/palem/palembang.htm
c3d11244,2018-08-06,metro,as,in,Delhi,Line 7 Durgabai Deshmukh South Campus - Lajpat Nagar (8.1 km),8.1,,as/in/delhi/delhi.htm
3cc9e19e,2018-08-09,metro,,,Santo Domingo,Line 2 Eduardo Brito - Concepción Bona (3.6 km),3.6,,
2cecb157,2018-08-25,tram,eu,dk,Aarhus,L2 Aarhus Universitetshospitalet - Lisbjergskolen (3.5 km),3.5,,eu/dk/aarhus/aarhus.htm
4315bc86,2018-08-25,tram,eu,dk,Aarhus,"Aarhus H - Odder (27 km, tram-train)",27,,eu/dk/aarhus/aarhus.htm
b9deedf3,2018-08-26,s-bahn,,,Melbourne,South Morang - Mernda (8 km),8,,
6c102043,2018-08-27,light-rail,eu,de,Cologne,Line 3 Ollenhauerring - Görlinger-Zentrum (0.6 km),0.6,,eu/de/k/koeln.htm
99bc4d26,2018-08-30,metro,as,cn,Changchun,Line 2 Shuangfeng - Dongfang Square (20.5 km),20.5,NEW LINE!,as/cn/chan/changchun.htm
fc6dcd90,2018-08-30,metro,eu,ru,Kazan',Line 1 Pros. Pobedy - Dubravnaya (1 km),1,,eu/ru/kaz/kazan.htm
a8069913,2018-08-30,metro,eu,ru,Moscow,Line 8A (Solntsevskaya) Ramenki - Rasskazovka (14 km),14,,eu/ru/mos/moskva.htm
60335958,2018-08-31,tram,as,cn,Suzhou,SND Tram 2 Longkang Road - Suzhou New District Railway Station / Wenchang Road,,,as/cn/suzh/suzhou.htm
1c5561ba,2018-08-31,metro,,,São Paulo,Line 5 Moema - AACD-Servidor,,,
bef398db,2018-09-01,tram,eu,be,Brussels,Line 9 Miroir - Arbre Ballon (3.2 km),3.2,,eu/be/brux/brussels-tram.htm
169da945,2018-09-01,tram,eu,at,Gmunden,Franz-Josef-Platz - Klosterplatz ( - Vorchdorf-Eggenberg > Tram-train),,,eu/at/gmunden/gmunden.htm
aa1432c5,2018-09-03,tram,eu,se,Stockholm,Line 7 Kungsträdgarden - T-Centralen (0.4 km),0.4,,eu/se/stockholm/tram/stockholm-tram.htm
b323170f,2018-09-08,metro,eu,es,Barcelona,Line 10 Sud Can Trias | Gornal - Foc (including intermediate station Foneria ) (2.4 km),2.4,,eu/es/bcn/barcelona.htm
34799ddc,2018-09-08,tram,eu,it,Milan,Line 15 Viale Romagna (Rozzano) - Rozzano Via Guido Ross a (1.6 km),1.6,,eu/it/mil/tram/milano-tram.htm
198cc050,2018-09-15,tram,eu,be,Antwerpen,Line 70 Eilandje MAS - Kinepolis (2.9 km),2.9,,eu/be/ant/antwerpen.htm
967f640f,2018-09-24,metro,as,in,Hyderabad,Red Line Ameerpet - LB Nagar (17.3 km),17.3,,as/in/hydr/hyderabad.htm
44699042,2018-09-28,metro,,,São Paulo,Line 5 AACD Servidor - Chácara Klabin (3 km),3,,
d6651a63,2018-09-29,tram,eu,be,Brussels,Line 8 (ex 94) Musée du Tram - <M> Roodebeek (2 km),2,,eu/be/brux/brussels-tram.htm
e5777697,2018-10-01,metro,as,cn,Wuhan,Line 7 Garden Expo North - Yezhihu (30.9 km),30.9,,as/cn/wuhan/wuhan.htm
784673f5,2018-10-01,metro,as,cn,Wuhan,Line 11 Optics Valley Railway Station - Zuoling (19.7 km),19.7,NEW LINES!,as/cn/wuhan/wuhan.htm
8dc4a56e,2018-10-13,tram,,,Adelaide,Rundle Mall - Botanic Gardens / Festival Plaza,,,
255fda25,2018-10-21,metro,as,tr,Istanbul,M5 Yamanevler - Çekmeköy-Sancaktepe (9.5 km),9.5,,as/tr/istanbul/istanbul.htm
cd140be4,2018-10-22,metro,as,cn,Tianjin,Line 5 Danhebeidao - Zhongyiyifuyuan (~30 km),30,NEW LINE!,as/cn/tian/tianjin.htm
cf7c7c34,2018-10-25,tram,eu,uk,Sheffield,Tram-train Meadowhall South - Rotherham Parkgate (5.6 km),5.6,,eu/uk/sheff/sheffield.htm
ba705ace,2018-10-25,metro,as,cn,Ürümqi,Line 1 Balou – Ürümqi International Airport (16.6 km),16.6,NEW METRO!,as/cn/urumqi/urumqi.htm
3d5066c0,2018-10-27,metro,,,São Paulo,Line 4 Butantã - São Paulo-Morumbi (2.5 km),2.5,,
323268c1,2018-10-30,light-rail,as,cn,Changchun,Line 8 North Huancheng Road - Guangtong Road (13.3 km),13.3,NEW LINE!,as/cn/chan/changchun.htm
bd75a593,2018-10-31,metro,as,in,Delhi,Pink Line Shiv Vihar - Trilokpuri-Sanjay Lake (17.8 km),17.8,,as/in/delhi/delhi.htm
b11b36dc,2018-11-02,tram,,,Milwaukee,Milwaukee Intermodal Station - Burns Commons,,NEW TRAM!,
f1d49661,2018-11-09,tram,,,El Paso,Streetcar loops (7.7 km),7.7,NEW TRAM!,
4b4b08c9,2018-11-16,tram,,,St. Louis,Loop Trolley MHM/Forest Park - University City Library (3.5 km),3.5,NEW TRAM!,
8ff3eaac,2018-11-16,tram,,,St. Louis,(limited service),,,
dcfcbbb4,2018-11-19,metro,as,in,Delhi,Violet Line Escorts Mujesar - Ballabhgarh (3.2 km),3.2,,as/in/delhi/delhi.htm
2ec54688,2018-11-23,light-rail,,,Guadalajara,L1 Periférico Norte - Auditorio (1 km),1,,
fe210163,2018-11-23,tram,eu,fr,Strasbourg/Kehl,Line D Kehl Bahnhof - Kehl Rathaus (1.2 km),1.2,,eu/fr/strasbourg/strasbourg-tram.htm
dfcf7c7f,2018-11-24,tram,eu,fr,Paris,T3b Porte de la Chapelle – Porte d'Asnières (4.3 km),4.3,,eu/fr/paris/tram/paris-tram.htm
0222bf61,2018-12-01,metro,as,cn,Guiyang,Line 1 Guiyang North Railway Station - Xiaomeng Industrial Park (22.3 km),22.3,,as/cn/guiyang/guiyang.htm
fe51197c,2018-12-01,metro,as,kr,Seoul,Line 9 Sports Complex - VHS Medical Center (10 km),10,,as/kr/seoul/seoul.htm
d6aa01d4,2018-12-03,metro,as,cn,Tianjin,Line 1 Shuanglin (now underground) - Lilou,,,as/cn/tian/tianjin.htm
05cb3e17,2018-12-06,metro,,,Bangkok,BTS Sukhumvit Line Samrong - Kheha (10 km),10,,
2a176061,2018-12-07,metro,eu,de,Hamburg,U4 Hafencity Universität - Elbbrücken (1.3 km),1.3,,eu/de/hh/hamburg.htm
871c6732,2018-12-09,tram,eu,de,Heidelberg,Lines 22/26 Gadamerplatz - Montpellierbrücke (1 km),1,,eu/de/hd/heidelberg.htm
fe752cc5,2018-12-09,tram,eu,de,Ulm,Line 2 Kuhberg Schulzentrum - Etlinger Tor and Theater - Science Park II (8.8 km),8.8,,eu/de/ul/ulm.htm
f4ee5c50,2018-12-14,tram,,,Oklahoma City,Loop Line (8 km),8,NEW TRAM!,
09ff344d,2018-12-15,tram,eu,fr,Nice,Line 2 Grand Arénas (Pôle Intermodal) - Aéroport T2 (1.7 km),1.7,,eu/fr/nice/nice-tram.htm
1cc1b52e,2018-12-20,metro,eu,ru,Moscow,Line 2 Belomorskaya station,,,eu/ru/mos/moskva.htm
a8788ff4,2018-12-24,metro,as,cn,Chongqing,Line 5 Dalongshan - Dashiba,,,as/cn/chon/chongqing.htm
575b8490,2018-12-24,light-rail,,,New Taipei,Danhai LRT Hongshulin – Kanding (7.3 km),7.3,NEW TRAM!,
eb833bcc,2018-12-26,metro,as,cn,Chengdu,Line 3 Chengdu Junqu General Hospital - Chengdu Medical College (12.7 km),12.7,,as/cn/chdu/chengdu.htm
ab4e1110,2018-12-26,metro,as,cn,Chengdu,Taipingyuan - Shuangliu West Station (17.4 km),17.4,,as/cn/chdu/chengdu.htm
9853bbaa,2018-12-26,tram,as,cn,Chengdu,T2 Chenguang – Hexin Road (13.5 km),13.5,NEW TRAM!,as/cn/chdu/chengdu.htm
d0b196c1,2018-12-26,s-bahn,as,cn,Qingdao,Line 13 Jinggangshan Road - Dongjiakou Railway Station (66.8 km),66.8,,as/cn/qing/qingdao.htm
823c153f,2018-12-26,tram,as,cn,Shanghai,Songjiang Tram T2 Canghua Road - Zhongchen Road (13.9 km),13.9,NEW TRAM!,as/cn/shan/shanghai.htm
6f2a0139,2018-12-26,metro,as,cn,Xi'an,Line 4 Xi'an North Railway Station - Hangtian Xincheng (35.2 km),35.2,NEW LINE!,as/cn/xian/xian.htm
7b814a5a,2018-12-28,metro,as,cn,Chongqing,Loop Line Chongqing Library - Haixialu via North Railway Station ( 34.3 km ),,NEW LINE!,as/cn/chon/chongqing.htm
c992c211,2018-12-28,metro,as,cn,Chongqing,Line 4 North Station - Tangjiatuo (15.6 km),15.6,NEW LINE!,as/cn/chon/chongqing.htm
94fc1da1,2018-12-28,metro,as,cn,Guangzhou,GuangFo Line Yangang - Lijiao,,,as/cn/guan/guangzhou.htm
4fbf7aea,2018-12-28,s-bahn,as,cn,Guangzhou,Line 14 Jiahewanggang - Dongfeng (53.9 km),53.9,,as/cn/guan/guangzhou.htm
f33e5a60,2018-12-28,s-bahn,as,cn,Guangzhou,Line 21 Zhenlongxi - Zengcheng Square (25.2 km),25.2,,as/cn/guan/guangzhou.htm
c57c2cd6,2018-12-28,metro,as,cn,Wuhan,Line 7 Yezhi Lake - Qinglongshan Ditiexiaozhen (17 km),17,,as/cn/wuhan/wuhan.htm
8a728990,2018-12-30,metro,as,cn,Beijing,Line 6 Haidian Wuluju - Jin'anqiao (10.6 km),10.6,,as/cn/beij/beijing.htm
aba975e4,2018-12-30,metro,as,cn,Beijing,Line 8 Zhushikou - Yinghai (10.3 km),10.3,,as/cn/beij/beijing.htm
1d459596,2018-12-30,metro,as,cn,Beijing,& Nanluoguxiang - National Art Museum,,,as/cn/beij/beijing.htm
1dbdd9c4,2018-12-30,metro,eu,ru,Moscow,L8A/11 Petrovsiky Park - Savyolovskaya (1.8 km),1.8,,eu/ru/mos/moskva.htm
ecda45a5,2018-12-30,metro,as,cn,Shanghai,Line 5 Dongchuan Road - Fengxian Xincheng (16.4 km),16.4,,as/cn/shan/shanghai.htm
bc53fb97,2018-12-30,metro,as,cn,Shanghai,Line 13 Shibo Avenue - Zhangjiang Road (16 km),16,,as/cn/shan/shanghai.htm
9aeb9bc0,2018-12-31,metro,as,in,Delhi,Pink Line Lajpat Nagar - Mayur Vihar Pocket-1 (9.7 km),9.7,,as/in/delhi/delhi.htm
a8338d95,2019-01-01,tram,as,cn,Sanya,Sanya Railway Station - Jiefang Road (3.9 km),3.9,NEW TRAM!,as/cn/sanya/sanya.htm
97bd4e1a,2019-01-01,tram,as,cn,Sanya,(limited service!) 2018:,,,as/cn/sanya/sanya.htm
4ff44cec,2019-01-11,metro,as,cn,Chongqing,Line 4 North Station - Min'andadao (+ Loop station),,,as/cn/chon/chongqing.htm
731916b9,2019-01-22,metro,,,Santiago,L3 Los Libertadores - Fdo. Castillo Velasco (20 km),20,NEW LINE!,
2689b2f3,2019-01-23,s-bahn,as,cn,Wenzhou,S1 Tongling - Olympic Center (34.4 km),34.4,NEW METRO!,as/cn/wenzhou/wenzhou.htm
7eb19a82,2019-01-24,tram,,,Casablanca,T2 Anoual - Sidi Bernoussi and T1 Facultés - Lissasfa (16.5 km),16.5,,
3336cba9,2019-01-25,metro,as,in,Delhi/Noida,Aqua Line Sector 51 - Depot Station (29.7 km),29.7,NEW LINE!,as/in/delhi/delhi.htm
a4942411,2019-01-26,tram,eu,at,Innsbruck,Lines 2/5 Leipziger Platz - Josef-Kerschbaumer-Straße & Terminal Marktplatz - Klinik/Uni (3.5 km),3.5,,eu/at/innsbruck/innsbruck.htm
2f1825e9,2019-01-31,metro,as,cn,Tianjin,Line 5 Danhebeidao - Beichenkejiyuanbei (2 km),2,,as/cn/tian/tianjin.htm
32c5fe35,2019-02-02,tram,eu,fr,Bordeaux,Line C Vaclav Havel – Villenave Pyrénées (1.4 km),1.4,,eu/fr/bordeaux/bordeaux-tram.htm
cb1dd7cc,2019-02-10,metro,as,in,Chennai,Blue Line AG-DMS - Washermanpet (9.7 km),9.7,,as/in/chen/chennai.htm
1f3a4025,2019-02-11,tram,eu,it,Firenze,T2 Unità - Peretola Aeroporto (5 km),5,,eu/it/fir/firenze.htm
8b98fc89,2019-02-11,tram,as,tr,Izmit,SekaPark - Plajyolu (2.2 km),2.2,,as/tr/izmit/izmit.htm
fa8a738e,2019-02-12,tram,eu,it,Firenze,T2 Unità - Peretola Aeroporto,,,eu/it/fir/firenze.htm
92760a67,2019-02-17,tram,,,Newcastle (NSW),Newcastle Interchange - Pacific Park (2.6 km),2.6,NEW TRAM!,
cad5f88c,2019-02-17,tram,,,Newcastle (NSW),Newcastle Interchange - Newcastle Beach (2.6 km),2.6,NEW TRAM!,
aaec6497,2019-02-19,metro,as,cn,Wuhan,Line 2 Optics Valley Square - Fozuling (13.4 km),13.4,,as/cn/wuhan/wuhan.htm
b7259892,2019-03-02,metro,eu,es,Barcelona,L10S Provençana station,,,eu/es/bcn/barcelona.htm
1cf937fa,2019-03-03,metro,as,in,Mumbai,Monorail Wadala Depot - Jacob Circle (10.7 km),10.7,,as/in/mumb/mumbai.htm
b8d6a3d2,2019-03-04,metro,as,in,Ahmedabad,Line 1 Vastral Gam - Apparel Park (6.5 km),6.5,NEW METRO!,as/in/ahmedabad/ahmedabad.htm
d2212b0c,2019-03-08,metro,as,in,Delhi,Blue Line Noida City Centre - Noida Electronic City (6.6 km),6.6,,as/in/delhi/delhi.htm
87975588,2019-03-08,metro,as,in,Delhi,Red Line Dilshad Garden-New Bus Adda (9.4 km),9.4,,as/in/delhi/delhi.htm
9c2e2139,2019-03-08,metro,as,in,Lucknow,Transport Nagar - Chaudhary Charan Singh Int'l Airport (2.6 km),2.6,,as/in/lucknow/lucknow.htm
d758d265,2019-03-08,metro,as,in,Lucknow,and Charbagh - Munshipulia (12.6 km),12.6,,as/in/lucknow/lucknow.htm
1d4ba367,2019-03-08,metro,as,in,Nagpur,Sitabuldi - Khapri (13.5 km - limited service),13.5,NEW METRO!,as/in/nagpur/nagpur.htm
4d90b5a4,2019-03-10,tram,as,tr,Eskisehir,Açelya - Sehir Hastanesi (3 km),3,,as/tr/eskisehir/eskisehir.htm
0a37e9fa,2019-03-12,s-bahn,as,tr,Istanbul,Marmaray Gebze - Halkali (76.6 km),76.6,,as/tr/istanbul/istanbul.htm
9c65fe6f,2019-03-12,s-bahn,as,tr,Istanbul,reopening,,,as/tr/istanbul/istanbul.htm
7a463429,2019-03-16,tram,eu,de,Freiburg,Reiterstraße - Siegesdenkmal (1.9 km),1.9,,eu/de/fr/freiburg.htm
cf53d8aa,2019-03-16,tram,eu,de,Freiburg,Heinrich-von-Stephan-Str. - Europaplatz (1.9 km),1.9,,eu/de/fr/freiburg.htm
88b27d34,2019-03-20,metro,as,in,Hyderabad,Blue Line Ameerpet - Hitec City (10 km),10,,as/in/hydr/hyderabad.htm
64437e17,2019-03-23,metro,eu,es,Madrid,Line 7 Arroyofresno station,,,eu/es/mad/madrid.htm
ea69fe22,2019-03-24,metro,as,id,Jakarta,MRT Bunderan HI - Lebak Bulus (15.7 km),15.7,NEW METRO!,as/id/jaka/jakarta.htm
ec158dfd,2019-04-01,s-bahn,as,cn,Jinan,Fangte - Gongyanyuan (26.2 km),26.2,NEW METRO!,as/cn/jinan/jinan.htm
a7bd8d91,2019-04-07,metro,as,ir,Tehran,Line 6 Shohada Square - Dowlat Abad (9 km),9,NEW LINE!,as/ir/tehr/tehran.htm
4266e300,2019-04-10,metro,as,cn,Harbin,Line 1 Harbin South Railway Station - Xinjiang Street,,,as/cn/harbin/harbin.htm
f5d94430,2019-04-20,tram,,,Canberra,Gungahlin Place - Alinga Street (12 km),12,NEW TRAM!,
7543a7f7,2019-04-25,metro,,,Panamá,Line 2 San Miguelito - Nuevo Tocumen (22 km),22,NEW LINE!,
b6cc6b64,2019-04-26,s-bahn,,,Denver,Line G Union Station - Wheat Ridge-Ward (11.5 km),11.5,,
bef6ce89,2019-04-26,metro,as,cn,Fuzhou,Line 2 Suyang - Yangli (30 km),30,NEW LINE!,as/cn/fuzhou/fuzhou.htm
9cb54eb9,2019-04-30,tram,eu,dk,Aarhus,Aarhus H - Grenaa & Lisbjerg - Lystrup,,,eu/dk/aarhus/aarhus.htm
3ba88182,2019-05-07,light-rail,,,Mendoza,Las Heras - Panquehua (Avellaneda) (5.1 km),5.1,,
494d7710,2019-05-08,metro,,,Doha,Red Line Al Qassar - Al Wakra,,NEW METRO!,
900495a1,2019-05-17,tram,,,Denver,Lincoln Station - RidgeGate (3.7 km),3.7,,
ac952b31,2019-05-18,tram,,,Phoenix,Mesa Drive - Gilbert Rd/Main St (3 km),3,,
52db9e8b,2019-05-19,light-rail,eu,nl,Den Haag (The Hague),Line 4 Javalaan - Lansingerland-Zoetermeer (2 km),2,,eu/nl/dhg/den-haag.htm
144f54e2,2019-05-20,metro,as,cn,Zhengzhou,Line 5 Circle Line (40 km),40,NEW LINE!,as/cn/zheng/zhengzhou.htm
2760dec0,2019-05-25,metro,as,cn,Shenyang,Line 9 Nujianggongyuan - Jianzhudaxue (29 km),29,NEW LINE!,as/cn/shny/shenyang.htm
b19401fa,2019-05-26,metro,as,cn,Changsha,Line 4 Guanziling - Dujiaping (33.5 km),33.5,NEW LINE!,as/cn/changsha/changsha.htm
ba59e240,2019-05-26,metro,,,Sydney,NW Metro Chatswood - Tallawong (36 km),36,NEW METRO!,
f2acfd8a,2019-06-03,metro,,,Buenos Aires,Line E Bolívar - Retiro (2 km),2,,
f077ac59,2019-06-03,tram,,,Constantine,T1 Zouaghi Slimane - Chahid Kadri Brahim (6.9 km),6.9,,
2367206f,2019-06-03,metro,eu,ru,Moscow,Line 15 Kosino - Nekrasovka (5.3 km),5.3,NEW LINE!,eu/ru/mos/moskva.htm
eab02895,2019-06-06,metro,as,cn,Nanning,Line 3 Keyuan Dadao - Pingliang Overpass (27.9 km),27.9,NEW LINE!,as/cn/nanning/nanning.htm
356fec85,2019-06-11,metro,as,id,Jakarta,LRT Velodrome - Kelapa Gading Mall (5.8 km),5.8,NEW LINE!,as/id/jaka/jakarta.htm
5486192c,2019-06-15,metro,,,Cairo,Line 3 Al Ahram - El Shams Club (4 km),4,,
eb3d19a8,2019-06-17,tram,eu,fr,Strasbourg,Line E Boecklin - Robertsau L'Escale (1.6 km),1.6,,eu/fr/strasbourg/strasbourg-tram.htm
3d9f63ec,2019-06-20,metro,eu,ru,Moscow,Line 1 Salaryevo - Kommunarka (~8.5 km),8.5,,eu/ru/mos/moskva.htm
ab092a49,2019-06-21,tram,,,Kitchener/Waterloo,Conestoga - Fairway (19 km),19,NEW TRAM!,
daa41510,2019-06-22,tram,eu,pl,Wroclaw,Line 16 Pulaskiego/Kosciuszki - Hubska/Prudnicka (0.9 km),0.9,,eu/pl/wroc/wroclaw.htm
9fa7e9b4,2019-06-23,metro,as,cn,Lanzhou,Line 1 Chenguanying - Donggang (26.8 km),26.8,NEW METRO!,as/cn/lanzhou/lanzhou.htm
7df04b8d,2019-06-24,metro,as,cn,Hangzhou,Line 5 Liangmu Road - Shanxian (16.2 km),16.2,NEW LINE!,as/cn/hang/hangzhou.htm
a2a4b5e0,2019-06-26,metro,as,cn,Shijiazhuang,Line 1 Xiaohedadao - Fuze (10.4 km),10.4,,as/cn/shijiazhuang/shijiazhuang.htm
40904b47,2019-06-28,tram,eu,fr,Nice,Line 2 Magnan - Jean Médecin (2 km),2,,eu/fr/nice/nice-tram.htm
e7a6de90,2019-06-28,metro,as,cn,Ürümqi,Line 1 Balou - Santunbei (10.7 km),10.7,,as/cn/urumqi/urumqi.htm
3ca188fc,2019-06-30,metro,as,cn,Nanchang,Line 2 Metro Central - Xinjia'an (11.9 km),11.9,,as/cn/nanchang/nanchang.htm
b8f395d9,2019-06-30,metro,as,cn,Ningbo,Line 3 Datong Bridge - Gaotang Bridge (16.7 km),16.7,NEW LINE!,as/cn/ningbo/ningbo.htm
6a4a874f,2019-07-05,tram,eu,rs,Belgrade,Lines 11/13 Hipodrom/Gosp. Mehana - ZS Novi Beograd (via Ada Bridge; 3.3 km),,,eu/rs/beograd/beograd.htm
4c3255e4,2019-07-05,tram,as,tr,Samsun,OMÜ Rektörlük (ex Üniversite) - Yurtlar (6 km),6,,as/tr/samsun/samsun.htm
9619a26f,2019-07-09,tram,eu,hu,Budapest,Line 1 Etele út/Fehérvári út - Kelenföld vasútállomás (1.5 km),1.5,,eu/hu/budapest/tram/budapest-tram.htm
d2e1a191,2019-07-27,tram,eu,fr,Caen,Lines T1-T3 rebuilt tram (16.4 km),16.4,,eu/fr/caen/caen-tram.htm
f9d3f1d6,2019-07-27,metro,as,ir,Mashhad,Line 2 Shariati - Shahid Kaveh,,,as/ir/mash/mashhad.htm
4fc71ca5,2019-08-09,metro,,,Bangkok,BTS Sukhumvit Line Mo Chit - Ha Yaek Lat Phrao (1.4 km),1.4,,
c3d7983e,2019-08-10,tram,as,cn,Shanghai,Songjiang Tram T2 Full circle (12.7 km),12.7,,as/cn/shan/shanghai.htm
495bb04d,2019-08-11,light-rail,as,tr,Antalya,T3 Atatürk - Varsak (13 km),13,,as/tr/antalya/antalya.htm
a03665e4,2019-08-12,metro,,,Bangkok,MRT Blue Line Hua Lamphong - Lak Song (13.9km),13.9,,
f653255d,2019-08-26,metro,,,São Paulo,Line 15 Vila União - Jardim Planalto,,,
9e8cd477,2019-09-01,tram,eu,ru,St. Petersburg,Line 59 Pros. Nastavnikov - Ul. Elektropul'tovchev,,,eu/ru/pet/petersburg.htm
f3204f43,2019-09-02,tram,eu,ch,Zürich,Line 2 Farbhof - Schlieren Geisswand (2.9 km),2.9,,eu/ch/zh/zuerich.htm
b50ff4a6,2019-09-04,metro,as,in,Kochi,Maharaja’s College - Thykoodam (5.5 km),5.5,,as/in/kochi/kochi.htm
b6e996d9,2019-09-14,light-rail,,,Ottawa,Confederation Line Blair - Tunney’s Pasture (12.5 km),12.5,,
49ab76a0,2019-09-14,light-rail,,,Ottawa,NEW LIGHT RAIL!,,,
9d7aa5a9,2019-09-15,metro,eu,pl,Warsaw,M2 Dw. Wilenski - Trocka (3.1 km),3.1,,eu/pl/war/warszawa.htm
32ceb38d,2019-09-19,metro,as,cn,Zhengzhou,Line 14 Tielu - Olympic Sports Center (xx km),,NEW LINE!,as/cn/zheng/zhengzhou.htm
c8886005,2019-09-21,metro,,,Bangkok,MRT Blue Line Bang Wa - Lak Song (8 km),8,,
cad3c641,2019-09-21,metro,as,cn,Changzhou,Line 1 Forest Park - Nanxiashu (34.2 km),34.2,NEW METRO!,as/cn/changzhou/changzhou.htm
df1f6792,2019-09-25,metro,as,cn,Wuhan,Line 4 Huangjinkou - Bolin (16 km),16,,as/cn/wuhan/wuhan.htm
5fc70da0,2019-09-26,s-bahn,as,cn,Beijing,Daxing Airport Express Cao Qiao - Daxing Airport (41.4 km),41.4,NEW LINE!,as/cn/beij/beijing.htm
8c2707b0,2019-09-26,metro,as,cn,Xi'an,Line 1 Houweizhai - Fenghesenlingongyuan (6.1 km),6.1,,as/cn/xian/xian.htm
37359c1d,2019-09-28,metro,as,cn,Ningbo,Line 3 (Ningfeng Line) Gaotang Bridge - Minghui Rd (5.6 km),5.6,,as/cn/ningbo/ningbo.htm
f64ced85,2019-09-28,metro,as,kr,Seoul/Gimpo,Gimpo Gold Line Gimpo Airport - Yangchon (23.5 km),23.5,NEW LINE!,as/kr/seoul/seoul.htm
0c2738fc,2019-09-28,metro,as,cn,Shenzhen,Line 5 Qianhaiwan - Chiwan (7.6 km),7.6,,as/cn/shen/shenzhen.htm
62292851,2019-09-28,metro,as,ir,Tehran,Line 6 Shohada Square - Emam Hossein (1 km),1,,as/ir/tehr/tehran.htm
9fcae6de,2019-09-28,s-bahn,as,cn,Wenzhou,S1 Olympic Center - Shuang'ou Avenue (19.1 km),19.1,,as/cn/wenzhou/wenzhou.htm
2ad18fba,2019-09-28,metro,as,cn,Wuxi,Line 1 Changguangxi - Nanfangquan (5.2 km),5.2,,as/cn/wuxi/wuxi.htm
870881d4,2019-09-28,metro,as,cn,Xuzhou,Line 1 Luwo - Xuzhou East Railway Station (22 km),22,NEW METRO!,as/cn/xuzhou/xuzhou.htm
2e48d15d,2019-09-29,metro,eu,dk,Copenhagen,M3 Cityringen (15.5 km),15.5,NEW LINE!,eu/dk/kobenhavn/kobenhavn.htm
5e2019d5,2019-09-29,metro,as,cn,Xi'an,"Airport Intercity Line Beikezhan (North Railway Station) - Airport West (T1, T2, T3) (29.3 km)",29.3,NEW LINE!,as/cn/xian/xian.htm
ef95324b,2019-09-30,metro,eu,nl,Rotterdam,Schiedam Centrum - Hoek van Holland Haven (24 km),24,,eu/nl/rot/rotterdam.htm
e633d9e2,2019-10-01,metro,as,jp,Naha (Okinawa),Monorail Shuri - Tedako-Uranishi (4.1 km),4.1,,as/jp/naha/naha.htm
5d43a2d3,2019-10-03,metro,eu,ru,St. Petersburg,Line 5 Mezhdunarodnaya - Shushary (6.1 km),6.1,,eu/ru/pet/petersburg.htm
09c8e89c,2019-10-04,metro,as,in,Delhi,Grey Line Dwarka - Najafgarh (4.3 km),4.3,NEW LINE!,as/in/delhi/delhi.htm
62c23340,2019-10-12,tram,eu,fr,Paris,T1 Asnières Les Courtilles – Asnières Quatre Routes (0.8 km),0.8,,eu/fr/paris/tram/paris-tram.htm
b4f8bb9d,2019-10-19,tram,eu,fr,Avignon,T1 Saint Roch – Saint Chamand (5.2 km),5.2,NEW TRAM!,eu/fr/avignon/avignon.htm
8326603d,2019-10-26,tram,,,Rio de Janeiro,T3 Candelária - Cristiano Ottoni (1 km),1,,
9f042947,2019-11-02,metro,,,Singapore,NSL Canberra station,,,
46dc18fb,2019-11-06,metro,as,cn,Wuhan,Line 8 Yezhi Lake - Military Athletes’ Village (4.8 km),4.8,,as/cn/wuhan/wuhan.htm
60317a15,2019-11-13,tram,eu,fr,Nice,Line 3 Digue des Français - Saint-Isidore (3.8 km),3.8,,eu/fr/nice/nice-tram.htm
d0b107d6,2019-11-16,tram,eu,fr,St-Étienne,T3 Châteauxcreux Gare - Roger Rocher (4.2 km),4.2,,eu/fr/saint-etienne/saint-etienne-tram.htm
855f924e,2019-11-18,tram,eu,ru,Kazan',Line 5 Solnechniy Gorod - Ul. Midkhata Bulatova (1 km),1,,eu/ru/kaz/kazan-tram.htm
48d252cc,2019-11-21,metro,,,Doha,Gold Line Al Aziziyah - Ras Bu Abboud (14 km),14,NEW LINE!,
c3126d7d,2019-11-21,metro,as,cn,Zhengzhou,Line 1 Wenyuanbeilu - New Campus of Henan University (1.4 km),1.4,,as/cn/zheng/zhengzhou.htm
d3a67c95,2019-11-22,tram,eu,fr,Lyon,Line T6 Debourg - Hôpitaux Est Pinel (6.7 km),6.7,,eu/fr/lyon/tram/lyon-tram.htm
8e80dde9,2019-11-29,metro,as,in,Hyderabad,Blue Line Hitec City - Raidurg (1.5 km),1.5,,as/in/hydr/hyderabad.htm
b8daa366,2019-12-02,tram,eu,at,Vienna,Line D Hauptbahnhof Ost - Absberggasse (1.1 km),1.1,,eu/at/vienna/tram/wien-tram.htm
83479530,2019-12-04,metro,,,Bangkok,Sukhumvit Line Ha Yaek Lat Phrao - Kasetsart University (3.3 km),3.3,,
53e1ed45,2019-12-08,tram,eu,be,Antwerpen,Line 1/24 Stadspark - Havenhuis (3.5 km),3.5,,eu/be/ant/antwerpen.htm
6e93379b,2019-12-08,metro,as,cn,Shenzhen,Line 9 Hongshuwan South - Qianwan (10.8 km),10.8,,as/cn/shen/shenzhen.htm
da3c19ac,2019-12-09,metro,eu,de,Hamburg,U1 Oldenfelde station,,,eu/de/hh/hamburg.htm
b75e0888,2019-12-10,metro,,,Doha,Red Line Al Qassar - Lusail & Airport branch (~20 km),20,,
a1761b03,2019-12-10,metro,,,Doha,Green Line Al Riffa - Al Mansoura (22 km),22,NEW LINE!,
57472e7a,2019-12-10,metro,as,cn,Macau,Linha da Taipa Oceano - Terminal Marítimo da Taipa (9.3 km),9.3,NEW METRO!,as/cn/macau/macau.htm
23f29ea2,2019-12-11,tram,eu,uk,Birmingham,Grand Central - Library /Centenary Square (0.7 km),0.7,,eu/uk/bir/birmingham.htm
e3bc9867,2019-12-14,tram,eu,fr,Bordeaux,Line D Quinconces - Mairie du Bouscat (3.5 km),3.5,,eu/fr/bordeaux/bordeaux-tram.htm
837d5c73,2019-12-14,tram,eu,fr,Nice,Line 2 Jean Médecin - Port Lympia (1.6 km),1.6,,eu/fr/nice/nice-tram.htm
535d25bd,2019-12-14,tram,eu,fr,Paris,T4 Gargan - Arboretum (Montfermeil),,,eu/fr/paris/tram/paris-tram.htm
f25b3e03,2019-12-14,tram,,,Sydney,L2 Circular Quay - Randwick (7.3 km),7.3,,
a237fddf,2019-12-15,s-bahn,eu,de,Frankfurt am Main,S8/S9 Gateway Gardens station,,,eu/de/f/frankfurt.htm
41d971c6,2019-12-15,tram,eu,ch,Geneva,Line 17 Moillesulaz - Annemasse-Parc-Montessuit (2 km),2,,eu/ch/ge/geneve.htm
2c3eb7a0,2019-12-15,s-bahn,eu,ch,Geneva,Léman Express Genève Cornavin - Annemasse,,,eu/ch/ge/geneve.htm
982cf0fb,2019-12-15,s-bahn,eu,de,Hamburg,S3/S31 Elbbrücken station,,,eu/de/hh/hamburg.htm
2068bbd4,2019-12-16,metro,eu,fr,Marseille,Line 2 Bougainville - Gèze,,,eu/fr/marseille/marseille.htm
c9ee0075,2019-12-16,tram,eu,cz,Plzen,Line 4 Bory - Univerzita (1.4 km),1.4,,eu/cz/plzen/plzen.htm
b86f43be,2019-12-16,metro,as,cn,Qingdao,Line 2 Zhiquan Road - Taishan Road,,,as/cn/qing/qingdao.htm
4135f15b,2019-12-16,metro,,,São Paulo,Line 15 Jardim Planalto - São Mateus (limited service),,,
b57f483c,2019-12-16,tram,eu,nl,Utrecht,Line 22 Utrecht Centraal - P+R Science Park (8 km),8,,eu/nl/utr/utrecht.htm
a735d433,2019-12-20,s-bahn,as,cn,Guangzhou,Line 21 Yuancun - Zhenlongxi (35.3 km),35.3,,as/cn/guan/guangzhou.htm
bf165dbd,2019-12-21,tram,eu,fr,Grenoble,Line A Échirolles/Denis-Papin - Pont-de-Claix/L’Étoile (1.0 km),1.0,,eu/fr/grenoble/grenoble-tram.htm
c02782f6,2019-12-21,metro,as,kr,Seoul,Line 6 Bonghwasan - Sinnae (1.3 km),1.3,,as/kr/seoul/seoul.htm
24687f35,2019-12-24,tram,,,Doha,Education City Tram Stadium North - Qatar Academy (2.4 km loop line),2.4,NEW TRAM!,
e402efc2,2019-12-25,metro,as,cn,Suzhou,Line 3 Suzhou Xinqu Railway Station - Weiting (45.3 km),45.3,NEW LINE!,as/cn/suzh/suzhou.htm
ba5f4ddf,2019-12-25,metro,as,cn,Xiamen,Line 2 Wuyuanwan - Tianzhushan (41.6 km),41.6,NEW LINE!,as/cn/xiamen/xiamen.htm
84d4fa69,2019-12-26,metro,as,cn,Hefei,Line 3 Xiangcheng Road - Xingfuba (37.2 km),37.2,NEW LINE!,as/cn/hefei/hefei.htm
b14317e1,2019-12-27,metro,as,cn,Chengdu,Line 5 Huagui Rd - Huilong (49 km),49,NEW LINE!,as/cn/chdu/chengdu.htm
eec623aa,2019-12-27,metro,as,cn,Chengdu,Line 10 Shuangliu Int’l Airport Terminal 2 - Xinping (25.8 km),25.8,,as/cn/chdu/chengdu.htm
3a37b5d3,2019-12-27,tram,as,cn,Chengdu,T2 three sections,,,as/cn/chdu/chengdu.htm
8af59966,2019-12-28,metro,as,cn,Beijing,Line 7 Jiaohuachang - Huazhuang and Batong Line Tuqiao - Huazhuang + Line 13 Qinghe station,,,as/cn/beij/beijing.htm
80f5ae82,2019-12-28,metro,as,cn,Guangzhou,Line 8 Fenghuang Xincun - Cultural Park (1.8 km),1.8,,as/cn/guan/guangzhou.htm
cd41e506,2019-12-28,metro,as,cn,Guiyang,Line 1 Xiamaixi - Douguan (1.1 km),1.1,,as/cn/guiyang/guiyang.htm
ab3a6dcf,2019-12-28,metro,as,cn,Jinan,Line 3 Tantou - Longdong (21.6 km),21.6,NEW LINE!,as/cn/jinan/jinan.htm
6f4898ad,2019-12-28,metro,as,cn,Tianjin,Line 1 Lilou - Donggulu,,,as/cn/tian/tianjin.htm
a2e3d746,2019-12-28,metro,as,cn,Zhengzhou,Line 2 Liuzhuang - Jiahe (10.3 km),10.3,,as/cn/zheng/zhengzhou.htm
65cbbeb3,2019-12-29,metro,as,cn,Hohhot,Line 1 Yili Health Valley - Bayan (Airport) (21.7 km),21.7,NEW METRO!,as/cn/hohhot/hohhot.htm
06ecdb42,2019-12-30,metro,as,cn,Chongqing,Loop Line Haixialu - Erlang (9.5 km),9.5,,as/cn/chon/chongqing.htm
f85b4abb,2019-12-30,metro,as,cn,Chongqing,& Line 1 Jiandingpo - Bishan,,,as/cn/chon/chongqing.htm
e5496685,2019-12-30,tram,,,Doha,Msheireb Tram (circle line),,,
79e2ff8d,2019-12-30,tram,as,cn,Foshan,Gaoming Tram Zhihu - Cangjiang Road (6.6 km),6.6,,as/cn/guan/guangzhou.htm
d03d8845,2019-12-30,tram,as,cn,Shanghai,Songjiang Tram Xinmiaosan Road - Xinqiao Railway Station (3.9 km),3.9,,as/cn/shan/shanghai.htm
dd360376,2019-12-31,tram,eu,ru,Magnitogorsk,Pros. Karla Marksa/ul. Truda - K/p Zelenyi Log (2.2 km),2.2,,eu/ru/magnitogrosk/magnitogorsk.htm
94ce6353,2020-01-10,tram,,,Mauritius/Maurice,Port Louis Victoria - Rose Hill (12.6 km),12.6,NEW TRAM!,
4f63b0d5,2020-01-10,tram,,,Mauritius/Maurice,2019,,,
9b5d6eea,2020-01-20,metro,as,cn,Shijiazhuang,Line 3 Shierzhong – Xisanzhuang (5.4 km),5.4,,as/cn/shijiazhuang/shijiazhuang.htm
563aa654,2020-01-28,metro,as,in,Nagpur,"Aqua Line Lokmanya Nagar - Sitabuldi (9.7 km, 6 stations only)",9.7,,as/in/nagpur/nagpur.htm
9ebb83f3,2020-01-31,metro,,,Singapore,TEL Woodlands North - Woodlands South,,NEW LINE!,
862bb950,2020-01-31,metro,,,Singapore,TEL Woodlands North – Woodlands South (3.2 km),3.2,NEW LINE!,
d1376607,2020-01-31,metro,as,tw,Taipei,Yellow (Circular) Line New Taipei Industrial Park – Dapinglin (15.4 km),15.4,NEW LINE!,as/tw/taip/taipei.htm
76dcc49a,2020-02-01,metro,eu,es,Barcelona,L10 S Foc - Zona Franca (1.7 km),1.7,,eu/es/bcn/barcelona.htm
ed734e55,2020-02-05,tram,eu,lv,Daugavpils,T3 Bralu kapi - Stropu ezers via Ciekuru iela (new route via hospital; 2.1 km),,,eu/lv/dauga/daugavpils.htm
b67b8c25,2020-02-07,metro,as,in,Hyderabad,Green Line JBS Parade Ground – Mahatma Gandhi Bus Station (11 km),11,NEW LINE!,as/in/hydr/hyderabad.htm
99f94c4d,2020-02-13,metro,as,in,Kolkata,Line 2 Salt Lake Sector V – Salt Lake Stadium (5 km),5,NEW LINE!,as/in/kolk/kolkata.htm
d6cb3d1a,2020-02-13,metro,as,ir,Tabriz,Line 1 Meydan-e Sa'at – Nur (7.2 km),7.2,,as/ir/tabr/tabriz.htm
d0a8a3f7,2020-02-14,s-bahn,as,cn,Hong Kong,Tuen Ma Line (Ma On Sha Line) Tai Wai – Kai Tak (6.8 km),6.8,,as/cn/hong/hong-kong.htm
d67c06a5,2020-02-15,metro,,,Bangkok,Blue Line Tao Poon - Tha Phra (free shuttle service),,,
b9de7222,2020-02-15,tram,eu,es,Vitoria-Gasteiz,Angulema – Universidades (1.5 km),1.5,,eu/es/vitoria/vitoria-gasteiz.htm
e44768c4,2020-02-29,tram,eu,fr,Bordeaux,Line D Mairie du Bouscat - Cantinolle (5.5 km),5.5,,eu/fr/bordeaux/bordeaux-tram.htm
69aa8f78,2020-02-29,tram,eu,fr,Bordeaux,Line D Mairie du Bouscat – Eysines Cantinolle (5.5 km),5.5,,eu/fr/bordeaux/bordeaux-tram.htm
4b749977,2020-03-22,tram,eu,uk,Manchester,Pomona – intu Trafford Centre (5.4 km),5.4,,eu/uk/man/manchester.htm
ba8df583,2020-03-27,metro,eu,ru,Moskva,Line 15 (Nekrasovskaya) Kosino – Lefortovo (14.4 km),14.4,,eu/ru/mos/moskva.htm
77d544d1,2020-03-28,metro,eu,dk,Copenhagen,M4 Østerport – Orientkaj (2.2 km),2.2,,eu/dk/kobenhavn/kobenhavn.htm
b9062821,2020-04-03,tram,,,Sydney,L3 Moore Park – Juniors Kingsford (3.1 km),3.1,,
08334910,2020-04-04,metro,eu,pl,Warsaw,M2 Rondo Daszynskiego - Ksiecia Janusza (3.4 km),3.4,,eu/pl/war/warszawa.htm
4a52a6e1,2020-04-23,metro,as,cn,Hangzhou,L5 Liangmu Road – Jinxing & Shanxian – Guniangqiao (38.4 km),38.4,,as/cn/hang/hangzhou.htm
ba0407f3,2020-04-23,metro,as,cn,Hangzhou,L16 Lüting Road – Jiuzhou Street (35 km),35,NEW LINE!,as/cn/hang/hangzhou.htm
70de004b,2020-04-29,metro,as,cn,Shenyang,L10 Dingxianghu – Zhangshabu (27.2 km),27.2,NEW LINE!,as/cn/shny/shenyang.htm
32f422a1,2020-05-01,tram,as,cn,Tianshui,Wulipu – Tianshui Railway Station (13 km),13,NEW TRAM!,as/cn/tianshui/tianshui.htm
dadb39b6,2020-05-25,tram,,,Cuenca,Control Sur - Parque Industrial (11 km),11,NEW TRAM!,
09eb7279,2020-05-30,metro,as,cn,Ningbo,Line 2 Qingshuipu – Congyuan Road (5.6 km),5.6,,as/cn/ningbo/ningbo.htm
f2179700,2020-06-05,metro,,,Bangkok,Sukhumvit Line Kasetsart University – Wat Phra Sri Mahathat (4.3 km),4.3,,
77c0f3a6,2020-06-06,metro,as,jp,Tokyo,Hibiya Line Toranomon Hills station,,,as/jp/tokyo/tokyo.htm
4723bd98,2020-06-13,metro,,,San Francisco / San José,BART Warm Springs/South Fremont – Berryessa/North San José (16 km),16,,
2150c20e,2020-06-28,metro,as,cn,Changsha,Line 3 Shantang – Guangsheng (36.4 km),36.4,,as/cn/changsha/changsha.htm
968d12ca,2020-06-28,metro,as,cn,Changsha,Line 5 Shuiduhe – Maozhutang (22.5 km),22.5,NEW LINES!,as/cn/changsha/changsha.htm
6a2734be,2020-06-30,tram,eu,pl,Gdansk,Line 12 Migowo – Lawendowe Wzgórze (3.2 km),3.2,,eu/pl/gdan/gdansk-tram.htm
b3181a1c,2020-07-01,tram,as,cn,Guangzhou,Huangpu Tram Changping Subway Station – Xinfeng Lu (7 km),7,NEW TRAM!,as/cn/guan/guangzhou.htm
574cc206,2020-07-07,metro,eu,gr,Athens,Line 3 Ag. Marina – Nikaia (4 km),4,,eu/gr/athens/athens.htm
b19a718d,2020-07-25,tram,eu,pl,Szczecin,Line 3 Las Arkonski – Rondo Olszewskiego,,,eu/pl/szczn/szczecin.htm
662f0cd2,2020-08-08,metro,as,kr,Seoul,Line 5 Sangil-dong – Hanam Pungsan (4.4 km),4.4,,as/kr/seoul/seoul.htm
db12e915,2020-08-16,metro,,,Cairo,M3 El Shams Club - Adly Mansour (7.5 km),7.5,,
33c99f8c,2020-08-18,metro,as,cn,Shenzhen,Line 6 Science Museum – Songgang (49.1 km),49.1,,as/cn/shen/shenzhen.htm
0eb23883,2020-08-18,metro,as,cn,Shenzhen,and Line 10 Futian Checkpoint – Shuangyong Street (28.9 km),28.9,NEW LINES!,as/cn/shen/shenzhen.htm
66aa5a21,2020-08-26,metro,as,cn,Shijiazhuang,Line 2 Liuxinzhuang – Jiahualu (15.5 km),15.5,NEW LINE!,as/cn/shijiazhuang/shijiazhuang.htm
ff4a6891,2020-08-26,metro,eu,bg,Sofia,M3 Krasno Selo – Hadzhi Dimitar (7.8 km),7.8,NEW LINE!,eu/bg/sofia/sofia.htm
7e916064,2020-08-29,tram,eu,ru,Kazan ',Line 5 Ul. Midkhata Bulatova – Boriskovo loop (1.8 km),1.8,,eu/ru/kaz/kazan-tram.htm
789dd664,2020-08-29,tram,eu,ru,Kazan ',reopening Railway Station – Boriskovo (7.7 km),7.7,,eu/ru/kaz/kazan-tram.htm
266b0075,2020-08-29,tram,eu,fr,Strasbourg,Line F Faubourg National – Comtes (1.7 km),1.7,,eu/fr/strasbourg/strasbourg-tram.htm
f7943575,2020-08-29,metro,as,uz,Tashkent,Yunusobod Line Shahriston – Turkeston,,,as/uz/toshkent/toshkent.htm
79c1d867,2020-08-30,metro,as,uz,Tashkent,Circle Line Do'stlik-2 – Qo'ylik (11 km),11,NEW LINE!,as/uz/toshkent/toshkent.htm
afbb0eb4,2020-08-31,tram,eu,fr,Paris,T4 Arboretum – Hôpital de Montfermeil (0.9 km),0.9,,eu/fr/paris/tram/paris-tram.htm
f6e4e32f,2020-08-31,tram,eu,fr,Toulouse,T1 Aéroconstellation – Meett,,,eu/fr/toulouse/toulouse.htm
b4f676b4,2020-08-31,tram,eu,fr,Toulouse,T1 Aéroconstellation – Meett (0.6 km),0.6,,eu/fr/toulouse/toulouse.htm
714fed51,2020-09-01,tram,eu,pl,Poznan,Line 5 Zegrze I – Unii Lubelskieij (0.7 km),0.7,,eu/pl/poz/poznan.htm
afb2d332,2020-09-07,metro,as,in,Kochi,Thykoodam - Petta (1.1 km),1.1,,as/in/kochi/kochi.htm
475c3a2f,2020-09-12,metro,,,Guadalajara,L3 Arcos de Zapopan – Central de Autobuses (19.8 km),19.8,NEW LINE!,
bda54a41,2020-09-12,s-bahn,as,kr,Seoul,Suin-Bundang Line Hanyang University at Ansan – Suwon (18.8 km),18.8,,as/kr/seoul/seoul.htm
4e527387,2020-09-15,metro,eu,ro,Bucharest,M5 Eroilor – Valea Ialomitei / Raul Doamnei (7.2 km),7.2,NEW LINE!,eu/ro/buc/bucurest.htm
0b5411d5,2020-09-21,s-bahn,,,Denver,N Line Union Station – Eastlake/124th (21 km),21,NEW LINE!,
361c1ead,2020-09-23,metro,as,in,Jaipur,Pink Line Chandpole – Badi Chaupar (2.3 km),2.3,,as/in/jaip/jaipur.htm
d19daa40,2020-09-23,metro,as,cn,Kunming,Line 6 East Coach Station – Tangzixiang (7.3 km),7.3,,as/cn/kunming/kunming.htm
59ad9312,2020-09-23,metro,as,cn,Kunming,Line 4 Jinchuan Road – Kunming South Railway Station (43.4 km),43.4,NEW LINE!,as/cn/kunming/kunming.htm
a07cc4af,2020-09-27,s-bahn,as,cn,Chengdu,Line 18 South Railway Station – Sancha (48.2 km),48.2,NEW LINE!,as/cn/chdu/chengdu.htm
84276e0a,2020-09-27,s-bahn,as,cn,Ningbo,Yinfeng Line Minghui Road – Jinhai Road (15.9 km),15.9,,as/cn/ningbo/ningbo.htm
8d7ef6c2,2020-10-01,metro,as,cn,Hohhot,Line 2 Talidonglu – A'ershanlu (28.2 km),28.2,NEW LINE!,as/cn/hohhot/hohhot.htm
7c2b4740,2020-10-01,tram,as,cn,Mengzi,Honghe Tram Mengzi North Railway Station – Bus Station (13 km),13,NEW TRAM!,as/cn/mengzi/mengzi.htm
41cf4f28,2020-10-03,tram,eu,at,Vienna,Line O Nordbahnstraße – Bruno-Marek-Allee (0.8 km),0.8,,eu/at/vienna/tram/wien-tram.htm
1d8b7551,2020-10-04,tram,eu,no,Oslo,13/19 Björvika – Oslo Hospital (0.7 km; replaces St. Halvards plass - Jernbanetorget ),0.7,,eu/no/oslo/tram/oslo-tram.htm
3d97a95b,2020-10-05,metro,as,in,Kolkata,Line 2 Salt Lake Stadium – Phoolbagan (1.7 km),1.7,,as/in/kolk/kolkata.htm
cbd4bd35,2020-10-10,tram,as,cn,Sanya,Jiefang Road - Jiangang Road (4.5 km),4.5,,as/cn/sanya/sanya.htm
0d7b5c28,2020-10-15,metro,eu,de,Nuremberg,U3 Gustav-Adolf-Straße – Großreuth bei Schweinau (0.9 km),0.9,,eu/de/n/nuernberg.htm
2d8b136c,2020-10-25,metro,,,Lahore,Orange Line Ali Town – Dera Gujran (27.1 km),27.1,NEW METRO!,
9c313dc0,2020-10-26,s-bahn,eu,de,Berlin,S9/S45 Flughafen BER Terminal 5 – Flughafen BER Terminal 1-2 (8 km),8,,eu/de/b/berlin.htm
afa9106b,2020-10-28,metro,as,tr,Istanbul,M7 Mahmutbey – Sisli-Mecidiyeköy (16.7 km),16.7,NEW LINE!,as/tr/istanbul/istanbul.htm
3188ba31,2020-10-28,metro,as,cn,Shenzhen,Line 2/8 Xinxiu - Yantian Road ; Line 3 Yitian - Futian Bonded Area ; Line 4 Qinghu - Niuhu,,,as/cn/shen/shenzhen.htm
8118e389,2020-10-28,metro,as,cn,Wuxi,Line 3 Sumiao – Sunan Shuofang International Airport (28.5 km),28.5,NEW LINE!,as/cn/wuxi/wuxi.htm
7c6d31c8,2020-11-01,tram,eu,de,Bochum,309/310 Langendreer Markt - Papenholz (2 km; replaces Unterstr. - Papenholz ),2,,eu/de/bo/bochum.htm
ede5b088,2020-11-07,metro,eu,by,Minsk,Line 3 Yubileynaya Ploshchad' – Koval'skaya Sloboda (3.5 km),3.5,NEW LINE!,eu/by/minsk/minsk.htm
107b40fd,2020-11-15,light-rail,as,tw,Taipei (New Taipei),Danhai Light Rail Binhai Shalun – Tamsui Fisherman's Wharf (2.4 km),2.4,,as/tw/taip/taipei.htm
2bc3396d,2020-11-23,metro,as,cn,Nanning,Line 2 Yudong – Tanze (6.3 km),6.3,,as/cn/nanning/nanning.htm
18ff9469,2020-11-23,metro,as,cn,Nanning,Line 4 Hongyun Lu – Lengtangcun (20.7 km),20.7,,as/cn/nanning/nanning.htm
ac6567e3,2020-11-26,metro,as,cn,Guangzhou,Line 8 Cultural Park – Jiaoxin (16.3 km),16.3,,as/cn/guan/guangzhou.htm
7bf6bc6f,2020-11-28,tram,eu,de,Karlsruhe,Line 2 Siemensallee – Knielingen Nord (1.6 km),1.6,,eu/de/ka/karlsruhe.htm
051b4c41,2020-11-28,metro,as,cn,Xuzhou,Line 2 Keyunbeizhan – Xinchengqudong (24.2 km),24.2,NEW LINE!,as/cn/xuzhou/xuzhou.htm
5617c902,2020-12-04,metro,eu,de,Berlin,U5 Brandenburger Tor – Alexanderplatz (2.2 km; without Museumsinsel station),2.2,,eu/de/b/berlin.htm
f5d8bef9,2020-12-04,metro,eu,de,Berlin,>>> Special Gallery &,,,eu/de/b/berlin.htm
b3decf79,2020-12-06,tram,eu,pl,Bydgoszcz,Rondo Kujawskie – Zbozowy Rynek (0.7 km),0.7,,eu/pl/bydg/bydgoszcz.htm
2ff013cb,2020-12-12,metro,as,kr,Incheon,Line 1 International Business District – Songdo Moonlight Festival Park (0.9 km),0.9,,as/kr/incheon/incheon.htm
e81e601b,2020-12-13,tram,eu,de,Freiburg,Line 4 Technische Fakultät – Messe (1 km),1,,eu/de/fr/freiburg.htm
5610e35b,2020-12-13,tram,eu,se,Lund,Lund C – ESS (5.5 km),5.5,NEW TRAM!,eu/se/lund/lund.htm
fc1e2dd6,2020-12-13,tram,eu,lu,Luxembourg,T1 Stäreplaz/Étoile – Gare Centrale (2 km),2,,eu/lu/luxembourg.htm
b22c6a35,2020-12-14,metro,eu,fr,Paris,M14 Saint-Lazare – Mairie de Saint-Ouen (5.8 km; without Porte de Clichy station),5.8,,eu/fr/paris/paris.htm
db0c50b2,2020-12-16,metro,,,Bangkok,Sukhumvit Line Wat Phra Sri Mahathat – Khu Khot (9.8 km),9.8,,
faae767a,2020-12-16,metro,,,Bangkok,Gold Line (APM) Krung Thona Buri – Khlong San (1.8 km),1.8,NEW LINE!,
fd98efce,2020-12-16,tram,eu,de,Magdeburg,Raiffeisenstraße – Warschauer Straße (1.1 km),1.1,,eu/de/md/magdeburg.htm
b0ff8a87,2020-12-18,metro,as,cn,Chengdu,Line 6 Wangcong Temple – Lanjiagou (69.7 km),69.7,NEW LINE!,as/cn/chdu/chengdu.htm
1b2323bb,2020-12-18,metro,as,cn,Chengdu,Line 8 Lianhua – Shilidian (28.8 km),28.8,NEW LINE!,as/cn/chdu/chengdu.htm
232b9dbf,2020-12-18,metro,as,cn,Chengdu,Line 9 Huangtianba – Financial City East (21.8 km),21.8,NEW LINE!,as/cn/chdu/chengdu.htm
a1991491,2020-12-18,metro,as,cn,Chengdu,Line 17 Jitouqiao – Jinxing (25.3 km),25.3,NEW LINE!,as/cn/chdu/chengdu.htm
15d85d4b,2020-12-18,s-bahn,as,cn,Chengdu,Line 18 Sancha – Tianfu International Airport North (19.7 km),19.7,,as/cn/chdu/chengdu.htm
4a332222,2020-12-21,metro,eu,fr,Rennes,Line B Saint-Jacques - Gaîté – Cesson-Viasilva,,NEW LINE!,eu/fr/rennes/rennes.htm
d2a8e187,2020-12-23,metro,as,cn,Ningbo,Line 4 Cicheng – Dongqian Lake (36.5 km),36.5,NEW LINE!,as/cn/ningbo/ningbo.htm
b51c5160,2020-12-24,metro,as,cn,Qingdao,Line 1 Qingdao North Railway Station – Dongguozhuang (21.9 km),21.9,NEW LINE!,as/cn/qing/qingdao.htm
5776437b,2020-12-24,s-bahn,as,cn,Qingdao,Line 8 Qingdao North Railway Station – Jiaozhou North Railway Station (48.3 km),48.3,NEW LINE!,as/cn/qing/qingdao.htm
9f5dc066,2020-12-26,metro,as,cn,Hefei,Line 5 Wanghucheng West – Guiyanglu (23.2 km),23.2,NEW LINE!,as/cn/hefei/hefei.htm
fe2a2e14,2020-12-26,metro,as,cn,Nanchang,Line 3 Jingdong Avenue – Yinsanjiao North (28.5 km),28.5,NEW LINE!,as/cn/nanchang/nanchang.htm
4262bf0f,2020-12-26,metro,as,cn,Shanghai,Line 10 Xinjiangwancheng – Jilong Road (9.8 km),9.8,,as/cn/shan/shanghai.htm
ec6f1fd1,2020-12-26,metro,as,cn,Shanghai,Line 18 Hangtou – Yuqiao (14.5 km),14.5,NEW LINE!,as/cn/shan/shanghai.htm
38d25464,2020-12-26,metro,as,cn,Taiyuan,Line 2 Jiancaoping – Xiqiao (23.7 km),23.7,NEW METRO!,as/cn/taiyuan/taiyuan.htm
e2543735,2020-12-26,metro,as,uz,Tashkent,Chilonzor Line Olmazor - Qipchoq (5-bekat),,,as/uz/toshkent/toshkent.htm
4b6375f0,2020-12-26,metro,as,cn,Zhengzhou,Line 3 Henan Sports Center – Henan Orthopaedics Hospital (24.3 km),24.3,NEW LINE!,as/cn/zheng/zhengzhou.htm
acdaad39,2020-12-26,metro,as,cn,Zhengzhou,Line 4 Laoyachen – Langzhuang (29.3 km),29.3,NEW LINE!,as/cn/zheng/zhengzhou.htm
f1f5beb5,2020-12-28,tram,as,cn,Guangzhou,Huangpu Tram Changping Subway Station - Xiangxue Subway Station (7.3 km),7.3,,as/cn/guan/guangzhou.htm
9a4469df,2020-12-28,metro,as,cn,Xi'an,Line 5 Matengkong – Chuangxingang (41.6 km),41.6,NEW LINE!,as/cn/xian/xian.htm
17822b50,2020-12-28,metro,as,cn,Xi'an,Line 6 Northwestern Polytechnical University – Xi’an Int’l Medical Center (15.6 km),15.6,NEW LINE!,as/cn/xian/xian.htm
f8a35b2f,2020-12-28,metro,as,cn,Xi'an,Line 9 Fangzhicheng – Qinlingxi (25.3 km),25.3,NEW LINE!,as/cn/xian/xian.htm
e85d39ca,2020-12-29,s-bahn,,,Adelaide,Tonsley Line Tonsley (ex Clovelly Park) – Flinders (1.5 km),1.5,,
4bf1ecc0,2020-12-30,metro,as,cn,Hangzhou,Line 1 Xiasha Jiangbin – Xiaoshan Airport (11.2 km),11.2,,as/cn/hang/hangzhou.htm
4bce181b,2020-12-30,metro,as,cn,Hangzhou,Line 6 Qianjiang Century City – Shuangpu / West Guihua Road (50.5 km),50.5,NEW LINE!,as/cn/hang/hangzhou.htm
0080d551,2020-12-30,metro,as,cn,Hangzhou,Line 7 Olympic Sports Center – Jiangdong'er Road (39.3 km),39.3,NEW LINE!,as/cn/hang/hangzhou.htm
2387c673,2020-12-31,tram,as,cn,Beijing,Yizhuang Tram T1 Dinghaiyuan - Quzhuang (11.9 km),11.9,NEW TRAM!,as/cn/beij/beijing.htm
f93d49c5,2020-12-31,metro,as,cn,Beijing,Line 16 Xiyuan – Ganjia Kou (10 km),10,,as/cn/beij/beijing.htm
a0066ed2,2020-12-31,metro,as,cn,Beijing,Fangshan Line Guogongzhuang – Dongguantou (5.3 km),5.3,,as/cn/beij/beijing.htm
fbb4200c,2020-12-31,metro,as,cn,Chongqing,Line 1 Xiaoshizi – Chaotianmen (0.8 km),0.8,,as/cn/chon/chongqing.htm
362c32d1,2020-12-31,metro,as,cn,Chongqing,Line 6 Yuelai – Shaheba (13.8 km),13.8,,as/cn/chon/chongqing.htm
f73f1ad6,2020-12-31,metro,eu,ru,Moscow,Line 15 Lefortovo – Elektrozavodskaya (1.8 km),1.8,,eu/ru/mos/moskva.htm
e3db3642,2021-01-01,metro,,,Dubai,Red Line Jabal Ali – Al Furjan (4.4 km),4.4,,
c36eade7,2021-01-01,metro,,,Dubai,2020:,,,
2bd540a6,2021-01-02,metro,as,cn,Wuhan,Line 8 Liyuan – Yezhihu (17.6 km),17.6,,as/cn/wuhan/wuhan.htm
66edf4cf,2021-01-02,metro,as,cn,Wuhan,Line 11 Zuoling – Gedian South Railway Station (3.7 km),3.7,,as/cn/wuhan/wuhan.htm
91ff5d8f,2021-01-02,metro,as,cn,Wuhan,Line 11 Zuoling – Gedian South Railway Station (3.8 km),3.8,,as/cn/wuhan/wuhan.htm
85349c4e,2021-01-04,tram,as,tr,Istanbul,T5 Cibali - Alibeyköy Cep Otogari (9 km),9,,as/tr/istanbul/istanbul.htm
296013eb,2021-01-12,tram,as,tw,Kaohsiung,CL Hamasen – Gushan District Office & Lizihnei – Kaisyuan Park (4.1 km),4.1,,as/tw/kaoh/kaohsiung-tram.htm
ec467850,2021-01-15,metro,as,in,Bangalore,Green Line Yelachenahalli – Silk Institute (6 km),6,,as/in/banl/bangalore.htm
e38b5f79,2021-01-16,tram,eu,ru,Perm,Line 6/11 Dinamo – Dvorets Sporta Orlyonok (1 km),1,,eu/ru/prm/perm.htm
248d9b94,2021-01-20,metro,as,cn,Chongqing,Line 5 Shiqiaopu – Tiaodeng (17.9 km),17.9,,as/cn/chon/chongqing.htm
309f46d6,2021-01-20,metro,as,cn,Chongqing,Loop Chongqing Library – Erlang (7.3km),7.3,,as/cn/chon/chongqing.htm
573354a6,2021-01-23,metro,as,cn,Shanghai,Line 15 Gucun Park – Zizhu Hi-tech Park (42.3 km),42.3,NEW LINE!,as/cn/shan/shanghai.htm
e36a9b1d,2021-02-03,tram,as,cn,Shenyang,Line 5 Xuantujun Heritage Park – Lishizhai (5.2 km),5.2,,as/cn/shny/shenyang.htm
da6cd26a,2021-02-14,metro,as,in,Chennai,Blue Line Washermenpet – Wimco Nagar (8.6 km),8.6,,as/in/chen/chennai.htm
690061ba,2021-02-22,metro,as,in,Kolkata,Line 1 Noapara – Dakshineswar (4.2 km),4.2,,as/in/kolk/kolkata.htm
cd9e8c15,2021-02-27,metro,,,Monterrey,Line 3 Gral. I. Zaragoza – Hospital Metropolitano (7.5 km),7.5,NEW LINE!,
5cd00ab0,2021-03-12,tram,as,tr,Eskisehir,T12 Öykü - 75. Yil (4.6 km),4.6,,as/tr/eskisehir/eskisehir.htm
c73f672a,2021-03-16,metro,as,ir,Tehran,Line 6 Shahid Sattari – Tarbiat Modarres University (6.5 km),6.5,,as/ir/tehr/tehran.htm
2e22bcb1,2021-03-26,metro,as,cn,Jinan,Line 2 Wangfuzhuang – Pengjiazhuang (36.4 km),36.4,NEW LINE!,as/cn/jinan/jinan.htm
69f66da5,2021-03-27,metro,as,kr,Seoul,Line 5 Hanam Pungsan – Hanam Geomdansan & Gangil station (3 km),3,,as/kr/seoul/seoul.htm
ac8226a9,2021-03-28,metro,as,cn,Luoyang,Line 1 Hongshan – Yangwan,,NEW METRO!,as/cn/luoyang/luoyang.htm
2c840e1c,2021-04-01,metro,eu,ru,Moscow,Line 11 Khoroshyovskaya – Mnyovniki,,,eu/ru/mos/moskva.htm
6fbdf1a7,2021-04-06,tram,eu,fi,Helsinki,Line 6 Hietalahti – Eiranranta (1 km),1,,eu/fi/helsinki/hel-tram/helsinki-tram.htm
c3aec6c4,2021-04-06,metro,as,cn,Shijiazhuang,Line 3 Shijiazhuangzhan – Lexiang (15.5 km),15.5,,as/cn/shijiazhuang/shijiazhuang.htm
070bf36b,2021-04-10,tram,eu,fr,Paris,T9 Porte de Choisy – Orly-Gaston Viens (10.3 km),10.3,,eu/fr/paris/tram/paris-tram.htm
bc7f3435,2021-04-16,people-mover,as,cn,Chongqing,""" Chongqing Yunba "" Bishan Metro Station – Bishan Chengyu Railway Station (15.4 km)",15.4,NEW LINE!,as/cn/chon/chongqing.htm
4c1669d7,2021-04-23,metro,eu,it,Turin,M1 Lingotto – Bengasi (1.7 km),1.7,,eu/it/tor/torino.htm
1fa9896c,2021-04-24,metro,eu,bg,Sofia,Line 3 Krasno Selo – Gorna Banya (4.0 km),4.0,,eu/bg/sofia/sofia.htm
a02d4366,2021-04-25,metro,as,tw,Taichung,Green Line Beitunzhongzhan – Taichung High Speed Railway Station (17.0 km; revenue service),17.0,NEW METRO!,as/tw/taichung/taichung.htm
1c204999,2021-04-28,metro,as,cn,Guiyang,Line 2 North Baiyun Road – Zhongxing Road (40.6 km),40.6,NEW LINE!,as/cn/guiyang/guiyang.htm
31dc6a8a,2021-05-03,tram,eu,fi,Helsinki,Line 9 Saukonpaasi – Länsiterminaali T2 (0.9 km),0.9,,eu/fi/helsinki/hel-tram/helsinki-tram.htm
5336f1ff,2021-05-15,tram,as,cn,Qiubei,Puzhehei HSR Station – Tourist Center / Jiaolian Plaza (14 km),14,NEW TRAM!,as/cn/qiubei/qiubei.htm
6145a71d,2021-05-16,tram,eu,se,Stockholm,Line 31 Norra Ulvsunda – Bromma flygplats (1.1 km),1.1,,eu/se/stockholm/stockhlm.htm
aa8aad91,2021-05-29,metro,as,tr,Istanbul,M9 [Olimpiyat –] Ikitelli Sanayi – Bahariye (2 km),2,NEW LINE!,as/tr/istanbul/istanbul.htm
4bba6db7,2021-05-31,metro,,,Baku,Purple Line Memar Acami – 8 Noyabr (1.4 km),1.4,,
6f0a7d47,2021-06-01,metro,,,Dubai,Red Line Al Furjan – Expo 2020 (9 km),9,,
9f9eadea,2021-06-14,tram,as,tr,Eskisehir,Line 10 Opera – Kumlubel (2.4 km),2.4,,as/tr/eskisehir/eskisehir.htm
43f49199,2021-06-20,light-rail,,,Mauritius,Rose Hill – Quatre Bornes (2.6 km),2.6,,
b0d48b4d,2021-06-25,tram,as,cn,Jiaxing,T1 Fanggong Rd./Binhe Rd. – Jiaxing South Railway Station (10.6 km),10.6,NEW TRAM!,as/cn/jiaxing/jiaxing.htm
0e2e2976,2021-06-25,metro,as,cn,Xiamen,Line 3 Xiamen Railway Station – Caicuo (26.3 km),26.3,NEW LINE!,as/cn/xiamen/xiamen.htm
d7210933,2021-06-26,tram,eu,pl,Wroclaw,Line 23 Plac Orlat Lwowskich – Srubowa (1.5 km),1.5,,eu/pl/wroc/wroclaw.htm
1b6d286a,2021-06-26,metro,as,cn,Zhengzhou,Line 3 Henan Orthopaedics Hospital – Yinggang (4.7 km),4.7,,as/cn/zheng/zhengzhou.htm
a4f2db3a,2021-06-27,s-bahn,as,cn,Hong Kong,Tuen Ma Line Kai Tak – Hung Hom (~3.5 km),3.5,,as/cn/hong/hong-kong.htm
8282d706,2021-06-28,metro,as,cn,Changzhou,Line 2 Qingfeng Park – Wuyilu (19.8 km),19.8,NEW LINE!,as/cn/changzhou/changzhou.htm
12ae03d4,2021-06-28,metro,as,cn,Hangzhou,Line 8 South Wenhai Road – Xinwan Road (17.1 km),17.1,NEW LINE!,as/cn/hang/hangzhou.htm
1ebd2165,2021-06-28,metro,as,cn,Xuzhou,Line 3 Xiadian – Gaoxinqunan (18.1 km),18.1,NEW LINE!,as/cn/xuzhou/xuzhou.htm
06fa5c9e,2021-06-29,metro,as,cn,Suzhou,Line 5 Taihu Xiangshan – Yangchenghu South (44.1 km),44.1,NEW LINE!,as/cn/suzh/suzhou.htm
7fed9de3,2021-06-29,metro,as,cn,Xi'an,Line 14 Xi'an North Railway Station North Square – Heshao (13.7 km),13.7,,as/cn/xian/xian.htm
c1172ac1,2021-07-04,tram,eu,ch,Geneva,Line 14 Bernex P+R – Bernex-Vailly (2.1 km),2.1,,eu/ch/ge/geneve.htm
f894e189,2021-07-05,metro,,,Manila,Line 2 Santolan – Antipolo (3.8 km),3.8,,
e0810980,2021-07-05,metro,as,cn,Shaoxing,Line 1 Guniangqiao – China Textile City (20.3 km),20.3,NEW METRO!,as/cn/shaoxing/shaoxing.htm
4d4d89cc,2021-07-25,metro,eu,es,Barcelona,L5 Ernest Lluch (fill-in station),,,eu/es/bcn/barcelona.htm
2915c879,2021-08-02,s-bahn,,,Bangkok,SRT Red Line Bang Sue – Rangsit (26 km),26,,
92ca205f,2021-08-02,s-bahn,,,Bangkok,Bang Sue – Taling Chan (15 km),15,,
5e51079b,2021-08-02,s-bahn,,,Bangkok,"[trial operation, commercial operation from Nov 2021]",,,
cf98b070,2021-08-06,metro,as,in,Delhi,Pink Line Mayur Vihar Pocket-1 - Trilokpuri Sanjay Lake (1.4 km),1.4,,as/in/delhi/delhi.htm
46b8a583,2021-08-09,tram,eu,fi,Tampere,T1 Sorin aukio – Kaupin kampus & T3 Pyynikintori – Hervantajärvi (14.2 km),14.2,NEW TRAM!,eu/fi/tampere/tampere.htm
48e56a7b,2021-08-11,s-bahn,,,São Paulo,Line 9 Grajaú – Mendes-Vila Natal (limited service),,,
0d66ea9a,2021-08-18,light-rail,as,cn,Foshan,Nanhai New Transit Leigang – Sanshanxinchengbei (9.5 km),9.5,NEW TRAM!,as/cn/guan/guangzhou.htm
34dd203f,2021-08-21,tram,eu,pl,Poznan,Line 3 Wilczak – Ul. Wlodarska (1 km),1,,eu/pl/poz/poznan.htm
976b95b1,2021-08-26,metro,as,cn,Beijing,Line 7 & Batong Line Huazhuang – Universal Resort (1.8 km),1.8,,as/cn/beij/beijing.htm
6557a5fd,2021-08-28,metro,,,Singapore,TEL Woodlands South – Caldecott (14 km),14,,
99e8c69d,2021-08-30,metro,as,in,Bangaluru,Purple Line Mysuru Road – Kengeri (7.5 km),7.5,,as/in/banl/bangalore.htm
6415a1d7,2021-08-30,tram,,,Charlotte,Charlotte TC – French Street & Hawthorne/5th – Sunnyside Avenue (4 km),4,,
8dfa2e58,2021-09-04,tram,eu,pl,Warsaw,Lines 2/17 Nowodwory – Winnica (1.2 km),1.2,,eu/pl/war/tram/warszawa-tram.htm
d3e7c539,2021-09-17,metro,,,Hangzhou,Line 9 Linping – Long'an (6 km),6,,
9e03dd61,2021-09-17,metro,,,Hangzhou,Line 7 Olympic Sports Center – Citizen Center (3.2 km),3.2,,
88e8a2dd,2021-09-18,metro,as,in,Delhi,Grey Line Najafgarh – Dhansa Bus Stand (1 km),1,,as/in/delhi/delhi.htm
22e3b116,2021-09-19,metro,as,cn,Harbin,Jiangbei University Town – Meteorological Observatory (28.7 km),28.7,NEW LINE!,as/cn/harbin/harbin.htm
d679b55f,2021-09-20,metro,eu,uk,London,Northern Line Kennington – Battersea Power Station (3.2 km),3.2,,eu/uk/lon/london.htm
2ac91bbd,2021-09-28,s-bahn,as,cn,Guangzhou,Line 18 Xiancun - Wanqingsha (58.3 km),58.3,NEW LINE!,as/cn/guan/guangzhou.htm
0e99517a,2021-09-29,tram,,,Constantine,Chahid Kadri Brahim – Université Abdelhamid-Mehri (3.5 km),3.5,,
d2bdb2bd,2021-10-02,light-rail,,,Seattle,University of Washington – Northgate (6.9 km),6.9,,
5561814a,2021-10-06,tram,eu,ru,St. Petersburg,Line 7 Granitnaya – Metro Ladozhskaya (1.4 km),1.4,,eu/ru/pet/tram/petersburg-tram.htm
4a2b84c7,2021-10-08,metro,as,cn,Changchun,Line 2 Shuangfeng - Automobile Park (4.4 km),4.4,,as/cn/chan/changchun.htm
74e300ee,2021-10-25,tram,as,tr,Antalya,T3 Müze – Atatürk (6.5 km),6.5,,as/tr/antalya/antalya.htm
48735bfc,2021-10-30,metro,as,kr,Uijeongbu,Tapseok – Depot Temporary Platform (0.8 km),0.8,,as/kr/uijeongbu/uijeongbu.htm
32050d31,2021-10-31,tram,eu,de,Berlin,M17/63 S Schöneweide – Karl-Ziegler-Straße (2.7 km),2.7,,eu/de/b/tram/berlin-tram.htm
ee419905,2021-11-03,metro,as,cn,Wuhu,Line 1 (Monorail) Baoshunlu – Baimashan (30.4 km),30.4,NEW METRO!,as/cn/wuhu/wuhu.htm
01b32d7d,2021-11-06,metro,as,cn,Hangzhou,Line 6 Qianjiang Century City – Goujulong (9 km),9,,as/cn/hang/hangzhou.htm
c1c840d8,2021-11-06,metro,,,Hanoi,Line 2 Cat Linh – Yen Nghia (12.8 km),12.8,NEW METRO!,
080c234c,2021-11-07,metro,eu,es,Barcelona,L10 Zona Franca – ZAL/Riu Vell (2.4 km),2.4,,eu/es/bcn/barcelona.htm
f74b4420,2021-11-07,metro,eu,es,Barcelona,),,,eu/es/bcn/barcelona.htm
03eb8d18,2021-11-17,tram,,,Doha,Education City Tram YL North Nest – Al Shaqab (2.6 km),2.6,,
01cdaee7,2021-11-21,light-rail,,,San Diego,Blue Line Old Town – UTC (17.4 km),17.4,,
36e3860e,2021-11-26,tram,eu,at,Graz,Line 4 Alte Poststraße – Reininghaus (1.7 km),1.7,,eu/at/graz/graz.htm
b0945f9b,2021-11-26,tram,eu,at,Graz,Line 6 Waagner-Biro-Str. (Köflacher Gasse/PVA) – Nikolaus-Harnoncourt-Park (1.4 km),1.4,,eu/at/graz/graz.htm
51440141,2021-11-26,metro,as,cn,Harbin,Line 3 Harbin West Railway Station (6 km),6,,as/cn/harbin/harbin.htm
ce3ede8a,2021-11-26,metro,as,cn,Harbin,Sports Park & Second Affiliated Hospital of HMU – Taipingqiao (16.1 km),16.1,,as/cn/harbin/harbin.htm
ac8f23db,2021-11-29,tram,eu,de,Magdeburg,Line 1 Milchweg – Kannenstieg (1 km),1,,eu/de/md/magdeburg.htm
9c9a3257,2021-11-29,s-bahn,eu,hu,Szeged,"Line 1 Szeged – Hódmezovásárhely (tram-train, 25.4 km, incl. 21 km on existing rail line)",,,eu/hu/szeged/szeged.htm
7623736c,2021-12-07,metro,eu,ru,Moscow,Line 11 Mnyovniki – Kakhovskaya (21 km),21,,eu/ru/mos/moskva.htm
f70df772,2021-12-07,metro,eu,ru,Moskva (Moscow),Line 11 Mnyovniki – Kakhovskaya (21 km),21,,eu/ru/mos/moskva.htm
a88f000b,2021-12-07,metro,as,cn,Tianjin,Line 5 Zhongyiyifuyuan – Liqizhuangnan (1.9 km),1.9,,as/cn/tian/tianjin.htm
ea5dc4e5,2021-12-11,tram,eu,be,Brussels,Line 9 Arbre Ballon - Roi Baudouin (1.7 km),1.7,,eu/be/brux/brussels-tram.htm
fe73bd9c,2021-12-11,tram,eu,be,Bruxelles | Brussel,Line 9 Arbre Ballon - Roi Baudouin (1.7 km),1.7,,eu/be/brux/brussels-tram.htm
b60703ee,2021-12-12,tram,eu,de,Augsburg,Line 3 Haunstetten West (Inninger Str.) – Königsbrunn Zentrum (4.6 km),4.6,,eu/de/a/augsburg.htm
f25669df,2021-12-12,tram,eu,de,Karlsruhe,tram tunnel Mühlburger Tor – Gottesauer Platz / Augartenstraße & Karlstor – Rüppurer Tor,,,eu/de/ka/karlsruhe.htm
34d12b32,2021-12-12,light-rail,eu,de,Stuttgart,U6 Fasanenhof/Schelmenwasen – Messe/Flughafen (3.2 km),3.2,,eu/de/s/stuttgart.htm
e5df52be,2021-12-15,tram,eu,gr,Athens,Tram Faliro – Ag. Triada (2.5 km),2.5,,eu/gr/athens/tram/athens-tram.htm
1fc6b752,2021-12-15,tram,eu,gr,Athína (Athens),Tram Faliro – Ag. Triada (2.5 km),2.5,,eu/gr/athens/tram/athens-tram.htm
f69982c5,2021-12-15,tram,eu,ro,Oradea,Lines 5/7 Calea Aradului – Lotus (3.8 km),3.8,,eu/ro/oradea/oradea.htm
90ec1ec6,2021-12-16,tram,as,tw,Kaohsiung,Circle Line Gushan District Office – Museum of Fine Arts (1.8 km),1.8,,as/tw/kaoh/kaohsiung-tram.htm
fbaef2b4,2021-12-16,metro,as,cn,Nanning,Line 5 Jinqiao Coach Station – Guokai Dadao (20.2 km),20.2,NEW LINE!,as/cn/nanning/nanning.htm
4786d486,2021-12-17,metro,,,São Paulo,Line 4 São Paulo-Morumbi – Vila Sônia (1.5 km),1.5,,
043d115f,2021-12-17,metro,as,cn,Wuxi,Line 4 Liutan – Wuxi Taihu International Expo Center (25.4 km),25.4,NEW LINE!,as/cn/wuxi/wuxi.htm
7c615df6,2021-12-18,metro,as,kr,Seoul,Line 8 Namwirye in-fill station,,,as/kr/seoul/seoul.htm
b18e8c96,2021-12-18,tram,eu,pl,Szczecin,Rondo Olszewskiego – Osiedle Zawadzkiego (1 km),1,,eu/pl/szczn/szczecin.htm
d084ccb2,2021-12-26,metro,as,cn,Hefei,Line 4 Zongbaoqu – Qinglonggang (41.4 km),41.4,NEW LINE!,as/cn/hefei/hefei.htm
3b14231b,2021-12-26,metro,as,cn,Luoyang,Line 2 Erqiao Road – Balitang (18.2 km),18.2,NEW LINE!,as/cn/luoyang/luoyang.htm
9bb09e74,2021-12-26,metro,as,cn,Nanchang,Line 4 Baimashan – Yuweizhou (39.6 km),39.6,NEW LINE!,as/cn/nanchang/nanchang.htm
7f06e0f8,2021-12-26,metro,as,cn,Wuhan,Line 5 Hubei University of Chinese Medicine – East Square of Wuhan Railway Station (34.6 km),34.6,NEW LINE!,as/cn/wuhan/wuhan.htm
2c8398a4,2021-12-26,metro,as,cn,Wuhan,Line 6 Jinyinhu Park – Xincheng 11th Road (7 km),7,,as/cn/wuhan/wuhan.htm
8c7337fa,2021-12-26,metro,as,cn,Wuhan,Line 16 Zhoujiahe – South International Expo Center (31.7 km),31.7,NEW LINE!,as/cn/wuhan/wuhan.htm
90da0cb3,2021-12-27,s-bahn,,,Dakar,TER Dakar – Diamniadio (36 km),36,,
1652899f,2021-12-28,s-bahn,as,kr,Busan,Donghae Nambu Line Ilgwang – Taehwagang (36 km),36,,as/kr/busan/busan.htm
1a79ca9c,2021-12-28,s-bahn,as,cn,Dalian,Line 13 Jiuli – Pulandian Zhenxing Street (43 km),43,NEW LINE!,as/cn/dalian/dalian.htm
1826b09b,2021-12-28,metro,as,cn,Foshan,Line 2 Nanzhuang – Guangzhou South Railway Station (32.4 km),32.4,NEW LINE!,as/cn/guan/guangzhou.htm
66458ede,2021-12-28,s-bahn,as,cn,Nanjing,Line S6 Maqun – Jurong (43.6 km),43.6,NEW LINE!,as/cn/nanj/nanjing.htm
2b40b1a6,2021-12-28,metro,as,cn,Nanjing,Line 2 Youfangqiao – Yuzui (5.4 km),5.4,,as/cn/nanj/nanjing.htm
21d114fe,2021-12-28,metro,as,cn,Ningbo,Line 5 Buzheng – Xingzhuang Road (27.6 km),27.6,NEW LINE!,as/cn/ningbo/ningbo.htm
ac45e587,2021-12-28,metro,as,cn,Shenzhen,Line 20 Airport North – Convention & Exhibition City (8.4 km),8.4,NEW LINE!,as/cn/shen/shenzhen.htm
99cc751f,2021-12-28,metro,as,cn,Tianjin,Line 4 Dongnanjiao – Xinxingcun (19.4 km),19.4,NEW LINE!,as/cn/tian/tianjin.htm
ec20e4a3,2021-12-28,metro,as,cn,Tianjin,Line 6 Meilinlu – Xianshuiguxi (15.3 km),15.3,,as/cn/tian/tianjin.htm
4de6544a,2021-12-28,monorail,as,cn,Wuhu,Line 2 Jiuziguangchang – Wanchunhulu (15.8 km),15.8,NEW LINE!,as/cn/wuhu/wuhu.htm
b4027ce5,2021-12-29,metro,as,in,Kanpur,Blue Line IIT Kanpur – Moti Jheel (8.7 km),8.7,NEW METRO!,as/in/kanpur/kanpur.htm
fd672165,2021-12-29,monorail,,,São Paulo,Line 15 São Mateus – Jardim Colonial (1.7 km),1.7,,
f1b4546c,2021-12-30,metro,as,cn,Qingdao,Line 1 Qingdao North Railway Station – Wangjiagang (38.3 km),38.3,,as/cn/qing/qingdao.htm
d481a6c1,2021-12-30,metro,as,cn,Shanghai,Line 14 Fengbang – Guiqiao Road (38.2 km),38.2,NEW LINE!,as/cn/shan/shanghai.htm
50a4d2a8,2021-12-30,metro,as,cn,Shanghai,Line 18 Yuqiao – South Changjiang Road (20.1 km),20.1,,as/cn/shan/shanghai.htm
3371a09b,2021-12-31,metro,as,cn,Beijing,Line 8 National Art Museum – Zhushikou Line 11 Jin’anqiao – Xinshougang (Shougang Park) NEW LINE! Line 14 Xiju – Beijing South Railway Station Line 16 Ganjiakou – Yuyuantan Park East Gate (1 km),1,,as/cn/beij/beijing.htm
612ada12,2021-12-31,metro,as,cn,Beijing,Line 17 Shilihe – Jiahuihu (16.5 km),16.5,NEW LINE!,as/cn/beij/beijing.htm
6efbc0a6,2021-12-31,metro,as,cn,Beijing,Line 19 Mudanyuan – Xingong (22.4 km),22.4,NEW LINE!,as/cn/beij/beijing.htm
c47b7569,2021-12-31,metro,as,cn,Beijing,Line S1 Jin’anqiao – Pingguoyuan (0.8 km),0.8,,as/cn/beij/beijing.htm
6dd813a9,2021-12-31,metro,as,cn,Beijing,Changping Line Xi'erqi – Qinghe Railway Station (1.5 km),1.5,,as/cn/beij/beijing.htm
8aee487b,2021-12-31,metro,as,cn,Beijing,Capital Airport Express Dongzhimen – Beixinqiao,,,as/cn/beij/beijing.htm
6a3e0591,2021-12-31,light-rail,as,cn,Changchun,Line 3 [ Xi'an Bridge – ] Changchun Railway Station – Puppet Regime Palace Museum (2.2 km),2.2,,as/cn/chan/changchun.htm
02f0e914,2022-01-01,light-rail,,,Doha (Lusail),Orange Line Legtaifiya – Energy City South (5.5 km),5.5,,
2a2b9aa3,2022-01-13,metro,eu,fr,Paris,M4 Mairie de Montrouge – Bagneux - Lucie Aubrac (1.8 km),1.8,,eu/fr/paris/paris.htm
eaeddc0b,2022-01-15,tram,as,cn,Jiaxing,Fanggong Rd./Binhe Rd. – Jiaxing Railway Station (0.6 km),0.6,,as/cn/jiaxing/jiaxing.htm
72691d4e,2022-01-25,metro,as,cn,Chongqing,Line 9 Gaotanyan – Xingkedadao (31.5 km),31.5,NEW LINE!,as/cn/chon/chongqing.htm
d417b263,2022-02-16,tram,,,Rabat,Line 2 Hôpital Moulay Youssef – Yacoub Al Mansour (2.4 km),2.4,,
def01be5,2022-02-16,tram,,,Rabat,Hassan II – Hôpital Moulay Abdellah (4.6 km),4.6,,
99d29551,2022-02-21,metro,as,cn,Hangzhou,Line 3 Chaowang Road – Xingqiao (21 km),21,NEW LINE!,as/cn/hang/hangzhou.htm
867065fc,2022-02-21,metro,as,cn,Hangzhou,Line 4 Pengbu – Chihua Street (26 km),26,,as/cn/hang/hangzhou.htm
d62aa90e,2022-02-21,metro,as,cn,Hangzhou,Line 10 Yisheng Road – Cuibai Road (12 km),12,NEW LINE!,as/cn/hang/hangzhou.htm
30b264af,2022-03-06,metro,as,in,Pune,Vanaz – Garware College (5 km),5,,as/in/pune/pune.htm
c41e7a26,2022-03-06,metro,as,in,Pune,Pimpri – Phugewadi (5.8 km),5.8,NEW METRO!,as/in/pune/pune.htm
14db3ab8,2022-03-13,metro,as,in,Chennai,Blue Line Wimco Nagar – Wimco Nagar Depot (0.5 km),0.5,,as/in/chen/chennai.htm
fdd7a751,2022-03-19,metro,as,kr,Seoul,Line 4 Danggogae – Jinjeop (14.2 km),14.2,,as/kr/seoul/seoul.htm
090d5b86,2022-03-21,light-rail,,,Boston,Lechmere – Union Square (1.7 km),1.7,,
63718670,2022-03-25,tram,eu,es,Bilbao,Atxuri – Bolueta (2.3 km),2.3,,eu/es/bilbao/bilbao-tram.htm
61d05d72,2022-03-29,metro,as,in,Delhi,Green Line Punjabi Bagh West station,,,as/in/delhi/delhi.htm
0d63cd79,2022-03-31,s-bahn,as,cn,Guangzhou,Line 22 Panyu Square – Chentougang (18.2 km),18.2,NEW LINE!,as/cn/guan/guangzhou.htm
fd54425d,2022-03-31,tram,eu,ru,Krasnodar,Solnechnaya – Ul. Petra Metal'nikova (2.5 km),2.5,,eu/ru/krasnodar/krasnodar.htm
2847cf83,2022-04-01,metro,as,cn,Hangzhou,Line 7 Citizen Center – Wushan Square (6 km),6,,as/cn/hang/hangzhou.htm
ddaad75b,2022-04-01,metro,as,cn,Hangzhou,Line 9 Coach Center – Guanyintang (12 km),12,,as/cn/hang/hangzhou.htm
14739cb1,2022-04-02,metro,as,in,Mumbai,Line 2A/7 Dhanukarwadi – Dahisar East – Aarey (8.9+9.5 = 18.4 km),,NEW LINE!,as/in/mumb/mumbai.htm
58a1e39b,2022-04-09,tram,eu,cz,Praha,Line 5 Sidliste Barrandov – Holyne (1 km),1,,eu/cz/praha/praha-tram.htm
44862c50,2022-04-23,tram,eu,pl,Poznan,Line 10 Lechicka/Naramowicka – Blazeja (1.7 km),1.7,,eu/pl/poz/poznan.htm
8d6c0f6c,2022-04-25,tram,eu,de,Darmstadt,Line 2 Jahnstraße – TU-Lichtwiese (1.1 km),1.1,,eu/de/da/darmstadt.htm
bdd762a9,2022-04-29,metro,as,cn,Fuzhou,Line 5 Ancient Luozhou Town – Jingxi Houyu,,NEW LINE!,as/cn/fuzhou/fuzhou.htm
2c5b3e22,2022-04-29,metro,as,cn,Shaoxing,Line 1 China Textile City – Fangquan,,,as/cn/shaoxing/shaoxing.htm
afcd6d8f,2022-05-01,metro,as,cn,Guangzhou,Line 7 Guangzhou South Railway Station - Meidi Dadao (13.4 km),13.4,,as/cn/guan/guangzhou.htm
b66e7b36,2022-05-08,tram,,,Mauritius,ME Quatre Bornes – Phoenix (3.6 km),3.6,,
791c289d,2022-05-15,s-bahn,as,cn,Hong Kong,East Rail Hung Hom – Admiralty (4.6 km),4.6,,as/cn/hong/hong-kong.htm
fa70d611,2022-05-17,tram,eu,es,Valencia,Line 10 Alacant – Natzaret (5 km),5,,eu/es/val/valencia.htm
16578de0,2022-05-20,tram,,,Tempe (Phoenix),Marina Heights/Rio Salado – Dorsey/Apache (4.8 km),4.8,NEW TRAM!,
37ede27b,2022-05-24,s-bahn,eu,uk,London,Elizabeth Line Paddington – Abbey Wood (~22.5 km),22.5,NEW LINE!,eu/uk/lon/london.htm
c23c0926,2022-05-28,tram,eu,dk,Odense,T1 Tarup Center – Hjallese Station (14.5 km),14.5,NEW TRAM!,eu/dk/odense/odense.htm
c4939f6b,2022-05-28,metro,as,kr,Seoul,Sillim Line Saetgang – Gwanaksan (8.1 km),8.1,NEW LINE!,as/kr/seoul/seoul.htm
d5cb5e26,2022-05-28,metro,as,kr,Seoul,Shinbundang Line Gangnam – Sinsa (2.2 km),2.2,,as/kr/seoul/seoul.htm
27f4b040,2022-05-30,metro,as,kz,Almaty,Moskva – Bauyrzhan Momyshuly (3.1 km),3.1,,as/kz/almaty/almaty.htm
efb20851,2022-05-31,metro,eu,fr,Paris,Line 12 Front Populaire – Mairie d'Aubervilliers,,,eu/fr/paris/paris.htm
fbb010f5,2022-06-10,metro,as,cn,Hangzhou,Line 3 Chaowang Road – West Wenyi Road / Shima (31 km),31,,as/cn/hang/hangzhou.htm
c8e4af03,2022-06-16,metro,,,Kuala Lumpur,Putrajaya Line (Kwasa Damansara) – Sungai Buloh – Kampung Batu (12.1 km),12.1,NEW LINE!,
7dfd002d,2022-06-18,metro,as,cn,Chongqing,Line 4 Tangjiatuo – Huangling (32.8 km),32.8,,as/cn/chon/chongqing.htm
aa1997ff,2022-06-20,s-bahn,as,cn,Zhengzhou,Chengjiao Line Xinzheng Int’l Airport – Zhengzhou Hangkonggang Railway Station (9 km),9,,as/cn/zheng/zhengzhou.htm
e5adf833,2022-06-24,metro,as,cn,Hangzhou,Line 10 Cuibai Road – Xueyuan Road,,,as/cn/hang/hangzhou.htm
8bccf6e0,2022-06-25,tram,as,cn,Jiaxing,T1 Jiaxing Railway Station – East Zhongshan Rd/Anle Rd,,,as/cn/jiaxing/jiaxing.htm
706f7c3d,2022-06-28,metro,as,cn,Changsha,Line 6 Xiejiaqiao – Huanghua Airport T1&T2 (48.1 km),48.1,NEW LINE!,as/cn/changsha/changsha.htm
289bcf67,2022-06-29,metro,as,cn,Kunming,Line 5 World Horti-Expo Garden – Baofeng (26.5 km),26.5,NEW LINE!,as/cn/kunming/kunming.htm
7f20e546,2022-06-30,metro,eu,pl,Warszawa,Line 2 Ksiecia Janusza – Bemowo (2.1 km),2.1,,eu/pl/war/warszawa.htm
9190bf35,2022-07-02,tram,as,tr,Bursa,T2 Kent Meydani – Terminal (8.2 km),8.2,,as/tr/bursa/bursa.htm
25b513d2,2022-07-03,s-bahn,,,al-Qahirah (Cairo),Capital Train Adly Mansour - Arts & Culture City (65 km),65,,
7d2c77a8,2022-07-03,s-bahn,,,al-Qahirah (Cairo),/ Knowledge City (8.5 km),8.5,NEW LINE!,
14367973,2022-07-06,light-rail,eu,fr,Paris,T13 St-Cyr – St-Germain-en-Laye (18.8 km),18.8,,eu/fr/paris/tram/paris-tram.htm
6e8837df,2022-07-12,metro,as,in,Kolkata,Line 2 Phoolbagan – Sealdah (2.1 km),2.1,,as/in/kolk/kolkata.htm
2012eeb6,2022-07-17,tram,eu,uk,Birmingham (UK),Library/Centenary Sq – Edgbaston Village (1.1 km),1.1,,eu/uk/bir/birmingham.htm
b4f91f90,2022-07-18,s-bahn,eu,uk,London,Overground Barking – Barking Riverside (4.5 km),4.5,,eu/uk/lon/london.htm
1a0c0762,2022-08-06,s-bahn,as,cn,Chongqing,Jiangtiao Line Tiaodeng – Shengquansi (28.2 km),28.2,,as/cn/chon/chongqing.htm
8f23a54c,2022-08-28,metro,as,cn,Fuzhou,Line 6 Pandun – Wanshou (31.3 km),31.3,NEW LINE!,as/cn/fuzhou/fuzhou.htm
a49875bb,2022-08-28,tram,eu,pl,Kraków,Lines 10/11/50 Lagiewniki SKA – Kurdwanów (1.6 km),1.6,,eu/pl/kra/krakow.htm
f01274ee,2022-08-29,tram,eu,fr,Caen,Line T3 Collège Hawking – Hauts de l'Orne (0.6 km),0.6,,eu/fr/caen/caen-tram.htm
5ad94228,2022-08-30,s-bahn,as,cn,Jinhua,Jinyi Line Jinhua Railway Station – Qintang (58.4 km),58.4,NEW METRO!,as/cn/jinhua/jinhua.htm
45ac8a25,2022-08-31,tram,eu,ru,Yekaterinburg,Line 333 Frezerovshchikov – Verkhnyaya Pyshma (8.5 km),8.5,,eu/ru/yekatarin/yekaterinburg-tram.htm
909cb872,2022-09-01,metro,as,in,Kochi,Petta – SN Junction (2 km),2,,as/in/kochi/kochi.htm
cd82049c,2022-09-11,tram,eu,lu,Luxembourg,Gare Centrale – Lycée Bouneweg (1.4 km),1.4,,eu/lu/luxembourg.htm
9f84900b,2022-09-13,light-rail,,,Cochabamba,Red Line Estación Central San Antonio – Est. Municipal Agronomía (5.5 km),5.5,NEW TRAM!,
a9fbe940,2022-09-13,light-rail,,,Cochabamba,Green Line Estación Central San Antonio – Av. Ferroviaria (13.2 km),13.2,,
0dc7c7d5,2022-09-20,metro,eu,fr,Rennes,Line B Saint-Jacques - Gaîté – Cesson-Viasilva (13 km),13,NEW LINE!,eu/fr/rennes/rennes.htm
b5e6e81a,2022-09-22,metro,as,cn,Hangzhou,Line 3 West Wenyi Road – Wushanqiancun (5 km),5,,as/cn/hang/hangzhou.htm
633419d2,2022-09-22,metro,as,cn,Hangzhou,Line 10 Xueyuan Road – Huanglong Sports Center (1.5 km),1.5,,as/cn/hang/hangzhou.htm
e3914427,2022-09-22,metro,as,cn,Hangzhou,Line 19 West Railway Station – Yongsheng Road (55 km),55,,as/cn/hang/hangzhou.htm
1434f9ed,2022-09-28,metro,eu,pl,Warszawa,Line 2 Trocka – Bródno (3.9 km),3.9,,eu/pl/war/warszawa.htm
259b0c18,2022-09-30,metro,as,cn,Dalian,Line 2 Xinzhaizi – Dalian North Railway Station (12.2 km),12.2,,as/cn/dalian/dalian.htm
2bb2cf27,2022-09-30,s-bahn,as,cn,Nanjing,Line S8 Taishanxincun – Changjiangdaqiaobei (2 km),2,,as/cn/nanj/nanjing.htm
2de8276e,2022-09-30,metro,as,cn,Zhengzhou,Line 6 Jiayu – Changzhuang (17 km),17,NEW LINE!,as/cn/zheng/zhengzhou.htm
4310e92b,2022-10-02,metro,as,in,Ahmedabad,Blue Line Apparel Park – Thaltej (12 km),12,,as/in/ahmedabad/ahmedabad.htm
a998f383,2022-10-02,metro,as,tr,Istanbul,M4 Tav santepe – Sabiha Gökcen Havalimani (7.4 km),7.4,,as/tr/istanbul/istanbul.htm
d9652e55,2022-10-05,tram,as,tw,Kaohsiung,Circular Tram Museum of Fine Arts TRA Station (C20) – Heart of Love River (C24) (2.4 km),2.4,,as/tw/kaoh/kaohsiung-tram.htm
db4b1be1,2022-10-06,metro,as,in,Ahmedabad,Red Line APMC – Motera Stadium (18.9 km),18.9,NEW LINE!,as/in/ahmedabad/ahmedabad.htm
4c130756,2022-10-06,metro,,,al-Qahirah (Cairo),Line 3 Attaba – Kit Kat (~4 km),4,,
d54c3472,2022-10-07,light-rail,,,Los Angeles,K Line Expo/Crenshaw – Westchester/Veterans (9.7 km),9.7,NEW LINE!,
46b4aac5,2022-10-09,s-bahn,,,Perth,Bayswater – High Wycombe (8.5 km),8.5,,
96bbf87f,2022-10-10,metro,eu,gr,Athina (Athens),Line 3 Nikaia – Dimotiko Theatro (3.6 km),3.6,,eu/gr/athens/athens.htm
7dfda3a5,2022-10-10,tram,,,Mauritius,ME Phoenix – Curepipe Central (6.9 km),6.9,,
c2b78a62,2022-10-17,tram,eu,fi,Helsinki,Line 9 Eesterinportti – Ilmalantori (1.2 km),1.2,,eu/fi/helsinki/hel-tram/helsinki-tram.htm
9137a4da,2022-10-26,tram,eu,es,Bahía de Cádiz,TramBahía Cádiz – Chiclana Pelagatos (24 km),24,NEW TRAM!,eu/es/cadiz/cadiz.htm
32633fba,2022-10-28,people-mover,as,tr,Istanbul,F4 Rumeli Hisarüstü – Asiyan (0.8 km),0.8,,as/tr/istanbul/istanbul.htm
ba7e91eb,2022-10-28,metro,as,cn,Shenzhen,Line 14 Gangxia North – Shatian (50.3 km),50.3,NEW LINE!,as/cn/shen/shenzhen.htm
d2eaa8f7,2022-10-28,metro,as,cn,Shenzhen,Line 11 Futian – Gangxia North (1.2 km),1.2,,as/cn/shen/shenzhen.htm
97af6efd,2022-11-01,tram,eu,cz,Olomouc,Lines 3 & 5 Trnkova – U Kaplicky (1.2 km),1.2,,eu/cz/olomouc/olomouc.htm
27c419e1,2022-11-05,s-bahn,as,tr,Gaziantep,Gaziray Baspinar – Taslica (24 km),24,,as/tr/gaziantep/gaziantep.htm
70864b69,2022-11-10,metro,as,cn,Nantong,Line 1 Pingchao - Zhenxing Lu (39.2 km),39.2,NEW METRO!,as/cn/nantong/nantong.htm
f538de7a,2022-11-13,metro,,,Singapore,TEL Caldecott – Gardens by the Bay (13.2 km),13.2,,
341dcb3c,2022-11-15,metro,,,Washington DC,Silver Line Wiehle/Reston East – Ashburn (17.9 km),17.9,,
02a08f5c,2022-11-18,metro,as,cn,Tianjin,Line 10 Yutai – Yudongcheng (21 km),21,NEW LINE!,as/cn/tian/tianjin.htm
49d4cc19,2022-11-21,tram,eu,no,Bergen,Line 2 Bystasjonen – Fyllingsdalen (8 km),8,,eu/no/bergen/bergen.htm
c6f9533f,2022-11-26,metro,eu,it,Milano,M4 Linate Aeroporto – Dateo (5.3 km),5.3,NEW LINE!,eu/it/mil/milano.htm
839fa6e7,2022-11-28,metro,as,cn,Shenzhen,Line 6B Guangming – SIAT (6.4 km),6.4,,as/cn/shen/shenzhen.htm
bc64fe85,2022-11-28,metro,as,cn,Shenzhen,Line 12 Zuopaotai East – Waterlands Resort East (40.5 km),40.5,NEW LINE!,as/cn/shen/shenzhen.htm
e401c2f6,2022-11-29,light-rail,as,cn,Guangzhou/Foshan,Nanhai New Transit Sanshanxinchengbei – Linyuedong (4.9 km),4.9,,as/cn/guan/guangzhou.htm
a32477d8,2022-12-01,metro,as,cn,Ningbo,Line 2 Congyuan Road – Honglian (2.9 km),2.9,,as/cn/ningbo/ningbo.htm
655330f5,2022-12-03,metro,eu,fi,Helsinki,Matinkylä – Kivenlahti (7 km),7,,eu/fi/helsinki/helsinki.htm
26343a02,2022-12-11,tram,eu,cz,Brno,Line 8 Osová – Nemocnice Bohunice (0.9 km),0.9,,eu/cz/brno/brno.htm
ecf987ba,2022-12-11,metro,as,in,Nagpur,Aqua Line Sitabuldi – Prajapati Nagar & Orange Line Kasturchand Park – Automotive Square,,,as/in/nagpur/nagpur.htm
ef66d488,2022-12-11,tram,eu,ch,Zürich,Line 20 (Limmattalbahn) Altstetten – Farbhof & Geisswied – Killwangen Bahnhof (9.7 km),9.7,,eu/ch/zh/zuerich.htm
95639a19,2022-12-12,light-rail,,,Boston,Green Line (E) Lechmere – Medford/Tufts (5.2 km),5.2,,
b0d14243,2022-12-19,tram,eu,pl,Katowice/Sosnowiec,Line 15 Zagórze Petla (BMC) – Zagórze Rondo Jana Pawla II (3 km),3,,eu/pl/katow/katowice.htm
7d7b4c17,2022-12-20,people-mover,,,Phoenix,PHX Sky Train Terminal 3 – Rental Car Center (3.5 km),3.5,,
8395afce,2022-12-23,metro,,,Baku,Purple Line Avtovagzal – Xocasan (2.3 km),2.3,,
61e2dc02,2022-12-26,metro,as,cn,Hefei,Line 5 Wanghucheng West – Jiqiao Road (15.5 km),15.5,,as/cn/hefei/hefei.htm
043c084f,2022-12-26,metro,as,cn,Qingdao,Line 4 Hall of the People – Dahedong (30.7 km),30.7,NEW LINE!,as/cn/qing/qingdao.htm
2e2da18b,2022-12-28,metro,,,Dhaka,Line 6 Uttara North – Agargaon (11.7 km),11.7,NEW METRO!,
153aebcd,2022-12-28,metro,,,Dhaka,Line 6 Uttara North – Agargaon (11.7 km; limited service! ),11.7,NEW METRO!,
ce0e19b5,2022-12-28,metro,as,cn,Foshan,Line 3 Zhen’an – Shunde College Railway Station (40.7 km),40.7,NEW LINE!,as/cn/guan/guangzhou.htm
55dab0ec,2022-12-28,light-rail,as,cn,Huangshi,Huangshi Avenue – Garden Expo (26.9 km),26.9,NEW TRAM!,as/cn/huangshi/huangshi.htm
7ff37ae3,2022-12-28,s-bahn,as,cn,Jinhua,Yidong Line Lingyun – Sports Center,,,as/cn/jinhua/jinhua.htm
b3fc79c4,2022-12-28,metro,as,cn,Nanjing,Line 1 Maigaoqiao – Baguazhoudaqiaonan (6.5 km),6.5,,as/cn/nanj/nanjing.htm
c4d0dc05,2022-12-28,metro,as,cn,Nanjing,Line 7 Mufuxilu – Xianxinlu (12.6 km),12.6,NEW LINE!,as/cn/nanj/nanjing.htm
80719860,2022-12-28,metro,as,cn,Shenzhen,Line 16 Universiade – Tianxin (29.2 km),29.2,NEW LINE!,as/cn/shen/shenzhen.htm
1232c04e,2022-12-28,people-mover,as,cn,Shenzhen,Pingshan Skyshuttle Pingshan HSR Station - BYD North (8 km),8,,as/cn/shen/shenzhen.htm
84ceb646,2022-12-28,s-bahn,as,cn,Taizhou,Taizhou Railway Station – South of the City (52.4 km),52.4,NEW METRO!,as/cn/taizhou/taizhou.htm
4a5be7d5,2022-12-29,metro,as,cn,Xi’an,Line 6 Northwestern Polytechnical University - Fangzhicheng (19.5 km),19.5,,as/cn/xian/xian.htm
58bf6cae,2022-12-30,metro,as,in,Kolkata,Line 3 Taratala – Joka (6.5 km),6.5,NEW LINE!,as/in/kolk/kolkata.htm
d739dc28,2022-12-30,metro,as,in,Kolkata,Limited service!,,,as/in/kolk/kolkata.htm
f7fccb94,2022-12-30,metro,as,cn,Wuhan,Line 7 Garden Expo North – Hengdian (21.1 km),21.1,,as/cn/wuhan/wuhan.htm
d3b3c03f,2022-12-30,metro,as,cn,Wuhan,Line 16 Zhoujiahe – Hannan General Airport (4.2 km),4.2,,as/cn/wuhan/wuhan.htm
bbb9a3da,2022-12-31,metro,as,cn,Beijing,Line 16 Yuyuantan Park East Gate – Yushuzhuang (14.3 km),14.3,,as/cn/beij/beijing.htm
2c2793df,2023-01-02,metro,as,tr,Istanbul,M7 Sisli-Mecidiyeköy – Yildiz 2022:,,,as/tr/istanbul/istanbul.htm
4aef8688,2023-01-06,metro,as,tr,Istanbul,M8 Bostanci – Dudullu Parseller,,NEW LINE!,as/tr/istanbul/istanbul.htm
8e8a2994,2023-01-06,metro,as,tr,Istanbul,M8 Bostanci – Parseller (14.3 km),14.3,NEW LINE!,as/tr/istanbul/istanbul.htm
515af417,2023-01-07,light-rail,,,San Francisco,T 4th/King – Chinatown/Rose Pak (2.5 km),2.5,,
a0d7e643,2023-01-09,tram,eu,de,Bochum,302 Laar Mitte – O-Werk (0.6 km),0.6,,eu/de/bo/bochum.htm
52dbe780,2023-01-18,metro,as,cn,Chongqing,Line 9 Xingkedadao – Huashigou (8 km),8,,as/cn/chon/chongqing.htm
4bce2d4f,2023-01-18,metro,as,cn,Chongqing,Line 10 Liyuchi – Houbao (6 km),6,,as/cn/chon/chongqing.htm
9fcbd08e,2023-01-19,metro,as,in,Mumbai,Line 2A Dahanukarwadi – Andheri West (9 km),9,,as/in/mumb/mumbai.htm
0dceff42,2023-01-19,metro,as,in,Mumbai,Line 7 Aarey – Gundavali (6.2 km),6.2,,as/in/mumb/mumbai.htm
313909bb,2023-01-22,metro,as,tr,Istanbul,Line 11 Kagithane – Istanbul Havalimani (Kargo Terminali) (34 km),34,NEW LINE!,as/tr/istanbul/istanbul.htm
c65ff89c,2023-01-23,light-rail,,,Maurice/Mauritius,Rose Hill – Mahatma Gandhi (3.2 km),3.2,,
b5d8cf14,2023-01-23,light-rail,,,Maurice/Mauritius,& Port Louis Victora – Pl. d'Armes,,,
d5df416b,2023-01-25,s-bahn,,,New York City,"LIRR Woodside – Grand Central Madison (~ 5 km, limited service! )",,,
bc02f490,2023-02-04,metro,as,cn,Beijing,Changping Line Qinghe – Xitucheng (9.7 km),9.7,,as/cn/beij/beijing.htm
75f2ada6,2023-02-08,metro,as,ir,Shiraz,"Line 2 Emam Hossein – Qahramanan (xx km, limited service! )",,NEW LINE!,as/ir/shir/shiraz.htm
f7454a73,2023-02-10,light-rail,as,tw,Taipei,Ankeng Line Shisizhang – Shuangcheng (7.7 km),7.7,,as/tw/taip/taipei.htm
263c5b91,2023-02-18,tram,,,Mostaganem,La Salamandre / Nouvelle Gare Routière – Karouba (14 km),14,NEW TRAM!,
f1e91692,2023-02-27,metro,as,cn,Chongqing,Line 5 The Expo Garden Center - Yuegangbeilu (9 km),9,,as/cn/chon/chongqing.htm
9be6c35c,2023-02-27,metro,as,ir,Karaj,"Line 2 Chehel-o-panj Metri Golshahr – Ayatallah Taleqani (5.5 km, limited service! )",5.5,NEW METRO!,as/ir/karaj/karaj.htm
a037dcf1,2023-03-01,metro,eu,ru,Moskva,Line 11 Savyolovskaya – Elektrozavodskaya & Nizhegorodskaya – Kakhovskaya (18.9 km),18.9,,eu/ru/mos/moskva.htm
72acca35,2023-03-04,tram,eu,pl,Gdansk,Ujescisko – Przemyska (1.7 km),1.7,,eu/pl/gdan/gdansk-tram.htm
a3d1a893,2023-03-04,tram,eu,at,Innsbruck,Line 5 Schützenstraße – Rum Bahnhof (1.3 km),1.3,,eu/at/innsbruck/innsbruck.htm
187c157b,2023-03-15,metro,,,Panamá,Line 2 Corredor Sur – Aeropuerto (2 km),2,,
7c22c770,2023-03-16,metro,,,Kuala Lumpur,Putrajaya Line Kampung Batu – Putrajaya Sentral (38.7 km),38.7,,
cfc862c5,2023-03-17,metro,as,cn,Dalian,Line 5 Houguan – Hutan Xinqu (24.5 km),24.5,NEW LINE!,as/cn/dalian/dalian.htm
4f0f585f,2023-03-18,metro,as,ir,Tehran,Line 6 Tarbiat Modares University – Emam Hossein (9.5 km),9.5,,as/ir/tehr/tehran.htm
4c28d99e,2023-03-18,metro,as,ir,Tehran,Line 7 Meydan-e San'at – Shahid Dadman (1.5 km),1.5,,as/ir/tehr/tehran.htm
637a765a,2023-03-18,s-bahn,as,jp,Yokohama,Tokyu/Sotetsu Hiyoshi – Hazawa Yokohama-kokudai,,,as/jp/yokohama/yokohama.htm
ffff1f0c,2023-03-20,s-bahn,,,Tunis,Line E Gare de Tunis – Bougatfa (6.3 km),6.3,,
9b8e103d,2023-03-26,metro,as,in,Bengaluru,Purple Line Krishnarajapura – Whitefield (Kadugodi) (12.9 km),12.9,,as/in/banl/bangalore.htm
d6b393ab,2023-03-27,metro,as,jp,Fukuoka,Nanakuma Line Tenjin-minami – Hakata (1.6 km),1.6,,as/jp/fukuoka/fukuoka.htm
37c7b266,2023-03-27,light-rail,eu,es,Málaga,L1 El Perchel – Atarazanas (1.2 km),1.2,,eu/es/malaga/malaga.htm
1c72094e,2023-03-27,light-rail,eu,es,Málaga,L2 El Perchel – Guadalmedina (0.6 km),0.6,,eu/es/malaga/malaga.htm
a181c83b,2023-03-31,light-rail,eu,nl,Rotterdam,Hoek van Holland Haven – Hoek van Holland Strand (2.1 km),2.1,,eu/nl/rot/rotterdam.htm
0fed5f59,2023-04-07,s-bahn,as,cn,Jinhua,Sports Center – Ming & Qing Dynasty Palaces (~12 km),12,,as/cn/jinhua/jinhua.htm
8e35eb68,2023-04-08,metro,as,tr,Istanbul,M3 Basaksehir MetroKent – Kayasehir Merkez (6.2 km),6.2,,as/tr/istanbul/istanbul.htm
70d50378,2023-04-11,tram,eu,es,Vitoria-Gasteiz,Florida – Salburua (2.4 km),2.4,,eu/es/vitoria/vitoria-gasteiz.htm
69c738dd,2023-04-12,metro,as,tr,Ankara,M4 Atatürk Kültür Merkezi – Kizilay (3.3 km),3.3,,as/tr/ankara/ankara.htm
f8bef16a,2023-04-20,tram,as,tr,Izmit,Plajyolu – Kurucesme (0.9 km),0.9,,as/tr/izmit/izmit.htm
00ee0d5f,2023-04-25,metro,as,uz,Toshkent,Circle Line 7-Bekat – 12-Bekat (7.4 km),7.4,,as/uz/toshkent/toshkent.htm
d86f8178,2023-04-29,tram,eu,fr,Bordeaux,Ligne A Quatre Chemins – Mérignac Aéroport (4.7 km),4.7,,eu/fr/bordeaux/bordeaux-tram.htm
34896f39,2023-05-01,metro,as,ir,Tehran,Line 4 Eram-e Sabz – Allameh Ja'fari (1.4 km),1.4,,as/ir/tehr/tehran.htm
89b73946,2023-05-09,people-mover,as,cn,Changsha,Changsha Dawangshan SkyShuttle Shantang – Guanyingang (8.3 km),8.3,NEW LINE!,as/cn/changsha/changsha.htm
3118ea2e,2023-05-12,metro,as,cn,Zhengzhou,Line 14 Olympic Sports Center - Lianhu (1.7 km),1.7,,as/cn/zheng/zhengzhou.htm
f8a64a2a,2023-05-15,tram,eu,pl,Wroclaw,Lines 18/19 Dmowskiego – Wejherowska (3.6 km),3.6,,eu/pl/wroc/wroclaw.htm
adb4e6fa,2023-05-19,metro,,,Washington DC,YL/BL Potomac Yard station,,,
cd42e31b,2023-05-21,s-bahn,eu,de,Hamburg,S1 Ottensen station,,,eu/de/hh/hamburg.htm
52565eef,2023-05-27,tram,eu,cz,Praha,Line 17 Levského – Libus (1.7 km),1.7,,eu/cz/praha/praha-tram.htm
4c755c57,2023-06-06,light-rail,as,cn,Changchun,Line 4 Tiangong Road – Tianxin Road (4.5 km),4.5,,as/cn/chan/changchun.htm
0112b48c,2023-06-06,light-rail,as,cn,Changchun,[X] 01 June 2023 -- Shanghai,,,as/cn/chan/changchun.htm
c8a616a8,2023-06-07,tram,eu,uk,Edinburgh,St. Andrew Square – Newhaven (4.7 km),4.7,,eu/uk/edin/edinburgh.htm
59a62b3d,2023-06-11,s-bahn,,,Perth,Mandurah Line Lakelands station,,,
44f2fac2,2023-06-14,metro,,,Salvador,Line 1 Pirajá – Campinas (1.5 km),1.5,,
bb43b9f9,2023-06-16,light-rail,,,Los Angeles,"""Regional Connector"" Little Tokyo/Arts District – 7th St/Metro Center (3 km)",3,,
9b888995,2023-06-19,monorail,,,Bangkok,Yellow Line Lat Phrao – Samrong (30.4 km),30.4,NEW LINE!,
42a577c8,2023-06-24,tram,eu,fr,Paris,T10 Antony-Croix de Berny – Jardin Parisien (6.8 km),6.8,NEW LINE!,eu/fr/paris/tram/paris-tram.htm
2c2beb8e,2023-06-24,metro,as,cn,Suzhou,Line 11 Weiting – Huaqiao (41.3 km),41.3,NEW LINE!,as/cn/suzh/suzhou.htm
1a224fd9,2023-06-27,metro,as,cn,Xi'an,Line 2 Xi’anbeizhan – Caotan & Weiqunan – Changninggong (6.9 km),6.9,,as/cn/xian/xian.htm
759637fd,2023-06-27,metro,as,cn,Xi'an,Line 16 Shijingli – Qinchuangyuanzhongxin (15.1 km),15.1,NEW LINE!,as/cn/xian/xian.htm
a9f22a69,2023-06-28,metro,as,cn,Changsha,Xihuan Line Shantang – Xiangtan North Railway Station (17.3 km),17.3,NEW LINE!,as/cn/changsha/changsha.htm
db8d19fc,2023-06-28,s-bahn,as,cn,Nanjing,Line S4 Chahe – Chuzhou Railway Station (44.2 km),44.2,NEW LINE!,as/cn/nanj/nanjing.htm
9d1b4fa1,2023-06-29,metro,as,cn,Lanzhou,Line 2 Dongfanghong Square – Yanbai Bridge (9.1 km),9.1,NEW LINE!,as/cn/lanzhou/lanzhou.htm
9890af22,2023-06-30,metro,,,Honolulu,Skyline Kualaka'i (East Kapolei) – Halawa (Aloha Stadium) (17.8 km),17.8,NEW METRO!,
c463d4b8,2023-07-01,metro,as,cn,Hefei,Line 1 Hefei Railway Station – Zhangwa (4.5 km),4.5,,as/cn/hefei/hefei.htm
e0ebf846,2023-07-01,metro,as,kr,Seoul,Seohae Line Sosa – Daegok (18.3 km),18.3,,as/kr/seoul/seoul.htm
1fbc9063,2023-07-04,metro,eu,it,Milano,M4 Dateo – San Babila (1.7 km),1.7,,eu/it/mil/milano.htm
d105b716,2023-07-08,tram,eu,fr,Angers,Belle-Beille Campus – Molière (4.8 km),4.8,,eu/fr/angers/angers.htm
72233632,2023-07-08,tram,eu,fr,Angers,Centre de Congrès – Monplaisir (3.6 km),3.6,,eu/fr/angers/angers.htm
e32c4691,2023-07-08,tram,eu,fr,Angers,),,,eu/fr/angers/angers.htm
136fd4a6,2023-07-22,tram,eu,pl,Gorzów,Lines 1/3 (Dowgielewiczowej –) Szarych Szeregów (ex Silwana) – Fieldorfa-Nila (1 km),1,,eu/pl/gorzow/gorzow.htm
f33d41d0,2023-07-26,metro,as,cn,Shaoxing,Line 2 Jinghu Hospital - Tandu (10.8 km),10.8,NEW LINE!,as/cn/shaoxing/shaoxing.htm
83120400,2023-07-26,metro,as,cn,Shaoxing,[X] 24 July 2023 -- Toronto -- Line 3 Scarborough RT permanently closed after derailment,,,as/cn/shaoxing/shaoxing.htm
2d0d4a09,2023-07-29,tram,,,Doha,Education City Tram Green Line Academy - Sidra,,,
ee4628a0,2023-07-31,metro,,,Montréal,REM Line A Gare Centrale – Brossard (16.3 km),16.3,NEW LINE!,
89e19655,2023-07-31,metro,as,tw,Taoyuan,Line A Huanbei – Laojie River (0.8 km),0.8,,as/tw/taip/taoyuan.htm
664c1610,2023-08-01,metro,as,in,Pune,Line 1 Phugewadi – Civil Court (7.9 km),7.9,,as/in/pune/pune.htm
d3d45bfe,2023-08-01,metro,as,in,Pune,Line 2 Garware College – Ruby Hall Clinic (5.1 km),5.1,,as/in/pune/pune.htm
cd0f58cf,2023-08-07,tram,eu,fi,Tampere,Line 3 Pyynikintori – Santalahti (2 km),2,,eu/fi/tampere/tampere.htm
8921ca5c,2023-08-17,s-bahn,eu,ru,Moskva,D3 (Zelenograd-Kryukovo – ) Rizhskaya – Elektrozavodskaya ( – Ippodrom),,,eu/ru/mos/moskva.htm
d398fef7,2023-08-18,light-rail,as,il,Tel Aviv,Red Line Bat Yam (HaKomemiyut) – Kiryat Arye / Petah Tikva,,NEW TRAM!,as/il/tlav/tel-aviv.htm
d1b240d4,2023-08-26,tram,as,jp,Utsunomiya,Utsunomiya Station East – Haga Takanezawa Industrial Park (14.6 km),14.6,NEW TRAM!,as/jp/utsunomiya/utsunomiya.htm
c0fb7a5e,2023-08-26,s-bahn,as,cn,Wenzhou,S2 Dongshan – Qingdong Road (63 km),63,NEW LINE!,as/cn/wenzhou/wenzhou.htm
4b504c7a,2023-08-27,metro,as,cn,Fuzhou,Line 4 Fenghuangchi – Difengjiang (24 km),24,,as/cn/fuzhou/fuzhou.htm
70992501,2023-08-27,metro,as,cn,Fuzhou,Line 5 Ancient Luozhou Town – Fuzhou South Station (5.3 km),5.3,,as/cn/fuzhou/fuzhou.htm
b8479ed2,2023-08-28,metro,as,id,Jakarta,Jabodebek LRT Dukuh Atas – Jati Mulya / Harjamukti (42 km),42,NEW LINE!,as/id/jaka/jakarta.htm
165304fd,2023-08-28,tram,as,cn,Suzhou,T2 Hangchuanbang – Nanjing University East (1.8 km),1.8,,as/cn/suzh/suzhou.htm
a1be0113,2023-08-30,tram,as,tr,Istanbul,T5 Cibali – Eminönü (0.9 km),0.9,,as/tr/istanbul/istanbul.htm
6684862b,2023-09-01,tram,eu,pl,Torun,Lines 3/6 Waly gen. Sikorskiego – Heweliusza (5.5 km),5.5,,eu/pl/torun/torun.htm
6722e0d7,2023-09-03,tram,eu,pl,Wroclaw,Lines 13/ 23 Park Biznesu – Wr.-Nowy Dwór P+R (4.6 km),4.6,,eu/pl/wroc/wroclaw.htm
016b34e9,2023-09-04,tram,eu,pl,Kraków,Lines 18/50 Krowodrza Górka – Papierni Pradnickich (3.6 km),3.6,,eu/pl/kra/krakow.htm
445a1704,2023-09-04,metro,,,Lagos,Blue Line Marina – Mile 2 (13 km),13,NEW METRO!,
5e81aac5,2023-09-06,metro,eu,ru,Moskva,Line 8A Rasskazovka – Aeroport Vnukovo (6.2 km),6.2,,eu/ru/mos/moskva.htm
cefa7cfc,2023-09-07,metro,eu,ru,Moskva,Line 10 Seligerskaya – Fiztekh (5.1 km),5.1,,eu/ru/mos/moskva.htm
bd5b0726,2023-09-08,metro,as,cn,Zhengzhou,Line 3 Yinggang – Binhe Xincheng Nan (6.3 km),6.3,,as/cn/zheng/zhengzhou.htm
91b4ea67,2023-09-09,tram,eu,de,Berlin,Line 10 Hauptbahnhof – Turmstraße (1.5 km),1.5,,eu/de/b/tram/berlin-tram.htm
49d07a20,2023-09-09,s-bahn,eu,ru,Moskva,D4 (Aprelevka – ) Minskaya – Kurskaya ( – Zheleznodorozhnaya),,,eu/ru/mos/moskva.htm
dd60726d,2023-09-14,tram,,,Cochabamba,Red Line E.C. San Antonio – Estación Antigua de Cochabamba (0.9 km),0.9,,
75b6b190,2023-09-15,s-bahn,,,México/Toluca,'El Insurgente' Lerma – Zinacantepec (18.2 km),18.2,,
518f8e37,2023-09-16,tram,,,Tacoma,Theater District (> Old City Hall) – St. Joseph (3.8 km),3.8,,
cf9e65d1,2023-09-17,tram,eu,uk,Birmingham (UK),The Royal – Wolverhampton Station (0.5 km),0.5,,eu/uk/bir/birmingham.htm
51ce1d53,2023-09-17,metro,as,in,Delhi,Orange Line Dwarka Sector 21 – YashoBhoomi Dwarka Sector 25 (2 km),2,,as/in/delhi/delhi.htm
6077805a,2023-09-21,tram,,,Cochabamba,Green Line Quillacollo – E.M. Vinto (3.8 km),3.8,,
4b60888e,2023-09-21,metro,as,cn,Xi'an,Line 1 Fenghesenlingongyuan – Xianyangxizhan (10.6 km),10.6,,as/cn/xian/xian.htm
adbeea3b,2023-09-25,metro,,,Santiago,Line 3 Los Libertadores – Plaza Quilicura (3.8 km),3.8,,
ec4bfbd1,2023-09-26,monorail,as,cn,Wuhan,Optics Valley Sky Rail Jiufengshan – Longquanshan (10 km),10,NEW LINE!,as/cn/wuhan/wuhan.htm
418ea4f3,2023-09-28,metro,as,cn,Zhengzhou,Line 10 Zhengzhou Railway Station – Zhengzhouxi Railway Station (21.9 km),21.9,NEW LINE!,as/cn/zheng/zhengzhou.htm
737ed91f,2023-09-29,metro,as,cn,Harbin,Line 3 Taipingqiao – Chinese-baroque Block (3.3 km),3.3,,as/cn/harbin/harbin.htm
3c49abe4,2023-09-29,metro,as,cn,Shenyang,Line 2 Quanyun Lu – Taoxian Jichang (14.2 km),14.2,,as/cn/shny/shenyang.htm
e9a1e606,2023-09-29,metro,as,cn,Shenyang,Line 4 Zhengxin Lu – Chuangxin Lu (34 km),34,NEW LINE!,as/cn/shny/shenyang.htm
b7e8cc1c,2023-10-09,metro,as,in,Bengaluru,Purple Line Baiyappanahalli – Krishnarajapura (2.8 km),2.8,,as/in/banl/bangalore.htm
47a93e7b,2023-10-09,metro,as,in,Bengaluru,Kengeri – Challaghatta (2 km),2,,as/in/banl/bangalore.htm
4317d890,2023-10-10,metro,as,ir,Tehran,Line 6 Shahid Sattari – Shahid Arman Aliverdi (Kouhsar) & Line 7 Shahid Dadman – Meydan-e Ketab,,,as/ir/tehr/tehran.htm
0cc92ad5,2023-10-13,tram,eu,cz,Praha,Line 4/5 Holyne – Slivenec (0.5 km),0.5,,eu/cz/praha/praha-tram.htm
bcb8882f,2023-10-20,s-bahn,as,in,Delhi,RapidX Sahibabad – Duhai (17 km),17,,as/in/delhi/delhi.htm
916a2435,2023-10-20,metro,eu,fr,Lyon,Ligne B Gare d’Oullins – Saint Genis-Laval Hôpital Lyon Sud (2.4 km),2.4,,eu/fr/lyon/lyon.htm
f2a9b643,2023-10-21,tram,eu,fi,Helsinki,"Line 15 ""Jokeri"" Itäkeskus – Keilaniemi (25 km)",25,NEW LINE!,eu/fi/helsinki/hel-tram/helsinki-tram.htm
1e3260ba,2023-10-23,tram,eu,cz,Praha,Line 20/26 Divoka Sarka – Dedina (2 km),2,,eu/cz/praha/praha-tram.htm
3898ccbf,2023-10-26,s-bahn,as,cn,Qingdao,Line 13 Jinggangshan Road – Jialingjiang West Road (2.8 km),2.8,,as/cn/qing/qingdao.htm
ab76c6c0,2023-10-28,tram,as,tr,Kayseri,T4 Sehit Mustafa Simsek – Izzet Bayraktar Camii (5 km),5,,as/tr/kayseri/kayseri.htm
7cb519e0,2023-10-29,tram,,,Milwaukee,L Wisconsin Ave – Lakefront (0.6 km; Sun only!),0.6,,
78276081,2023-11-04,tram,,,Edmonton,Valley Line 102 Street – Mill Woods (13 km),13,NEW LINE!,
7754d15e,2023-11-05,metro,,,Dhaka,Line 6 Agargaon – Motijheel (8.5 km),8.5,,
251753c6,2023-11-06,tram,eu,pl,Bydgoszcz,Most Kazimierza Wielkiego – Torunska/Kazimierza Wielkiego (0.6 km),0.6,,eu/pl/bydg/bydgoszcz.htm
b6a83b66,2023-11-15,metro,eu,ro,Bucuresti,M2 Berceni – Tudor Arghezi (1.6 km),1.6,,eu/ro/buc/bucurest.htm
4b0a42aa,2023-11-17,metro,as,in,Navi Mumbai,Line 1 Belapur – Pendhar (11.1 km),11.1,NEW METRO!,as/in/mumb/navi-mumbai.htm
9750e660,2023-11-21,metro,,,Bangkok,Pink Line Nonthaburi Civic Center – Min Buri (34.5 km),34.5,NEW LINE!,
92dbbab4,2023-11-22,light-rail,,,Cochabamba,Green Line Estación Municipal Vinto - Estación Municipal Suticollo (8.9 km),8.9,,
84dca2af,2023-11-27,metro,,,Santiago,Line 2 La Cisterna – Hospital El Pino (5.2 km),5.2,,
97c362eb,2023-11-28,s-bahn,as,cn,Chengdu,Line 19 Jiujiang North – Tianfu Station (43.2 km),43.2,,as/cn/chdu/chengdu.htm
7d0e277b,2023-11-30,metro,as,cn,Chongqing,Line 5 Dashiba – Shiqiaopu (4.7 km),4.7,,as/cn/chon/chongqing.htm
5cfe45eb,2023-11-30,metro,as,cn,Chongqing,Line 10 Houbao – Lanhualu (3.8 km),3.8,,as/cn/chon/chongqing.htm
b580240e,2023-11-30,s-bahn,as,ir,Tehran,Line 1 Imam Khomeini Int'l Airport – Shahr-e Parand (19 km),19,,as/ir/tehr/tehran.htm
29b4605e,2023-12-01,metro,,,Quito,Line 1 El Labrador – Quitumbe (22.6 km),22.6,NEW METRO!,
99ac9260,2023-12-01,metro,as,cn,Wuhan,Line 5 Hubei Univ. of Chinese Medicine – Hongxia (2.6 km),2.6,,as/cn/wuhan/wuhan.htm
6c9feafe,2023-12-08,metro,as,cn,Macau,Oceano – Barra (3.3 km),3.3,,as/cn/macau/macau.htm
dee9d187,2023-12-10,tram,eu,ch,Genève,Line 15 Palettes – ZIPLO (2.5 km),2.5,,eu/ch/ge/geneve.htm
3038ec80,2023-12-10,light-rail,eu,de,Hannover,Line 13 Wallensteinstraße – Hemmingen (3.1 km),3.1,,eu/de/h/hannover.htm
ef1ee5c3,2023-12-10,light-rail,eu,fr,Paris,T12 Evry – Massy-Palaiseau (20 km),20,NEW LINE!,eu/fr/paris/tram/paris-tram.htm
c9242e17,2023-12-16,metro,as,cn,Guiyang,Line 3 Luowan - Tongmuling (43 km),43,NEW LINE!,as/cn/guiyang/guiyang.htm
76183163,2023-12-16,s-bahn,as,kr,Seoul,Line 1 Soyosan – Yeoncheon (17.8 km),17.8,,as/kr/seoul/seoul.htm
83a8fa92,2023-12-17,tram,eu,de,Mannheim,Line 16 Bensheimer Str. – Sullivan (1.6 km),1.6,,eu/de/ma/mannheim.htm
af68521d,2023-12-20,metro,as,cn,Zhengzhou,Line 12 Lianghu – Longzihu Dong (16.5 km),16.5,NEW LINE!,as/cn/zheng/zhengzhou.htm
6d323e8d,2023-12-21,metro,,,Lima,Line 2 Evitamiento – Mercado Santa Anita (5 km),5,NEW LINE!,
fb95eaeb,2023-12-22,tram,eu,pl,Katowice,Line 25 Dab Huta Baildon – Katowice Dabrowski (0.6 km),0.6,,eu/pl/katow/katowice.htm
8389659b,2023-12-22,tram,eu,ru,Yekaterinburg,Line 1 Volgogradskaya – Akademika Parina (4.2 km),4.2,,eu/ru/yekatarin/yekaterinburg-tram.htm
145620a6,2023-12-26,metro,as,cn,Harbin,Line 3 Chinese-baroque Block – Beima Road (0.8 km),0.8,,as/cn/harbin/harbin.htm
dc76f2a0,2023-12-26,metro,as,cn,Hefei,Line 2 Sanshibu – Cuozhen (14.5 km),14.5,,as/cn/hefei/hefei.htm
6ac81f0d,2023-12-26,metro,as,cn,Hefei,Line 3 Xingfuba – Sheng Ertong Yiyuan Xinqu (9.5 km),9.5,,as/cn/hefei/hefei.htm
cf14f445,2023-12-26,metro,,,Salvador,Line 1 Campinas – Águas Claras (3 km),3,,
d2f77b5a,2023-12-27,metro,as,cn,Nantong,Line 2 Xingfu – Xianfeng (20.9 km),20.9,NEW LINE!,as/cn/nantong/nantong.htm
698a857c,2023-12-27,metro,as,cn,Shenzhen,Line 8 Yantian Road – Xiaomeisha (8 km),8,,as/cn/shen/shenzhen.htm
299a9372,2023-12-28,metro,as,cn,Chongqing,Line 18 Fuhualu – Tiaodengnan (29 km),29,NEW LINE!,as/cn/chon/chongqing.htm
a7dffeb8,2023-12-28,metro,as,cn,Guangzhou,Line 5 Wenchong – Huangpu New Port (9.8 km),9.8,,as/cn/guan/guangzhou.htm
82c67027,2023-12-28,metro,as,cn,Guangzhou,Line 7 Higher Education Mega Center South – Yanshan (19.9 km),19.9,,as/cn/guan/guangzhou.htm
55380f90,2023-12-28,metro,as,cn,Nanjing,Line 7 Yingtiandajie – Xishanqiao (10.7 km),10.7,,as/cn/nanj/nanjing.htm
9f157da1,2023-12-28,metro,as,cn,Tianjin,Line 11 Dongjiangdao – Dongliliujinglu (13.7 km),13.7,NEW LINE!,as/cn/tian/tianjin.htm
7f5c3101,2023-12-28,s-bahn,as,cn,Zhengzhou,Zhengxu Line Chang’an Lu Bei – Xuchangdong (67.1 km),67.1,NEW LINE!,as/cn/zheng/zhengzhou.htm
d3f56e92,2023-12-30,metro,as,cn,Beijing,Line 11 Jin’anqiao – Moshikou (0.8 km),0.8,,as/cn/beij/beijing.htm
5133f28c,2023-12-30,metro,as,cn,Beijing,Line 16 Yushuzhuang – Wanpingcheng (3.2 km),3.2,,as/cn/beij/beijing.htm
52cb1781,2023-12-30,metro,as,cn,Beijing,Line 17 Workers’ Stadium – Future Science City North (24.9 km),24.9,,as/cn/beij/beijing.htm
c03c7d65,2023-12-30,tram,eu,pl,Olsztyn,Lines 4 & 5 Skwer Wakara – Pieczewo (5.9 km),5.9,,eu/pl/olsztyn/olsztyn.htm
57e17864,2023-12-30,metro,as,cn,Wuhan,Line 19 West Square of Wuhan Railway Station - Xinyuexi Park (23.3 km),23.3,NEW LINE!,as/cn/wuhan/wuhan.htm
5728e1d5,2024-01-01,metro,,,Cairo,Line 3 Kit-Kat – Rod El Farag Corridor (7 km),7,,
9799dd30,2024-01-01,tram,as,tw,Kaohsiung,Heart of Love River – Kaisyuan Park (4.9 km),4.9,,as/tw/kaoh/kaohsiung-tram.htm
c92c11c6,2024-01-01,tram,as,tw,Kaohsiung,2023:,,,as/tw/kaoh/kaohsiung-tram.htm
618f9e02,2024-01-08,tram,eu,pl,Krakow,Lines 18/50 Papierni Pradnickich – Gorka Narodowa (0.7 km),0.7,,eu/pl/kra/krakow.htm
ff8153e5,2024-01-25,tram,eu,lv,Daugavpils,Lines 3/5 Butlerova iela – Stropi ezers (1.8 km),1.8,,eu/lv/dauga/daugavpils.htm
6b350915,2024-01-27,tram,as,tr,Izmir,Çevre Yolu – Katip Çelebi Üniversitesi (9.9 km),9.9,,as/tr/izmir/izmir.htm
93b10711,2024-01-27,light-rail,,,Phoenix,19th Ave/Dunlap - Thelda Williams Transit Center (2.6 km),2.6,,
8b6d08db,2024-01-27,light-rail,,,Phoenix,19th Ave/Dunlap – Metro Parkway (2.6 km),2.6,,
2c96b3e7,2024-01-29,metro,as,tr,Istanbul,M11 Kagithane – Gayrettepe (3.5 km),3.5,,as/tr/istanbul/istanbul.htm
ac124bbf,2024-01-31,s-bahn,as,cn,Wuxi,S1 Yanqiao – Jiangyin Bund (30.4 km),30.4,,as/cn/wuxi/wuxi.htm
90172103,2024-02-17,tram,eu,ru,Yekaterinburg,Line 9 Ul. Musorskogo – Luchistaya ulitsa (1.7 km),1.7,,eu/ru/yekatarin/yekaterinburg-tram.htm
62b428a1,2024-02-24,metro,as,tr,Izmir,Fahrettin Altay – Sehitlik (6.3 km),6.3,,as/tr/izmir/izmir.htm
a00dd163,2024-02-26,tram,,,Rio de Janeiro,Line 1/4 Rodoviária – Terminal Intermodal Gentileza (0.4 km),0.4,,
2c72dfa0,2024-03-04,metro,as,tr,Izmir,Sehitlik – Kaymakamlik (0.7 km),0.7,,as/tr/izmir/izmir.htm
23bb74d1,2024-03-05,tram,eu,pl,Warszawa,Reduta Wolska – Szpital Wolski (1.8 km),1.8,,eu/pl/war/tram/warszawa-tram.htm
5818d57e,2024-03-06,metro,as,in,Agra,(Yellow Line) Mankameshwar Mandir – Taj East Gate,,NEW METRO!,as/in/agra/agra.htm
a04feea7,2024-03-06,s-bahn,as,in,Delhi,RapidX Duhai – Modinagar North (17 km),17,,as/in/delhi/delhi.htm
f53f2320,2024-03-06,metro,as,in,Kochi,SN Junction – Thripunithura (1 km),1,,as/in/kochi/kochi.htm
7a532f30,2024-03-06,metro,as,in,Kolkata,"Line 6 Kavi Subhash (New Garia) – Hemanta Mukhopadhay (Ruby) (5.4 km, limited service)",5.4,NEW LINE!,as/in/kolk/kolkata.htm
4f264adf,2024-03-06,metro,as,in,Kolkata,Line 2 Howrah Maidan – Esplanade & Line 3 Taratala – Majerhat (limited service),,,as/in/kolk/kolkata.htm
98281431,2024-03-06,metro,as,in,Pune,Line 2 Ruby Hall Clinic – Ramwadi (5.5 km),5.5,,as/in/pune/pune.htm
cec228f2,2024-03-10,metro,as,tr,Istanbul,M3 Kirazli – Bakirköy Sahil (8.4 km),8.4,,as/tr/istanbul/istanbul.htm
a70d70f4,2024-03-11,metro,as,uz,Toshkent,Circle Line Quruvchilar – Qipchoq (3.5 km),3.5,,as/uz/toshkent/toshkent.htm
f8a3e6e6,2024-03-16,metro,as,tr,Istanbul,M5 Çekmeköy – Samandira Merkez (6.5 km),6.5,,as/tr/istanbul/istanbul.htm
fee9f2cd,2024-03-16,metro,as,ir,Tehran,Line 4 Allameh Ja'fari – Ayatollah Kashani,,,as/ir/tehr/tehran.htm
c09e5735,2024-03-17,tram,as,tr,Izmit,Mehmet Ali Pasa – Sehir Hastanesi (3 km),3,,as/tr/izmit/izmit.htm
375efb4c,2024-03-18,metro,as,tr,Istanbul,M9 Bahariye – Ataköy (12 km),12,,as/tr/istanbul/istanbul.htm
6f1e13c3,2024-03-19,metro,as,tr,Istanbul,M11 Kargo Terminali – Arnavutköy (8.5 km),8.5,,as/tr/istanbul/istanbul.htm
2b36b84a,2024-03-19,metro,as,tr,Istanbul,),,,as/tr/istanbul/istanbul.htm
0cd6b3f1,2024-03-23,metro,as,jp,Osaka,Kitakyu (Midosuji Line) Senri-Chuo – Minoh-Kayano (2.5 km),2.5,,as/jp/osaka/osaka.htm
f20846f3,2024-03-28,metro,as,tr,Bursa,M1 Emek – Gecit/Balat (1.2 km),1.2,,as/tr/bursa/bursa.htm
8396e6e2,2024-03-28,metro,as,cn,Changchun,Line 6 Shuangfeng – Changchun Movie Wonderland (29.6 km),29.6,NEW LINE!,as/cn/chan/changchun.htm
c99160d7,2024-03-30,s-bahn,as,kr,Seoul,GTX-A Suseo – Dongtan (34.9 km),34.9,NEW LINE!,as/kr/seoul/seoul.htm
f6f759b3,2024-03-31,metro,as,cn,Nanjing,Line 5 Wenjinglu – Jiyindadao (12.9 km),12.9,NEW LINE!,as/cn/nanj/nanjing.htm
758a6bf1,2024-04-01,metro,as,cn,Shaoxing,Line 1 Huangjiu Town – Daqingsi (4.1 km),4.1,,as/cn/shaoxing/shaoxing.htm
1a7cd8e1,2024-04-05,tram,eu,fr,Paris,T3b Porte d’Asnières – Porte Dauphine (3.2 km),3.2,,eu/fr/paris/tram/paris-tram.htm
002f532e,2024-04-08,tram,,,Doha/Lusail,Al Wessil - Rawdat Lusail & Tarfat South - Seef Lusail North,,,
d81d8806,2024-04-25,metro,,,Panamá,Line 1 San Isidro – Villa Zaita (2.3 km),2.3,,
8e2cf262,2024-04-26,metro,as,cn,Qingdao,Line 6 Hengyunshan Road – Lingshan Bay (30.5 km),30.5,NEW LINE!,as/cn/qing/qingdao.htm
3adb018d,2024-04-27,light-rail,,,Seattle,Line 2 South Bellevue – Redmond Technology (10.6 km),10.6,,
82867d79,2024-05-01,metro,as,cn,Hefei,Line 4 Beiyanhu – Shaomaigang (12 km),12,,as/cn/hefei/hefei.htm
ee36167a,2024-05-06,s-bahn,eu,fr,Paris,"Line E Haussmann St-Lazare – Nanterre La Folie (8 km, shuttle service from Magenta)",8,,eu/fr/paris/paris.htm
f5df094f,2024-05-14,tram,eu,pl,Warsaw,Line 11 Goworka – Sielce (Czerniakowska) (2.1 km),2.1,,eu/pl/war/tram/warszawa-tram.htm
b91352be,2024-05-15,metro,,,Cairo,Line 3 Kit-Kat – Giza University (7.1 km),7.1,,
ec7c6bd8,2024-05-15,tram,as,cn,Dujiangyan,Bajiao Temple – Mt. Qingcheng / Zijingcheng (17.3 km),17.3,NEW TRAM!,as/cn/dujiangyan/dujiangyan.htm
ccfb5aa3,2024-05-26,s-bahn,as,cn,Guangzhou/Foshan,Guangdong Intercity Foshan West – Dongguan West,,,as/cn/guan/guangzhou.htm
35831c00,2024-06-03,s-bahn,,,Melbourne,Pakenham – East Pakenham (1.9 km),1.9,,
4c7b59e3,2024-06-13,metro,eu,fr,Paris,M11 Mairie des Lilas – Rosny Bois-Perrier (5.4 km),5.4,,eu/fr/paris/paris.htm
19575d6a,2024-06-16,tram,eu,uk,Blackpool,North Pier – North Station (0.5 km),0.5,,eu/uk/black/blackpool.htm
d3f5dff1,2024-06-19,tram,eu,es,Sevilla,T1 San Bernardo – Eduardo Dato (1 km),1,,eu/es/sevilla/sevilla-tram.htm
a0d8bc25,2024-06-22,metro,eu,dk,Copenhagen,M4 København H – København Syd (5 km),5,,eu/dk/kobenhavn/kobenhavn.htm
ba481f6d,2024-06-23,metro,,,Singapore,TEL Gardens by the Bay – Bayshore (10.8 km),10.8,,
be82d11f,2024-06-24,metro,eu,fr,Paris,M14 Mairie de St-Ouen – St-Denis-Pleyel & Olympiades – Aéroport d'Orly (14 km),14,,eu/fr/paris/paris.htm
25c6dc52,2024-06-28,metro,as,cn,Changsha,Line 1 Kaifu District Government – Jinpenqiu (9.9 km),9.9,,as/cn/changsha/changsha.htm
3ca0caf6,2024-06-28,metro,as,cn,Ningbo,Line 5 Xingzhuang Road – Luotuo Bridge,,,as/cn/ningbo/ningbo.htm
b942cd13,2024-06-28,light-rail,eu,pt,Porto,Line D Santo Ovídio – Vila d'Este (3.1 km),3.1,,eu/pt/porto/porto.htm
49199691,2024-06-28,tram,eu,pl,Szczecin,Line 5/7 Krzekowo – Osiedle Zawadzkiego (0.8 km),0.8,,eu/pl/szczn/szczecin.htm
a6d03702,2024-06-29,metro,as,cn,Suzhou,Line 6 Suzhou Xinqu Railway Station – Sangtiandao (35 km),35,NEW LINE!,as/cn/suzh/suzhou.htm
0b07cc35,2024-06-30,metro,as,tw,Kaohsiung,Red Line Kaohsiung Medical University Gangshan Hospital – Gangshan Railway Station (1.5 km),1.5,,as/tw/kaoh/kaohsiung.htm
76374d06,2024-07-01,metro,as,cn,Tianjin,Line 1 Donggulu – Shuangqiaohe,,,as/cn/tian/tianjin.htm
375109a3,2024-07-07,tram,eu,lu,Luxembourg,Lycée Bouneweg – Stadion (3.7 km),3.7,,eu/lu/luxembourg.htm
9a8979e3,2024-07-15,s-bahn,,,Perth,Joondalup Line Butler – Yanchep (14.5 km),14.5,,
3efee454,2024-07-17,metro,eu,it,Naples,Line 6 [Mostra – ] Mergellina – Municipio (3.7 km),3.7,,eu/it/nap/napoli.htm
83bc214d,2024-07-21,tram,eu,nl,Amsterdam,Line 25 Amstelveen Westwijk – Uithoorn Centrum (5.4 km),5.4,,eu/nl/ams/tram/amsterdam-tram.htm
8ab03408,2024-07-22,metro,eu,it,Catania,Nesima – Monte Po (1.3 km),1.3,,eu/it/cat/catania.htm
27c3c4e6,2024-08-06,metro,,,Chicago,Green Line Damen station,,,
4ab2249b,2024-08-08,metro,,,Hanoi,Line 3 Nhon – Cau Giay (7.8 km),7.8,NEW LINE!,
d6b15d7a,2024-08-10,metro,as,kr,Seoul,Line 8 Amsa – Byeollae (12.4 km),12.4,,as/kr/seoul/seoul.htm
b740b76d,2024-08-12,tram,eu,fi,Helsinki,Line 13 Pasila (Maistraatintori) – Nihti (4.3 km),4.3,,eu/fi/helsinki/hel-tram/helsinki-tram.htm
a14ffb5f,2024-08-12,people-mover,as,cn,Xi'an,SkyShuttle Yuhuazhai – Hengye Dadao (17.2 km),17.2,NEW LINE!,as/cn/xian/xian.htm
d32e056f,2024-08-18,s-bahn,as,in,Delhi,RapidX Modinagar North – Meerut South (8 km),8,,as/in/delhi/delhi.htm
f0a74a4a,2024-08-19,metro,,,Sydney,M1 Chatswood – Sydenham (15.5 km),15.5,,
0666aa16,2024-08-23,metro,as,cn,Foshan,Line 3 Zhen’an – Zhongshan Park & Lianhe – Foshan University (22.2 km),22.2,,as/cn/guan/foshan.htm
03a4ddb8,2024-08-30,light-rail,,,Seattle,Line 1 Northgate – Lynnwood (13.6 km),13.6,,
86f24d85,2024-09-01,s-bahn,,,México/Toluca,'El Insurgente' Lerma – Santa Fe (29.7 km),29.7,,
760ed8d7,2024-09-05,metro,eu,ru,Moscow,Line 1 Novomoskovskaya (ex Kommunarka) – Potapovo (1.9 km),1.9,,eu/ru/mos/moskva.htm
02c06d8d,2024-09-07,metro,eu,ru,Moscow,Line 16 Novatorskaya – Tyutchevskaya (7.2 km),7.2,NEW LINE!,eu/ru/mos/moskva.htm
d40c6e17,2024-09-10,metro,as,cn,Suzhou,Line 8 Xijinqiao – Chefang (35.5 km),35.5,NEW LINE!,as/cn/suzh/suzhou.htm
e18e5ff4,2024-09-17,metro,as,in,Ahmedabad,Line 2 Motera – Gandhinagar Sector 1 / GIFT City (15.4 km + 5.4 km),15.4,,as/in/ahmedabad/ahmedabad.htm
74e6b44a,2024-09-23,tram,eu,be,Brussels,Line 10 Heembeek – Hôpital Militaire (4.4 km),4.4,,eu/be/brux/brussels-tram.htm
9b0cbafc,2024-09-23,tram,eu,ru,Moscow,Line 2 Kostomarovskiy Most – Metro Ploschad Ilyicha (0.8 km),0.8,,eu/ru/mos/tram/moscow-tram.htm
4aa6dc68,2024-09-24,tram,,,Casablanca,T3 Gare de Casa-Port – Hay El Wahda (14.1 km),14.1,,
916b6654,2024-09-24,tram,,,Casablanca,T4 Parc de la Ligue Arabe – Mohammed Erradi (12.5 km),12.5,,
45b98ab7,2024-09-26,metro,as,cn,Xi'an,Line 10 Jingshangcun – Zhaohuiguangchang (34.4 km),34.4,NEW LINE!,as/cn/xian/xian.htm
f5ea08a5,2024-09-26,metro,as,cn,Xi'an,Line 5 Matengkong – Yanminghu (3.4 km),3.4,,as/cn/xian/xian.htm
c54d9145,2024-09-26,metro,as,cn,Xi'an,Line 6 Xi’an Int’l Medical Center – Xi’an South Railway Station (4.5 km),4.5,,as/cn/xian/xian.htm
7992ba96,2024-09-28,metro,as,cn,Tianjin,Line 5 & Jinjing Line Liqizhuangnan – Jinghuadongdao – Tuanboyixueyuan (1.3 km +13.4 km),1.3,,as/cn/tian/tianjin.htm
c081ee1f,2024-09-29,metro,as,cn,Chengdu,Line S3 Futian – Ziyang Bei Station (38.7 km),38.7,NEW LINE!,as/cn/chdu/chengdu.htm
459de9d6,2024-09-29,metro,as,in,Pune,Line 1 District Court – Swargate (3.3 km),3.3,,as/in/pune/pune.htm
b2a02a70,2024-10-01,metro,as,cn,Wuhan,Line 7 Hengdian – Huangpi Square (15.1 km),15.1,,as/cn/wuhan/wuhan.htm
b8a80753,2024-10-07,metro,as,in,Mumbai,Line 3 Aarey JVLR – Bandra-Kurla Complex (12.7 km),12.7,NEW LINE!,as/in/mumb/mumbai.htm
950540ef,2024-10-12,metro,eu,it,Milan,M4 San Babila – San Cristoforo (7.8 km),7.8,,eu/it/mil/milano.htm
3c55f3af,2024-10-15,s-bahn,,,Lagos,"Red Line Oyingbo – Agbado (27 km, limited service)",27,NEW LINE!,
21d2bf9b,2024-10-18,light-rail,eu,de,Stuttgart,U5 Leinfelden Bahnhof – Leinfelden Neuer Markt (0.7 km),0.7,,eu/de/s/stuttgart.htm
50cf393c,2024-10-29,tram,eu,pl,Warsaw,Lines 14 & 16 Spacerowa – Miasteczko Wilanów (6.3 km),6.3,,eu/pl/war/tram/warszawa-tram.htm
f0456907,2024-11-01,metro,as,cn,Guangzhou,Line 3 Panyu Square – Haibang (9.6 km),9.6,,as/cn/guan/guangzhou.htm
d85d2e50,2024-11-01,metro,as,cn,Macau,Seac Pai Van Line Union Hospital – Seac Pai Van (1.6 km),1.6,NEW LINE!,as/cn/macau/macau.htm
06c186e9,2024-11-03,metro,,,Los Angeles,C & K Lines Aviation/LAX – Aviation/Century (1.9 km),1.9,,
3b849d7d,2024-11-07,metro,as,in,Bengaluru,Green Line Nagasandra – Madavara (3.1 km),3.1,,as/in/banl/bangalore.htm
37170e0b,2024-11-10,tram,eu,es,Barcelona,T4 Glòries – Verdaguer (1.8 km),1.8,,eu/es/bcn/bcn-tram.htm
00a91488,2024-11-16,metro,,,Manila,Line 1 Baclaran – Dr. Santos (6.4 km),6.4,,
2c7b7df5,2024-11-18,tram,eu,es,Sevilla,T1 Eduardo Dato – Luis de Morales (0.5 km),0.5,,eu/es/sevilla/sevilla-tram.htm
d1a94e53,2024-11-22,metro,as,cn,Jinan,Line 3 Tantou - Jinan Int'l Airport South (12.7 km),12.7,,as/cn/jinan/jinan.htm
83c59270,2024-11-26,metro,as,cn,Harbin,Line 3 Sports Park – Beima Road (8.6 km),8.6,,as/cn/harbin/harbin.htm
e488eefa,2024-11-30,metro,as,cn,Shanghai,Line 17 Oriental Land – Xicen (6.6 km),6.6,,as/cn/shan/shanghai.htm
659da202,2024-11-30,metro,eu,gr,Thessaloniki,Line 1 New Railway Station – Nea Elvetia (9.6 km),9.6,NEW METRO!,eu/gr/thessaloniki/thessaloniki.htm
26882093,2024-11-30,metro,as,cn,Zhengzhou,Line 6 Changzhuang – Qinghuafuzhong (26.4 km),26.4,,as/cn/zheng/zhengzhou.htm
9fbe0734,2024-12-01,metro,,,Riyadh,Yellow & Purple Lines KAFD – Airport T1-2 / An Naseem (49 km),49,,
4b007886,2024-12-01,metro,,,Riyadh,Blue Line SAB – Ad Dar Al Baida (36.7 km),36.7,NEW METRO!,
2a10f2fc,2024-12-01,metro,as,cn,Suzhou,Line 7 Hongzhuang – Changlou (24.3 km),24.3,,as/cn/suzh/suzhou.htm
6461cddd,2024-12-01,tram,eu,ee,Tallinn,Line 2 Suur Rannavärav (ex Linnahall) – Vanasadam – Paberi (2 km),2,,eu/ee/tallinn/tallinn.htm
781ae83c,2024-12-02,metro,as,cn,Macau,Hengqin Line Lótus – Hengqin (2.2 km),2.2,NEW LINE!,as/cn/macau/macau.htm
1b816506,2024-12-03,metro,as,cn,Xuzhou,Line 3 Xiadian – Zhenxingdadao (6.6 km),6.6,,as/cn/xuzhou/xuzhou.htm
6771dd03,2024-12-03,metro,as,cn,Xuzhou,Gaoxinqunan – Yinshan (1.6 km),1.6,,as/cn/xuzhou/xuzhou.htm
2be516d0,2024-12-08,metro,as,in,Ahmedabad,Blue Line Thaltej – Thaltej Gam (1.3 km),1.3,,as/in/ahmedabad/ahmedabad.htm
a36dfa5e,2024-12-09,s-bahn,,,Perth,Bayswater – Ellenbrook (21 km),21,,
abbe1106,2024-12-10,metro,,,Singapore,NEL Punggol – Punggol Coast (1.7 km),1.7,,
f3b76b42,2024-12-15,metro,as,cn,Beijing,Line 3 Dongsi Shitiao – Dongbabei (14.7 km),14.7,NEW LINE!,as/cn/beij/beijing.htm
23c5d7ba,2024-12-15,metro,as,cn,Beijing,Line 12 Sijiqingqiao – Dongbabei (26.8 km),26.8,NEW LINE!,as/cn/beij/beijing.htm
a45fce2c,2024-12-15,metro,as,cn,Beijing,Changping Line Xitucheng – Jimenqiao,,,as/cn/beij/beijing.htm
83743f8d,2024-12-15,metro,,,Riyadh,Red Line King Saud University – King Fahad Stadium (24.2 km),24.2,NEW LINE!,
32166eb6,2024-12-15,metro,,,Riyadh,Green Line Ministry of Education – National Museum (12.6 km),12.6,NEW LINE!,
b0d79aa9,2024-12-18,metro,as,cn,Qingdao,Line 2 Taishan Road – Sichuan Road,,,as/cn/qing/qingdao.htm
4e9db565,2024-12-19,metro,as,cn,Chengdu,Line 8 Guilong Road – Shilidian & Lianhua – Longgang (7.6 km),7.6,,as/cn/chdu/chengdu.htm
cb94f7b8,2024-12-19,metro,as,cn,Chengdu,Line 27 Shifo – Shuxin Road (24.9 km),24.9,NEW LINE!,as/cn/chdu/chengdu.htm
4eba0c50,2024-12-20,tram,,,Sydney,L4 Parramatta Light Rail Westmead – Carlingford (12 km),12,NEW LINE!,
24880adc,2024-12-20,metro,,,Vancouver,Canada Line Capstan station,,,
6e2c3721,2024-12-21,metro,as,kr,Daegu,Line 1 Ansim – Hayang (8.7 km),8.7,,as/kr/daegu/daegu.htm
f6794bc0,2024-12-22,metro,,,Ho Chi Minh City,Ben Thanh – Suoi Tien (19.7 km),19.7,NEW METRO!,
0f1aba08,2024-12-26,metro,as,cn,Hefei,Line 8 Yilijing – Beicheng Gaotiezhan (22.5 km),22.5,NEW LINE!,as/cn/hefei/hefei.htm
9c3bdfa5,2024-12-26,metro,as,cn,Xi'an,Line 8 Circle Line (50 km),50,NEW LINE!,as/cn/xian/xian.htm
6f944651,2024-12-27,s-bahn,as,cn,Shanghai,Airport Link Line Hongqiao Airport T2 – Pudong Airport T1&2 (59 km),59,NEW LINE!,as/cn/shan/shanghai.htm
ba282f60,2024-12-27,metro,eu,ru,St. Petersburg,Line 4 Spasskaya – Gornyi Institut (3.6 km),3.6,,eu/ru/pet/petersburg.htm
ecb31ae5,2024-12-27,metro,as,cn,Wuhan,Line 11 Wuhandong Railway Station – Jiang'an Road (16.3 km),16.3,,as/cn/wuhan/wuhan.htm
e151f41c,2024-12-28,metro,as,cn,Guangzhou,Line 11 Circle Line (44.2 km),44.2,NEW LINE!,as/cn/guan/guangzhou.htm
1817eefa,2024-12-28,s-bahn,as,cn,Guiyang,S1 Wangchengpo – Zaojiaoba (30.3 km),30.3,NEW LINE!,as/cn/guiyang/guiyang.htm
c432c10d,2024-12-28,metro,eu,ru,Moscow,Line 16 Tyutchevskaya – Novomoskovskaya,,,eu/ru/mos/moskva.htm
dfd04742,2024-12-28,metro,as,cn,Nanjing,Line 7 Yingtiandajie – Mufuxilu,,,as/cn/nanj/nanjing.htm
ff08fdd4,2024-12-28,s-bahn,as,kr,Seoul,GTX-A Seoul Station – Unjeongjungang,,,as/kr/seoul/seoul.htm
2f8e7d39,2024-12-28,metro,as,cn,Shenzhen,Line 3 Shuanglong - Pingdi Liulian (9.4 km),9.4,,as/cn/shen/shenzhen.htm
dbb90276,2024-12-28,metro,as,cn,Shenzhen,Line 7 Xili Lake - SZU Lihu Campus (2.5 km),2.5,,as/cn/shen/shenzhen.htm
80aee140,2024-12-28,metro,as,cn,Shenzhen,Line 11 Gangxia North - Huaqiang South (4.4 km),4.4,,as/cn/shen/shenzhen.htm
d30f99de,2024-12-28,metro,as,cn,Shenzhen,Line 12 Waterlands Resort East - Songgang (8.2 km),8.2,,as/cn/shen/shenzhen.htm
3ca4a6ee,2024-12-28,metro,as,cn,Shenzhen,Line 13 Shenzhen Bay Checkpoint - Hi-Tech Central (xx km),,NEW LINE!,as/cn/shen/shenzhen.htm
eeb84e54,2024-12-28,metro,as,cn,Tianjin,Line 11 Dongjiangdao – Shuishanggongyuanxilu,,,as/cn/tian/tianjin.htm
991b48d2,2024-12-29,metro,as,cn,Zhengzhou,Line 7 Dongzhao – Nangangliu (26.8 km),26.8,NEW LINE!,as/cn/zheng/zhengzhou.htm
b77f124d,2024-12-29,metro,as,cn,Zhengzhou,Line 8 Tianjianhu – Lumiao (51.8 km),51.8,NEW LINE!,as/cn/zheng/zhengzhou.htm
90d6d7d6,2024-12-30,metro,eu,by,Minsk,Line 3 Kavalskaya Slabada – Slutski Gastsinets (4.1 km),4.1,,eu/by/minsk/minsk.htm
ddf60b11,2024-12-30,metro,as,cn,Shenyang,Line 3 Lida – Nan Liguan (23 km),23,NEW LINE!,as/cn/shny/shenyang.htm
e1c0fa86,2025-01-01,metro,as,cn,Hangzhou,Line 5 Jinxing – East Nanhu (1.6 km),1.6,,as/cn/hang/hangzhou.htm
9ef90d7a,2025-01-02,s-bahn,as,cn,Chongqing,Bitong Line Bishan – Tongliangxi (37.5 km),37.5,NEW LINE!,as/cn/chon/chongqing.htm
0e2df9be,2025-01-05,metro,as,in,Delhi,Magenta Line Janakpuri West – Krishna Park Extension (2 km),2,,as/in/delhi/delhi.htm
24b48057,2025-01-05,s-bahn,as,in,Delhi,RapidX Sahibabad – New Ashok Nagar (13 km),13,,as/in/delhi/delhi.htm
a29676fc,2025-01-05,metro,,,Riyadh,Orange Line Jeddah Road – Khashm Al An (39.8 km),39.8,NEW LINE!,
fe955888,2025-01-06,tram,,,Doha/Lusail,Turquoise Line Lusail QNB – Loop (0.8 km),0.8,,
4832bd90,2025-01-06,tram,as,tr,Eskisehir,Otogar – Opera (2.5 km),2.5,,as/tr/eskisehir/eskisehir.htm
52c9daa8,2025-01-07,tram,eu,fi,Tampere,Santalahti – Lentävänniemi (4.6 km),4.6,,eu/fi/tampere/tampere.htm
2efa317a,2025-01-07,tram,eu,fi,Tampere,Santalahti – Pyhällönpuisto (4.6 km),4.6,,eu/fi/tampere/tampere.htm
74c1c04b,2025-01-10,metro,as,cn,Ningbo,Line 4 Cicheng – Cicheng West (1.7 km),1.7,,as/cn/ningbo/ningbo.htm
e5de21d0,2025-01-19,metro,as,jp,Osaka,Chuo Line Cosmosquare – Yumeshima (3.2 km),3.2,,as/jp/osaka/osaka.htm
09f0cfe5,2025-01-25,tram,eu,it,Florence,T2 Fortezza – San Marco-Università (1.8 km),1.8,,eu/it/fir/firenze.htm
a9174de0,2025-01-27,s-bahn,,,Sao Paulo,Line 9 Mendes-Vila Natal - Varginha (1.8 km),1.8,,
af6e4940,2025-02-22,metro,as,cn,Taiyuan,Line 1 Helongwan - Wusu 1hao/2hao Hangzhanlou (28.7 km),28.7,NEW LINE!,as/cn/taiyuan/taiyuan.htm
63ce07b9,2025-02-27,tram,as,il,Jerusalem,Line 1 Mount Herzl – Hadassah Ein Kerem (4.9 km),4.9,,as/il/jeru/jerusalem.htm
66725f6d,2025-02-27,tram,as,il,Jerusalem,Heil Ha-Avir – Neve Ya'akov North (2.0 km),2.0,,as/il/jeru/jerusalem.htm
eb8b7dcc,2025-03-02,tram,eu,lu,Luxembourg,LuxExpo – Findel - Luxembourg Airport (3.9 km),3.9,,eu/lu/luxembourg.htm
fde41165,2025-04-01,metro,eu,it,Naples,Line 1 Garibaldi – Centro Direzionale (1.9 km),1.9,,eu/it/nap/napoli.htm
ce9fd054,2025-04-15,tram,eu,be,Liège,Sclessin Standard – Coronmeuse / Liège Expo (11 km),11,NEW TRAM!,eu/be/liege/liege.htm
e7b84aaf,2025-04-17,metro,as,cn,Ürümqi,Airport MRT International Airport – North International Airport (3.9 km),3.9,NEW LINE!,as/cn/urumqi/urumqi.htm
bf0aabad,2025-04-21,metro,eu,es,Madrid,Line 3 Villaverde Alto – El Casar (3.5 km),3.5,,eu/es/mad/madrid.htm
12cb57d3,2025-04-21,metro,eu,es,Madrid,),,,eu/es/mad/madrid.htm
5a65f8a4,2025-04-27,metro,as,in,Ahmedabad,Line 2 Gandhinagar Sector 1 – Sachivalaya (2.4 km),2.4,,as/in/ahmedabad/ahmedabad.htm
8a813c80,2025-04-28,tram,eu,be,Liège,T1 Standard – Place Coronmeuse / Liège Expo (11 km),11,NEW TRAM!,eu/be/liege/liege.htm
6669f583,2025-05-03,metro,as,ir,Mashhad,Line 2 Shahid Kaveh – Shahid Fakouri,,,as/ir/mash/mashhad.htm
38dee6b6,2025-05-10,metro,as,in,Mumbai,Line 3 Bandra-Kurla Complex – Acharya Atre Chowk (9.8 km),9.8,,as/in/mumb/mumbai.htm
099d940d,2025-05-10,light-rail,,,Seattle,Line 2 Redmond Technology – Downtown Redmond (5.4 km),5.4,,
b074b5f2,2025-05-16,metro,as,cn,Ningbo,Line 4 Dongqian Lake - International Conference Center (2.5 km),2.5,,as/cn/ningbo/ningbo.htm
f9c1a9c6,2025-05-20,monorail,,,Bangkok,Pink Line Mueang Thong Thani – Lake Mueang Thong Thani (2.8 km),2.8,,
356dca63,2025-05-23,tram,eu,fr,Nantes,Line 1 Ranzay – Babinière (1.4 km),1.4,,eu/fr/nantes/nantes-tram.htm
c116e51a,2025-05-30,metro,as,in,Kanpur,Orange Line Moti Jheel - Kanpur Central (7.3 km),7.3,,as/in/kanpur/kanpur.htm
ec359b4c,2025-05-31,metro,as,in,Indore,Yellow Line Veerangana Jhalkari Bai (Super Corridor 3) – Devi Ahilya Bai Holkar Terminal (Gandhinagar) (5.9 km),5.9,NEW METRO!,as/in/indore/indore.htm
1fbffd7f,2025-06-06,light-rail,,,Los Angeles,K/C Westchester/Veterans – Aviation/Century (1.9 km),1.9,,
44c3d81a,2025-06-07,tram,,,Phoenix,Line B Downtown Phoenix Hub – Baseline/Central Ave (7.7 km),7.7,,
0ad77e28,2025-06-09,s-bahn,,,Perth,Thornlie – Cockburn Central (14.5 km),14.5,,
415d0617,2025-06-18,tram,as,cn,Tianshui,Jingkunxijun Tianshui No.3 Middle School – Wulipu & Yangpo East – Tianshui Airport (16.9 km),16.9,,as/cn/tianshui/tianshui.htm
c69d59c0,2025-06-20,tram,as,cn,Guangzhou/Huangpu,Line 2 Xiangxue Subway Station – Kaiyuan Road East (4.9 km),4.9,,as/cn/guan/guangzhou.htm
d88c38d4,2025-06-26,tram,as,kr,Wonsan,Loop Line (10.7 km),10.7,NEW TRAM!,as/kr/wonsan/wonsan.htm
c0d2b13b,2025-06-27,metro,as,cn,Chongqing,Line 6 Liujiaping – Chongqingdong Railway Station (6.9 km),6.9,,as/cn/chon/chongqing.htm
e95d0365,2025-06-27,monorail,eu,ru,Moscow,Line 13 permanently closed,,,eu/ru/mos/moskva.htm
40c9f251,2025-06-28,metro,as,kr,Incheon,Line 1 Gyeyang – Geomdan Lake Park,,,as/kr/incheon/incheon.htm
1a2a5491,2025-06-28,metro,as,cn,Nanchang,Line 1 Shuanggang – Changbei Airport & Yaohu Lake West – Maqiu Line 2 Xinjia'an – Nanchang East Railway Station,,,as/cn/nanchang/nanchang.htm
21df88a7,2025-06-28,tram,eu,pl,Warsaw,Line 19 Sw. Bonifacego – Stegny (0.8 km),0.8,,eu/pl/war/tram/warszawa-tram.htm
5028410c,2025-06-29,metro,as,cn,Guangzhou,Line 10 Xilang – Yangji East  Line 12 Xunfenggang – Guangzhou Gymnasium & Ersha Island – Higher Education Mega Center South,,NEW LINE!,as/cn/guan/guangzhou.htm
26d68db8,2025-06-30,metro,as,cn,Ningbo,Line 8 Kaiyuan Road – Hansong Road (23.3 km),23.3,NEW LINE!,as/cn/ningbo/ningbo.htm
102d6f42,2025-06-30,metro,as,cn,Shaoxing,Line 1 Daqingsi – Exhibition and Convention Center (3.2 km),3.2,,as/cn/shaoxing/shaoxing.htm
abfc11a1,2025-06-30,metro,as,cn,Shenyang,Line 1 Limingguangchang – Shuangma,,,as/cn/shny/shenyang.htm
5640aad6,2025-07-03,metro,eu,es,Palma,M1 UIB – ParcBit (1.4 km),1.4,,eu/es/palma/palma.htm
9aa37038,2025-07-08,metro,as,cn,Tianjin,Line 4 Xiaojie – Xizhan (19.9 km),19.9,,as/cn/tian/tianjin.htm
e0abad8c,2025-07-27,tram,eu,sk,Bratislava,Line 3 Jungmannova – Juzne mesto (3.9 km),3.9,,eu/sk/bratislava/bratislava.htm
de65a404,2025-08-03,tram,as,jp,Hiroshima,Hijiyama-shita – Hiroshima Station (1.1 km),1.1,,as/jp/hiroshima/hiroshima.htm
010d9d0d,2025-08-06,metro,as,cn,Nanjing,Line 5 Wenjinglu – Fangjiaying (24 km),24,,as/cn/nanj/nanjing.htm
3d55c381,2025-08-10,metro,as,in,Bengaluru,Yellow Line Rashtreeya Vidyalaya Road – Delta Electronics Bommasandra (18.8 km),18.8,NEW LINE!,as/in/banl/bangalore.htm
f0d20cef,2025-08-22,tram,as,tr,Izmit,Otogar – Sabanci MTAL (1.4 km),1.4,,as/tr/izmit/izmit.htm
5e9b71c0,2025-08-22,metro,as,in,Kolkata,GL Esplanade – Sealdah ; OL Hemanta Mukhopadhyay – Beleghata ; YL Noapara – Jai Hind/Biman Bandar (Airport),,NEW LINE!,as/in/kolk/kolkata.htm
0f23d023,2025-08-29,metro,as,cn,Ningbo,Line 7 Yufan – Yunlong (39.4 km),39.4,NEW LINE!,as/cn/ningbo/ningbo.htm
afab0955,2025-09-01,tram,eu,at,Vienna,Line 12 Rebhanngasse – Hillerstraße (2 km),2,,eu/at/vienna/tram/wien-tram.htm
b3a0bacd,2025-09-05,metro,eu,ru,Novosibirsk,Leninskaya Sportivnaya station,,,eu/ru/novosib/novosibirsk.htm
c30d812e,2025-09-06,metro,as,ir,Karaj,Line 2 Ayatallah Taleqani – Shahid Soltani (Karaj) (6.5 km),6.5,,as/ir/karaj/karaj.htm
c2ac8518,2025-09-10,tram,eu,ru,Moscow,Line 90 <M> Chistye Prudy – <M> Komsomolskaya (1.6 km),1.6,,eu/ru/mos/tram/moscow-tram.htm
dac32845,2025-09-13,metro,eu,ru,Moscow,Line 16 Novatorskaya – ZIL (9.7 km),9.7,,eu/ru/mos/moskva.htm
b12e2279,2025-09-17,metro,as,cn,Chengdu,Line 10 Taipingyuan – Wuhou Shrine (5.9 km),5.9,,as/cn/chdu/chengdu.htm
f3351ffc,2025-09-17,metro,as,cn,Chengdu,Line 17 Jitouqiao – Gaohong (24.8 km),24.8,,as/cn/chdu/chengdu.htm
b35df298,2025-09-17,tram,,,Cochabamba,Linea Amarilla Aeropuerto – Maica (3 km),3,,
6da14cb9,2025-09-19,metro,,,Los Angeles,Line A APU/Citrus College – Pomona North (14.7 km),14.7,,
8bb9c69a,2025-09-26,metro,as,cn,Nanning,Line 4 Lengtangcun – Longgang (4.5 km),4.5,,as/cn/nanning/nanning.htm
11d67018,2025-09-26,tram,as,cn,Tianshui,Line 1 Tianshui Airport - Fenlukou,,,as/cn/tianshui/tianshui.htm
9244864e,2025-09-28,metro,as,cn,Changchun,Line 2 Dongfang Square – Wukaihe Dajie (10.6 km),10.6,,as/cn/chan/changchun.htm
de94b77c,2025-09-28,metro,as,cn,Shenzhen,Line 6B Guangming – Guangmingcheng (5 km),5,,as/cn/shen/shenzhen.htm
353d80a9,2025-09-28,metro,as,cn,Shenzhen,Line 16 Universiade – Yuanshanxikeng (9.5 km),9.5,,as/cn/shen/shenzhen.htm
40274da9,2025-09-28,metro,as,cn,Tianjin,Line 7 Gulou – Saidalu (21.8 km),21.8,NEW LINE!,as/cn/tian/tianjin.htm
ded20a9b,2025-09-28,metro,as,cn,Xuzhou,Line 6 Xuzhou Tongshan District Hospital of TCM – Xuzhoudong Railway Station (22.9 km),22.9,NEW LINE!,as/cn/xuzhou/xuzhou.htm
79d47254,2025-09-29,s-bahn,as,cn,Fuzhou,Binhai Express Fuzhou Railway Station – Wenling (61.5 km),61.5,NEW LINE!,as/cn/fuzhou/fuzhou.htm
a8e581ee,2025-09-29,metro,as,cn,Guangzhou,Line 13 Yuzhu – Tianhe Park & Line 14 Jiahewanggang – Lejia Road,,,as/cn/guan/guangzhou.htm
c792df48,2025-09-29,s-bahn,as,cn,Guangzhou,Guangdong Intercity Baiyun Airport North – Panyu / Guangzhoulianhuashan,,,as/cn/guan/guangzhou.htm
c6643dff,2025-10-06,metro,as,in,Patna,Blue Line Bhootnath – New ISBT (3.1 km),3.1,NEW METRO!,as/in/patna/patna.htm
7a60bfc2,2025-10-06,tram,eu,at,Vienna,Line 27 Prinzgasse – Aspern Nord (2.1 km),2.1,,eu/at/vienna/tram/wien-tram.htm
5f2d577a,2025-10-09,metro,as,in,Mumbai,Line 3 Acharya Atre Chowk – Cuffe Parade (11 km),11,,as/in/mumb/mumbai.htm
4cb8e07a,2025-10-13,s-bahn,,,Perth,(Beckenham – ) Armadale – Byford (6.9 km),6.9,,
718909cd,2025-10-14,tram,as,tr,Izmit,Sabanci MTAL – Kocaeli Stadyum (2.6 km),2.6,,as/tr/izmit/izmit.htm
4d25e76e,2025-10-16,metro,,,Honolulu,Halawa – Kahauiki (8.5 km),8.5,,
d17f6dbe,2025-10-16,tram,eu,it,Milan,Line 7 Parmenide – Quartiere Adriano (Adriano/Vipiteno) (1.4 km),1.4,,eu/it/mil/tram/milano-tram.htm
e6cf547a,2025-10-18,tram,eu,fr,Montpellier,T1 Odysséum – Gare Sud de France (1.1 km),1.1,,eu/fr/montpellier/montpellier-tram.htm
06c7ce1e,2025-10-24,tram,,,Kansas City,Union Station – UMKC (5.5 km),5.5,,
1061357a,2025-10-26,tram,eu,dk,Copenhagen,Letbane Ishøj – Rødovre Nord (13.1 km),13.1,NEW TRAM!,eu/dk/kobenhavn/kobenhavn.htm
e0e32cb7,2025-11-01,metro,as,cn,Shanghai,Line 2 National Exhibition and Convention Center – Panxiang Road (1.7 km),1.7,,as/cn/shan/shanghai.htm
92904a36,2025-11-10,s-bahn,eu,it,Naples,Line 7 Soccavo – Monte Sant’Angelo,,,eu/it/nap/napoli.htm
f1867113,2025-11-15,tram,eu,fr,Strasbourg,Line F Comtes – Wolfisheim Henri Rendu (4 km),4,,eu/fr/strasbourg/strasbourg-tram.htm
66da5f75,2025-11-17,metro,,,Montreal,REM A4 Gare Centrale – Deux-Montagnes (29.7 km),29.7,,
082f06c4,2025-11-28,metro,as,cn,Dongguan,Line 1 Dongguanxi Railway Station – Meitang (57.5 km),57.5,NEW LINE!,as/cn/dongguan/dongguan.htm
10f933a9,2025-11-29,tram,eu,at,Graz,Lines 16/17 Roseggerhaus – Jakominiplatz (1.1 km),1.1,,eu/at/graz/graz.htm
474b50f0,2025-11-30,s-bahn,,,Melbourne,Metro tunnel South Kensington – Hawksburn (9 km - limited service until 01 Feb 2026),9,,
af4d6de4,2025-12-01,tram,,,Santos,Conselheiro Nébias – Valongo (4.3 km - limited service),4.3,,
9cd10869,2025-12-06,people-mover,as,cn,Jinan,SkyShuttle Line 1 Pengjiazhuang – Shandong Polytechnic – Pengjiazhuang (30.7 km),30.7,NEW LINE!,as/cn/jinan/jinan.htm
e9be5137,2025-12-06,light-rail,,,Seattle,Line 1 Angle Lake – Federal Way Downtown (12.5 km),12.5,,
5b509947,2025-12-07,tram,,,Toronto,Line 6 Finch West – Humber Collage (10.3 km),10.3,NEW LINE!,
83662fd3,2025-12-08,light-rail,,,Buffalo,Canalside – DL&W (0.7 km),0.7,,
564fab5b,2025-12-10,metro,as,cn,Fuzhou,Line 4 Fenghuangchi — Banzhou (4 km),4,,as/cn/fuzhou/fuzhou.htm
fd3452e8,2025-12-14,tram,eu,se,Gothenburg,Lines 10/12 Frihamnen – Lindholmen (2.2 km),2.2,,eu/se/goteborg/goteborg.htm
c8651bd4,2025-12-15,light-rail,,,Guadalajara,Line 4 Las Juntas Tlajomulco Centro (21.7 km),21.7,NEW LINE!,
c00d670c,2025-12-16,metro,as,cn,Chengdu,Line 13 Wayaotan — Long’an (29.1 km),29.1,NEW LINE!,as/cn/chdu/chengdu.htm
1bed3e97,2025-12-16,metro,as,cn,Chengdu,Line 30 East of T2 of Shuangliu Int’l Airport — Longquanyi Railway Station South (28 km),28,NEW LINE!,as/cn/chdu/chengdu.htm
bb30167b,2025-12-16,metro,eu,it,Rome,Line C San Giovanni – Colosseo (2.4 km),2.4,,eu/it/rom/roma.htm
619868d1,2025-12-19,metro,as,cn,Nanjing,Line 3 Mozhoudonglu — Moling (3.3 km),3.3,,as/cn/nanj/nanjing.htm
338bd6dd,2025-12-19,metro,as,cn,Nanjing,Line 10 Andemen — Dongqilu (13.3 km),13.3,,as/cn/nanj/nanjing.htm
b2e35de4,2025-12-20,tram,eu,fr,Montpellier,T5 Clapiers – Saint-Éloi - Docteur Pezet & Gambetta - Saint-Denis – Grés de Montpellier (4.4+6.3 km),,,eu/fr/montpellier/montpellier-tram.htm
d1083562,2025-12-21,metro,as,in,Bhopal,Orange Line Subash Nagar — AIIMS (7.5 km),7.5,NEW METRO!,as/in/bhopal/bhopal.htm
106905a4,2025-12-22,tram,eu,pl,Warsaw,Line 19 Goworka — Pole Mokotowskie (0.9 km),0.9,,eu/pl/war/tram/warszawa-tram.htm
12559c6a,2025-12-24,tram,eu,ru,St. Petersburg,Line 2 Metro Kupchino ( Balkanskiy) — Valdayskaya ulitsa (4.7 km),4.7,,eu/ru/pet/tram/petersburg-tram.htm
027b6770,2025-12-26,metro,as,cn,Hefei,Line 6 (Qinglonggang – ) Beiyanhu – Longtang (34.4 km),34.4,NEW LINE!,as/cn/hefei/hefei.htm
446edfe5,2025-12-26,metro,eu,ru,St. Petersburg,Line 6 Putilovskaya — Yugo-Zapadnaya,,NEW LINE!,eu/ru/pet/petersburg.htm
2197fa80,2025-12-27,metro,as,cn,Beijing,Line 18 Malianwa – Tiantongyuandong (19.8 km),19.8,NEW LINE!,as/cn/beij/beijing.htm
954365b9,2025-12-27,metro,as,cn,Beijing,Line 6 Lucheng – Luyang (2.1 km),2.1,,as/cn/beij/beijing.htm
5b3517d5,2025-12-27,metro,as,cn,Beijing,Line 17 Workers' Stadium – Shilihe (8.2 km),8.2,,as/cn/beij/beijing.htm
3bf0da91,2025-12-27,metro,as,cn,Jinan,Line 4 Shandong First Medical University – Pengjiazhuang (40.3 km),40.3,NEW LINE!,as/cn/jinan/jinan.htm
8f23e0bc,2025-12-27,metro,as,cn,Jinan,Line 6 Shandong University – Liangwang (19.5 km),19.5,NEW LINE!,as/cn/jinan/jinan.htm
4cb7f513,2025-12-27,metro,as,cn,Jinan,Line 8 Xingcun Lijiaoqiao East – Qingyuan Dajie (25.3 km),25.3,NEW LINE!,as/cn/jinan/jinan.htm
19e0efe3,2025-12-27,metro,as,cn,Shanghai,Line 18 South Changjiang Road - Kangwen Road (8 km),8,,as/cn/shan/shanghai.htm
e71d7dca,2025-12-28,metro,as,cn,Shenzhen,Line 13 Hi-Tech Central — Shangwu & Line 8 Xiaomeisha — Xichong,,,as/cn/shen/shenzhen.htm
4e0ad476,2025-12-28,metro,as,cn,Shenzhen,Line 5 Huangbeiling — Grand Theater & Line 11 Huaqiang South — Hongling South,,,as/cn/shen/shenzhen.htm
0101fbe0,2025-12-29,s-bahn,as,cn,Guangzhou,Line 22 Chentougang – Fangcun (11.5 km),11.5,,as/cn/guan/guangzhou.htm
dad14cfb,2025-12-29,metro,as,cn,Xi'an,Line 15 Xiliu – Dongzhaoyu (19.5 km),19.5,NEW LINE!,as/cn/xian/xian.htm
bff764b6,2025-12-30,light-rail,as,cn,Jinan,Jiyang Line Jinan North Railway Station – Jiyang North (36.1 km),36.1,NEW LINE!,as/cn/jinan/jinan.htm
ee0a3260,2026-01-07,tram,eu,fr,Marseille,T3 Arenc – Capitaine Gèze (1.6 km),1.6,,eu/fr/marseille/marseille.htm
e4200f27,2026-01-07,tram,eu,fr,Marseille,Castellane – La Gaye (4.4 km),4.4,,eu/fr/marseille/marseille.htm
5d4d8aa7,2026-01-07,tram,eu,fr,Marseille,Happy New Year 2026!,,,eu/fr/marseille/marseille.htm
c4f4f30c,2026-01-11,metro,as,in,Ahmedabad,Line 2 Sachivalaya – Mahatma Mandir (5.4 km),5.4,,as/in/ahmedabad/ahmedabad.htm
ff8fd639,2026-01-16,metro,as,cn,Ningbo,Line 6 Gulin – Honglian (35.1 km),35.1,NEW LINE!,as/cn/ningbo/ningbo.htm
5c720c49,2026-01-18,metro,as,cn,Tianjin,Line Z4 Beitang – Zhaishang (23.7 km),23.7,NEW LINE!,as/cn/tian/tianjin.htm
65759d82,2026-01-28,s-bahn,as,cn,Guangzhou,Guangzhou-Qingyuan Intercity Huadu – Guangzhoubaiyun,,,as/cn/guan/guangzhou.htm
60713e44,2026-02-02,s-bahn,,,Mexico City/Toluca,El Insurgente Santa Fe — Observatorio (8.5 km),8.5,,
87eb4dd6,2026-02-08,light-rail,,,Toronto,Line 5 Mount Dennis – Kennedy (19 km),19,NEW LINE!,
acb1977d,2026-02-09,metro,,,Belo Horizonte,Line 1 Eldorado — Novo Eldorado (1.5 km),1.5,,
e6c6836b,2026-02-10,metro,as,cn,Chongqing,Line 4 Min’andadao — Shimahelijiao (~10 km),10,,as/cn/chon/chongqing.htm
f0aea09c,2026-02-14,tram,eu,fr,Brest,Line B Gare Gambetta – Hôpital Cavale (5.1 km),5.1,,eu/fr/brest/brest.htm
6c5ec0d0,2026-02-14,tram,eu,fr,Brest,Line B Gares – Hôpital Cavale (5.1 km),5.1,,eu/fr/brest/brest.htm
d210ff5a,2026-02-14,tram,eu,fr,Lyon,T6 Hôpitaux Est-Pinel – La Doua (5.4 km),5.4,,eu/fr/lyon/tram/lyon-tram.htm
136f1bfa,2026-02-22,s-bahn,as,in,Delhi,New Ashok Nagar – Sarai Kale Khan (5.3 km),5.3,,as/in/delhi/delhi.htm
929fa394,2026-02-22,s-bahn,as,in,Delhi,& Meerut South — Modipuram (23.6 km - as part of Meerut Metro,23.6,,as/in/delhi/delhi.htm
2a5023e8,2026-02-25,metro,,,Santo Domingo,Line 2 María Montez — Pablo Adón Guzmán (6.5 km),6.5,,
d3bb2665,2026-02-27,tram,eu,de,Munich,Line 14 Fürstenrieder Straße — Ammerseestraße (1.5 km),1.5,,eu/de/m/tram/muenchen-tram.htm
ed1d11a5,2026-02-28,tram,eu,de,Munich,Line 14 Fürstenrieder Straße — Ammerseestraße (1.5 km),1.5,,eu/de/m/tram/muenchen-tram.htm
10ce54d8,2026-03-08,metro,as,in,Delhi,Pink Line Majlis Park – Maujpur-Babarpur (12.3 km),12.3,,as/in/delhi/delhi.htm
b995b772,2026-03-08,metro,as,in,Delhi,Magenta Line Majlis Park – Deepali Chowk (9.5 km),9.5,,as/in/delhi/delhi.htm
e11a6f46,2026-03-14,s-bahn,as,in,Chennai,MRTS Velachery — St Thomas Mount (4.5 km),4.5,,as/in/chen/chennai.htm
8f78f972,2026-03-20,monorail,,,Cairo,East Nile Monorail Cairo Stadium — New Capital (56.5 km - regular service since 6 May 2026),56.5,,
a5062a73,2026-03-28,s-bahn,eu,de,Berlin,S15 Wedding – Hauptbahnhof (2.2 km),2.2,,eu/de/b/tram/berlin-tram.htm
2f60aef6,2026-03-28,light-rail,,,Seattle,Line 2 International District/Chinatown — South Bellvue (12.8 km),12.8,,
8b2fb83f,2026-03-31,monorail,,,Sao Paulo,Line 17 Morumbi — Aeroporto de Congonhas (6 km; limited service),6,NEW LINE!,
f3a578ea,2026-04-05,tram,eu,uk,Birmingham,Bull St/Corporation St — Millennium Point (0.5 km),0.5,,eu/uk/bir/birmingham.htm
ea398fee,2026-04-08,metro,as,in,Mumbai,Line 2B Diamond Garden — Mandale (5.4 km),5.4,,as/in/mumb/mumbai.htm
87b7e23f,2026-04-08,metro,as,in,Mumbai,Line 9 Dahisar East — Kashigaon (3.6 km),3.6,,as/in/mumb/mumbai.htm
437d8ade,2026-04-18,tram,eu,cz,Prague,Lihovar — Dvorce/Kublov (0.5 km),0.5,,eu/cz/praha/praha-tram.htm
db797a9e,2026-04-22,s-bahn,as,cn,Nanjing,S2 Xishanqiao — Taibai (54.2 km),54.2,NEW LINE!,as/cn/nanj/nanjing.htm
77378f52,2026-04-26,s-bahn,as,cn,Jinhua,Lingyun — Yiwu Railway Station (3.6 km),3.6,,as/cn/jinhua/jinhua.htm
7793730c,2026-05-01,metro,as,cn,Wuhan,Line 12 Gangduhuayuan — Moshuihu Park (35.3 km),35.3,NEW LINE!,as/cn/wuhan/wuhan.htm
bee5e73d,2026-05-08,metro,,,Los Angeles,Line D Wilshire/Western — Wilshire/La Cienega (6.2 km),6.2,,
bcd10fd3,2026-05-16,metro,as,kz,Astana,Nurly Zhol — Airport (21.3 km),21.3,NEW METRO!,as/kz/astana/astana.htm
a4ef64e2,2026-05-18,tram,,,Kansas City,River Market North — Riverfront (1.2 km),1.2,,
50940344,2026-05-18,metro,,,Montreal,REM Bois Franc – Anse à l'Orme (8.6 km),8.6,,
53679bba,2026-05-22,metro,as,tr,Istanbul,M5 Samandira Merkez — Sultanbeyli (4.4 km),4.4,,as/tr/istanbul/istanbul.htm
dd60dabf,2026-06-01,tram,eu,lv,Riga,Line 7/14 Eglaines iela/Dole (ex Kengarags) — Kengarags (1.8 km),1.8,,eu/lv/riga/riga.htm
3842e14a,2026-06-15,s-bahn,eu,de,Berlin,S15 Wedding — Hauptbahnhof (2.1 km),2.1,,eu/de/b/s-berlin.htm
781ac263,2026-06-18,metro,as,cn,Foshan,Line 3 Lianhe — Zhongshan Park (4 km),4,,as/cn/guan/foshan.htm
a2c8bef7,2026-06-19,s-bahn,as,tr,Istanbul,M11 Arnavutköy Hastane — Halkali (21.7 km),21.7,,as/tr/istanbul/istanbul.htm
046bc07b,2026-06-28,metro,as,cn,Shenzhen,Line 13 Shangwu — Lisonglang (19.3 km),19.3,,as/cn/shen/shenzhen.htm
146d6a35,2026-06-29,metro,as,my,Kuala Lumpur,Line 11 Bandar Utama — Johan Setia (37.8 km),37.8,NEW LINE!,as/my/kual/kuala-lumpur.htm
a8c52d1b,2026-06-30,monorail,,,Sao Paulo,Line 17 Brooklin Paulista — Washington Luís (0.5 km; limited service),0.5,,
e54ba281,2026-06-30,metro,as,cn,Shenyang,Line 3 Nan Liguan — Fangjialan (14 km),14,,as/cn/shny/shenyang.htm
791f5769,2026-06-30,metro,as,tw,Taipei,Sanying Line Yingtao Fude — Dingpu (13.8 km),13.8,NEW LINE!,as/tw/taip/taipei.htm
90cd60c8,2026-06-30,metro,as,cn,Xi'an,Line 5 Yanminghu — Xi'andongzhan (1.8 km),1.8,,as/cn/xian/xian.htm
90483b89,2026-07-01,metro,as,cn,Hefei,Line 7 Feicui Gongyuan — Sheng Wenhuahefeiyiguan,,NEW LINE!,as/cn/hefei/hefei.htm
c538e186,2026-07-02,metro,as,in,Patna,BL Bhootnath — Malahi Pakri,,,as/in/patna/patna.htm
4a398525,2026-07-02,metro,,,Sao Paulo,Line 6 João Paulo I — Perdizes,,NEW LINE!,
5e574c66,2026-07-03,metro,,,Belo Horizonte,Linha 2 Nova Suíça — Amazonas  (limited service),,NEW LINE!,
4cd279e4,2026-07-12,metro,,,Singapore,Circle Line Harbour Front — Marina Bay,,,
2af88c45,2026-07-18,s-bahn,eu,es,Donostia/San Sebastián,Altza — Galtzaraborda (2.1 km),2.1,,eu/es/doss/donostia.htm
4be7dadc,2026-07-31,s-bahn,as,cn,Guangzhou,Guangzhou-Shenzhen Intercity Zhuliao – Xintang South (48.2 km),48.2,,as/cn/guan/guangzhou.htm
2234ac5f,2026-08-09,tram,,,Gold Coast,Broadbeach South — Burleigh Heads (6.8 km),6.8,,
85fc36f7,2026-08-10,tram,eu,de,Mainz,Hauptbahnhof West — Münsterplatz (0.3 km),0.3,,eu/de/mz/mainz.htm
b8a36dd6,2026-08-13,metro,as,in,Mumbai,Line 2B Diamond Garden – Chembur (1 km),1,,as/in/mumb/mumbai.htm
0cdb4254,2026-08-14,metro,eu,bg,Sofia,M3 Hadzhi Dimitar — Gen. Vladimir Vazov (3.2 km),3.2,,eu/bg/sofia/sofia.htm
d0c60764,2026-08-21,tram,as,il,Jerusalem,L3 HaTurim — Malha Menachat (7 km),7,,as/il/jeru/jerusalem.htm
9052e41c,2026-08-22,tram,eu,dk,Copenhagen,Letbane Rødovre Nord — Lundtofte (13.9 km),13.9,,eu/dk/kobenhavn/kobenhavn.htm
dc0da961,2026-08-26,metro,as,cn,Changchun,Line 7 Qiche Gongyuan — Donghuanchenglu (23.2 km),23.2,NEW LINE!,as/cn/chan/changchun.htm
9a257bad,2026-08-27,metro,eu,gr,Thessaloniki,L2 25 Martiou — Micra (4.8 km),4.8,,eu/gr/thessaloniki/thessaloniki.htm
854377b8,2026-08-30,tram,,,Salvador,Calçada — São Joaquim (0.7 km),0.7,,
f9444c94,2026-08-30,metro,as,tw,Taipei,Red Line Xiangshan — Guangci/Fengtian Temple (1.4 km),1.4,,as/tw/taip/taipei.htm
faef3529,2026-08-31,tram,eu,nl,Amsterdam,[26] Theo van Goghpark (ex IJburg) — IJburg Franz Kafkastraat (1.6 km),1.6,,eu/nl/ams/tram/amsterdam-tram.htm
dd1b7e85,2026-09-04,metro,as,cn,Changsha,[2] West Meixi Lake — Longhuling (11 km),11,,as/cn/changsha/changsha.htm
3a06efb7,2026-09-04,light-rail,eu,de,Düsseldorf,[U80/81] Freiligrathplatz — Flughafen Terminal (1.8 km),1.8,,eu/de/d/duesseldorf.htm
4f5db9de,2026-09-05,metro,eu,ru,Moscow,[17] (Delovoy Tsentr — ) Shelepikha — Bul. Generala Karbysheva (~5.2 km),5.2,NEW LINE!,eu/ru/mos/moskva.htm
63bf74e8,2026-09-05,tram,eu,at,Vienna,[18] Schlachthausgasse — Stadion U/Handelskai (2.2 km),2.2,,eu/at/vienna/tram/wien-tram.htm
df9a2b02,2026-09-06,metro,as,in,Indore,Yellow Line Veerangana Jhalkari Bai — Malviya Nagar Chowraha (Radisson Sq) (11.2 km),11.2,,as/in/indore/indore.htm
1cfd5236,2026-09-09,tram,as,tr,Konya,[2] Adliye — Sehir Hastanesi (1.4 km),1.4,,as/tr/konya/konya.htm
074e3a6d,2026-09-13,s-bahn,,,Auckland,City Rail Link Waitemata — Maungawhau (3.5 km),3.5,,
9e099de6,2026-09-15,tram,as,tr,Izmit,Kocaeli Stadyum — Kartepe (1.4 km),1.4,,as/tr/izmit/izmit.htm
ab1b50b4,2026-09-16,metro,as,id,Jakarta,LRT Velodrome — Manggarai (6.0 km),6.0,,as/id/jaka/jakarta.htm
86bd8f14,2026-09-16,metro,as,cn,Xiamen,[6] Jiaojiang Road — Huaqiao University,,NEW LINE!,as/cn/xiamen/xiamen.htm
35adaf57,2026-09-16,metro,as,cn,Xiamen,[4] Jimei Software Park North — Qianwu,,NEW LINE!,as/cn/xiamen/xiamen.htm
5ec5aecf,2026-09-22,s-bahn,as,cn,Ningbo,[12] Xiaoyangjiang — Damuwan (61.5 km),61.5,NEW LINE!,as/cn/ningbo/ningbo.htm
101b3f97,2026-09-22,s-bahn,as,cn,Qingdao,[8] Qingdao North Railway Station — May 4th Square,,,as/cn/qing/qingdao.htm
f52463aa,2026-09-26,tram,eu,pl,Kraków,[9·12 · 16] TAURON Arena Kraków — Mistrzejowice (4.3 km),4.3,,eu/pl/kra/krakow.htm
58c6287a,2026-09-27,tram,eu,ba,Sarajevo,[11] Ilidza — Hrasnica (6.2 km),6.2,,eu/ba/sarajevo/sarajevo.htm
77e33fd8,2026-09-28,metro,as,cn,Changchun,[5] Zhuoyue Dajie — Dongdaqiao (19.5 km),19.5,NEW LINE!,as/cn/chan/changchun.htm
c6443b05,2026-09-28,s-bahn,,,Dakar,TER Diamniadio — Aéroport International Blaise Diagne (19 km),19,,
e3e8ed1c,2026-09-29,metro,as,cn,Nanjing,[6] Qixiashan — Nanjing South Railway Station (32.4 km),32.4,NEW LINE!,as/cn/nanj/nanjing.htm
84591c42,2026-10-05,tram,eu,nl,The Hague/Delft,Line 19 Delft Station — TU Delft Schoemakerstraat (2.5 km),2.5,,eu/nl/dhg/den-haag.htm
