opening_date,country,city,line,mode,km,mainline,grade_separated,new_build,goa,automated,goa_basis,description,note,urbanrail_id
2016-01-16,Hungary,Budapest,T19,tram,,no,no,no,0,no,"default for the mode, not individually verified",T19/41 Margit híd - Batthyány tér 2015:,,167907eb
2016-01-16,Poland,Bydgoszcz,,tram,9.3,no,no,no,0,no,"default for the mode, not individually verified",Fordonska/Wyscigowa - Loskon (9.3 km),,f92054ed
2016-01-23,United States,Seattle,First Hill Streetcar,tram,,no,no,yes,0,no,"default for the mode, not individually verified",First Hill Streetcar Capitol Hill - Occidental Mall,,fa7d6dfb
2016-01-28,China,Chongqing,Line 6,metro,,no,yes,no,2,no,"default for the mode, not individually verified",Line 6 Jiangbeicheng station,in-fill station,e8b7ffd9
2016-01-29,China,Dalian,Line 1,metro,,no,yes,no,2,no,"default for the mode, not individually verified",Line 1 Fuguojie - Exhibition Center,,72ca9b9f
2016-01-30,South Korea,Seoul,Shinbundang Line,metro,,no,yes,no,4,yes,unattended operation,Shin Bundang Line Jeongja - Gwanggyo,,526146c6
2016-02-03,South Korea,Incheon,Incheon Airport Maglev,maglev,,no,yes,yes,4,yes,unattended operation,Airport Maglev Incheon Int'l Airport - Yongyu,,2f2c076f
2016-02-06,Iran,Mashhad,Line 1,metro,,no,yes,no,2,no,"default for the mode, not individually verified",Line 1 Ghadir - Airport,,677b4acc
2016-02-06,Turkey,İzmir,Izban South Line,commuter rail,22.0,yes,no,no,1,no,"default for the mode, not individually verified",Izban South Line Cumaovasi - Tepeköy (22 km),,f63942aa
2016-02-10,Iran,Tehran,Line 3,metro,,no,yes,no,2,no,"default for the mode, not individually verified",M3 Mirzaye Shirazi station,in-fill station,3c2e5b2d
2016-02-11,Iran,Shiraz,Line 1,metro,,no,yes,no,2,no,"default for the mode, not individually verified",Motahari station,in-fill station,7fb6e79a
2016-02-12,Spain,Barcelona,Line 9 Sud,metro,20.0,no,yes,yes,4,yes,unattended operation,L9 Sud Zona Universitària - Aeroport T1 (20 km),L9 Sud runs as a separate line from L9 Nord (opened 2009); counted as new,9a938cac
2016-02-17,Italy,Palermo,Passante,commuter rail,,yes,no,no,1,no,"default for the mode, not individually verified","Passante Lolli , Guadagna & Maredolce stations",,6656cf9a
2016-02-20,Germany,Düsseldorf,Wehrhahn tunnel,tram,3.4,no,no,no,0,no,"default for the mode, not individually verified",tram tunnel Wehrhahn - Bilk (3.4 km),,c1665f40
2016-02-26,Austria,Linz,Line 3,tram,,no,no,no,0,no,"default for the mode, not individually verified",Line 3 Doblerholz - Traunerkreuzung,,a8fd4332
2016-02-27,South Korea,Incheon,Suin Line,commuter rail,,yes,yes,no,1,no,,Suin Line Songdo - Incheon,,a99cc08c
2016-02-27,United States,"Washington, D.C.",H/Benning Streetcar,tram,3.3,no,no,yes,0,no,"default for the mode, not individually verified",H/Benning Streetcar Union Station - Oklahoma Ave/Benning Rd (3.3 km),,4a0bd235
2016-02-29,Singapore,Singapore,Punggol LRT,light metro (APM),,no,yes,no,4,yes,unattended operation,Punggol LRT Sam Kee station,in-fill station,81acdc33
2016-03-05,China,Qingdao,Chengyang tram,tram,9.0,no,no,yes,0,no,"default for the mode, not individually verified",Chengyang Wholesale Market - Qianwangtuan (9 km),,5ade5427
2016-03-05,United States,Los Angeles,Gold Line,tram,18.4,no,no,no,0,no,"default for the mode, not individually verified",Gold Line Sierra Madre Villa - APU/Citrus College (18.4 km),,a5a16a4c
2016-03-15,Iran,Tehran,Line 4,metro,,no,yes,no,2,no,"default for the mode, not individually verified",Line 4 Bimeh station and Mehr Abad Airport branch,,948a8e4d
2016-03-19,China,Ningbo,Line 1,metro,25.3,no,yes,no,2,no,"default for the mode, not individually verified",Line 1 Donghuan South Road - Xiapu (25.3 km),,ee9ccc8e
2016-03-19,United States,Phoenix,Valley Metro Rail,tram,5.1,no,no,no,0,no,"default for the mode, not individually verified",Montebello/19th - Dunlap Ave (5.1 km),,7c863179
2016-03-19,United States,Seattle,1 Line,light rail,5.0,no,no,no,1,no,,Light Rail Westlake - University of Washington (5 km),,9aab842c
2016-03-26,South Korea,Incheon,AREX,airport railway,,no,yes,no,2,no,,AREX Yeongjong station,in-fill station,9147c803
2016-03-31,Colombia,Medellín,Ayacucho tram (T-A),tram,4.0,no,no,yes,0,no,"default for the mode, not individually verified",T1 San Antonio - Estación Oriente (4 km),,8f17bb59
2016-03-31,Malaysia,Kuala Lumpur,Ampang Line,light metro,,no,yes,no,2,no,,Ampang Line (4) - Kinrara BK5 - Putra Heights,,c95c0b98
2016-03-31,Malaysia,Kuala Lumpur,Sri Petaling Line,light metro,,no,yes,no,2,no,,Sri Petaling Line (4) - Kinrara BK5 - Bandar Puteri,,085e5937
2016-04-03,Norway,Oslo,Løren line,metro,,no,yes,no,2,no,"default for the mode, not individually verified",Sinsen - Økern,new link between existing lines,0527efc1
2016-04-13,Portugal,Lisbon,Blue Line,metro,,no,yes,no,2,no,"default for the mode, not individually verified",Blue Line Amadora Este - Reboleira,,8fc18fb4
2016-04-18,Iran,Tehran,Line 1,metro,5.5,no,yes,no,2,no,"default for the mode, not individually verified",Line 1 Shahed - Shahr-e Aftab (5.5 km),,2599cac1
2016-04-19,Azerbaijan,Baku,M3 Purple Line,metro,,no,yes,yes,2,no,"default for the mode, not individually verified",M3 Memar Acami - Avtovagzal,,f6240843
2016-04-22,United States,Denver,A Line,commuter rail,,yes,no,yes,1,no,"default for the mode, not individually verified",Line A Union Station - Denver Airport,,125e23e4
2016-04-23,France,Strasbourg,Line A,tram,1.8,no,no,no,0,no,"default for the mode, not individually verified",Line A Lixenbuhl - Graffenstaden (1.8 km),,e118c11d
2016-04-26,China,Shanghai,Line 11,metro,,no,yes,no,2,no,"default for the mode, not individually verified",Line 11 Kangxin Highway - Disney Resort,,e1f6f030
2016-04-28,China,Hangzhou,Line 2,metro,,no,yes,no,2,no,"default for the mode, not individually verified",Line 2 Qianjiang Century City station,in-fill station,02987005
2016-04-30,India,Bengaluru,Purple Line,metro,,no,yes,no,2,no,"default for the mode, not individually verified",Purple Line Magadi Road - M.G. Road,,5aa913c0
2016-04-30,South Korea,Seoul,Gyeongui–Jungang Line,commuter rail,,yes,yes,no,1,no,,Gyeongui–Jungang Line Hyochang Park station,,f68ad89c
2016-05-06,China,Changsha,Changsha Maglev Express,maglev,18.5,no,yes,yes,2,no,CAMET: not FAO,Maglev Line Changsha South Railway Station - Huanghua Airport (18.5 km),,c5e167b3
2016-05-06,United States,Kansas City,KC Streetcar,tram,,no,no,yes,0,no,"default for the mode, not individually verified",Union Station - River Market,,0923eed3
2016-05-13,Germany,Stuttgart,U12,tram,,no,no,no,0,no,"default for the mode, not individually verified",U12 Wallgraben - Dürrlewang,,1b05b9b6
2016-05-18,China,Fuzhou,Line 1,metro,,no,yes,yes,2,no,"default for the mode, not individually verified",Line 1 Sanchajie - Fuzhou South Railway Station,,e448e5bc
2016-05-20,United States,Los Angeles,Expo Line,tram,10.6,no,no,no,0,no,"default for the mode, not individually verified",Expo Line Culver City - Downtown Santa Monica (10.6 km),,38f9649d
2016-05-27,China,Dongguan,Line 2,metro,,no,yes,yes,2,no,"default for the mode, not individually verified",Line 2 Dongguan Railway Station - Humen Railway Station,,5530213d
2016-05-28,France,Paris,T6,tram,,no,no,no,0,no,"default for the mode, not individually verified",T6 Robert Wagner - Viroflay Rive-Droite,,42124704
2016-05-30,United Kingdom,Birmingham,,tram,,no,no,no,0,no,"default for the mode, not individually verified",Bull Street - Grand Central (New Street),,f93b785d
2016-06-05,Brazil,Rio de Janeiro,VLT Carioca Line 1,tram,,no,no,yes,0,no,"default for the mode, not individually verified",Parada dos Museus - Santos Dumont,,9428a37e
2016-06-06,Iran,Tehran,Line 3,metro,,no,yes,no,2,no,"default for the mode, not individually verified",Line 3 Khajeh Abdollah-e Ansari station,in-fill station,9f8dfbc5
2016-06-08,Turkey,Antalya,AntRay T2,tram,19.0,no,no,yes,0,no,"default for the mode, not individually verified",Meydan - EXPO / Havalinami (Airport) (19 km),"second light rail line, Meydan - Expo/Airport",bb53f51f
2016-06-12,Germany,Mannheim,Line 4,tram,6.4,no,no,no,0,no,"default for the mode, not individually verified",Line 4 Lange Rötterstr. - Waldfriedhof / Käfertaler Wald (6.4 km),,da218ab7
2016-06-28,China,Changsha,Line 1,metro,,no,yes,yes,2,no,"default for the mode, not individually verified",Line 1 Kaifu District Government - Shangshuangtang,,989e1dc4
2016-06-28,China,Nanning,Line 1,metro,,no,yes,yes,2,no,"default for the mode, not individually verified",Line 1 Nanhu - Nanning East Railway Station,,144998fc
2016-06-28,China,Shenzhen,Line 11,metro,,no,yes,yes,2,no,"default for the mode, not individually verified",Line 11 Futian - Bitou,,d02c450f
2016-06-30,Malaysia,Kuala Lumpur,Kelana Jaya Line,light metro,,no,yes,no,4,yes,unattended operation,Kelana Jaya Line (5) - Kelana Jaya - Putra Heights,,c1263557
2016-06-30,Malaysia,Kuala Lumpur,Sri Petaling Line,light metro,,no,yes,no,2,no,,Sri Petaling Line (4) - Bandar Puteri - Putra Heights,,2ee103be
2016-07-02,France,Montpellier,Line 4,tram,1.2,no,no,no,0,no,"default for the mode, not individually verified",Line 4 Louis Blanc - Saint-Denis (1.2 km),,e1d9087d
2016-07-09,Slovakia,Bratislava,,tram,2.0,no,no,no,0,no,"default for the mode, not individually verified",Safarikovo nam. - Jungmanova (2 km),,60139ec3
2016-07-12,Argentina,Buenos Aires,Line H,metro,,no,yes,no,2,no,"default for the mode, not individually verified",Line H Santa Fe station,in-fill station,5a180928
2016-07-20,Bulgaria,Sofia,M2,metro,1.3,no,yes,no,2,no,"default for the mode, not individually verified",M2 James Bourchier - Vitosha (1.3 km),,ea0d82b8
2016-07-25,United States,Denver,Line B,commuter rail,,yes,no,yes,1,no,"default for the mode, not individually verified",Line B Union Station - Westminster,,3b06b238
2016-07-30,South Korea,Incheon,Line 2,light metro,,no,yes,yes,4,yes,unattended operation,Line 2 Oryu-dong - Unyeon,,8c78c1c9
2016-07-31,China,Chengdu,Line 3,metro,,no,yes,yes,2,no,"default for the mode, not individually verified",Line 3 Chengdu Junqu General Hospital - Taipingyuan,,d23aaeec
2016-08-01,Brazil,Rio de Janeiro,Line 4,metro,,no,yes,yes,2,no,"default for the mode, not individually verified",Line 4 Ipanema/General Osório - Jardim Oceânico  (Limited Olympic service!),,8ecde6ae
2016-08-06,China,Tianjin,Line 6,metro,,no,yes,yes,2,no,CAMET: only phase 2 (2021) is FAO,Line 6 Changhong Gongyuan - Nancuiping,,86d69675
2016-08-06,Thailand,Bangkok,Purple Line,metro,23.0,no,yes,yes,2,no,,Purple Line Tao Poon - Khlong Bang Phai (23 km),,4cb1709c
2016-08-08,Iran,Tehran,Line 3,metro,,no,yes,no,2,no,"default for the mode, not individually verified",Line 3 Sohraverdi station,in-fill station,b3157d70
2016-08-15,Norway,Bergen,,tram,4.8,no,no,no,0,no,"default for the mode, not individually verified",Lagunen - Birkelandsskiftet (4.8 km),,4768c279
2016-08-19,China,Zhengzhou,Line 2,metro,,no,yes,yes,2,no,"default for the mode, not individually verified",Line 2 Liuzhuang - Nansihuan,,23953eec
2016-08-25,Ukraine,Kharkiv,M3,metro,,no,yes,no,2,no,"default for the mode, not individually verified",M3 Oleksiivska - Peremoha,,1e628201
2016-08-26,Turkey,Samsun,,tram,,no,no,no,0,no,"default for the mode, not individually verified",Gar - Balikci,,ef351b15
2016-08-28,Iran,Shiraz,Line 1,metro,,no,yes,no,2,no,"default for the mode, not individually verified",Avini station,in-fill station,0dab75fa
2016-09-08,South Korea,Daegu,Line 1,metro,,no,yes,no,2,no,"default for the mode, not individually verified",Line 1 Daegok - Seolhwa-Myeonggok,,e4f34812
2016-09-09,United States,Cincinnati,,tram,,no,no,yes,0,no,"default for the mode, not individually verified",The Banks - Brewery District,,c44a7f6e
2016-09-10,Austria,Linz,Line 3,tram,,no,no,no,0,no,"default for the mode, not individually verified",Line 3 Trauner Kreuzung - Schloss Traun,,bcb483e5
2016-09-10,Russia,Moscow,Line 14 Moscow Central Circle,urban rail ring,,yes,yes,no,1,no,,"Line 14 ""Moscow Central Ring""","new passenger line on the rebuilt Moscow Railway freight ring, not new-build",2102e341
2016-09-12,Spain,Barcelona,FGC S2,commuter rail,,yes,no,no,1,no,"default for the mode, not individually verified",FGC S2 Can Feu | Gràcia (ex Sabadell Estació) - Sabadell Plaça Major,,405dbf27
2016-09-12,Spain,San Sebastián,Euskotren Metro Donostialdea,commuter rail,,yes,no,no,1,no,"default for the mode, not individually verified",Herrera - Altza,,8820d98f
2016-09-14,Iran,Tehran,Line 3,metro,,no,yes,no,2,no,"default for the mode, not individually verified",Line 3 Shahid Ghoddoosi station,in-fill station,e922dae4
2016-09-16,Russia,Moscow,Line 10,metro,,no,yes,no,2,no,"default for the mode, not individually verified",Line 10 Mar'ina Roshcha - Petrovsko-Razumovskaya,,9da8fccf
2016-09-21,India,Chennai,Blue Line,metro,,no,yes,yes,2,no,"default for the mode, not individually verified",Blue Line Little Mount - Chennai International Airport,,068e3091
2016-09-24,China,Suzhou,Line 2,metro,,no,yes,no,2,no,"default for the mode, not individually verified",Line 2 Suzhou North Railway Station - Qihe and Baodaiqiao South - Sangtian Dao,,19f8fa66
2016-09-24,South Korea,Seoul,Gyeonggang Line,commuter rail,55.0,yes,yes,yes,1,no,,Gyeonggang Line Pangyo - Yeoju (55 km),,5c1bfea0
2016-09-24,United States,Seattle,1 Line,light rail,,no,no,no,1,no,,SeaTac/Airport - Angle Lake,,e29e40f1
2016-10-02,United States,New Orleans,,tram,2.2,no,no,no,0,no,"default for the mode, not individually verified",Canal Street & Rampart - Elysian Fields Avenue (2.2 km),,1e6e4f1e
2016-10-04,Australia,Brisbane,Redcliffe Peninsula line,commuter rail,,yes,no,yes,1,no,"default for the mode, not individually verified",Petrie - Kippa-Ring (Redcliffe Peninsula Line),new branch of the Queensland Rail network,9f1c5873
2016-10-10,Turkey,Istanbul,M4,metro,4.5,no,yes,no,2,no,"default for the mode, not individually verified",M4 Kartal - Tavsantepe (4.5 km),,fc41f22b
2016-10-10,Turkey,Samsun,,tram,,no,no,no,0,no,"default for the mode, not individually verified",Balikci - Tekkeköy,,19f66c63
2016-10-14,India,Chennai,Green Line,metro,1.3,no,yes,no,2,no,"default for the mode, not individually verified",Green Line Alandur - St. Thomas Mount (1.3 km),,0387c318
2016-10-23,Hong Kong,Hong Kong,Kwun Tong Line,metro,3.0,no,yes,no,2,no,,Kwun Tong Line Yau Ma Tei - Whampoa (3 km),,fe9f347e
2016-10-24,United States,Dallas,Blue Line,tram,4.1,no,no,no,0,no,"default for the mode, not individually verified",Blue Line Ledbetter - UNT Dallas (4.1 km),,28967ff6
2016-10-28,China,Shenzhen,Line 7,metro,30.3,no,yes,yes,2,no,"default for the mode, not individually verified",Line 7 Xili Lake - Tai'an (30.3 km),,d938d1fa
2016-10-28,China,Shenzhen,Line 9,metro,25.3,no,yes,yes,2,no,"default for the mode, not individually verified",Line 9 Hongshuwan South - Wenjin (25.3 km),,bc4876de
2016-11-02,Iran,Isfahan,Line 1,metro,0.8,no,yes,no,2,no,"default for the mode, not individually verified",Line 1 Shohada - Takhti (0.8 km),,53cfe7a8
2016-11-02,Iran,Isfahan,Line 1,metro,,no,yes,no,2,no,"default for the mode, not individually verified","+ Baharestan , Golestan and Shahid Chamran stations",in-fill stations,e3685e31
2016-11-06,Belgium,Ghent,Line 21,tram,2.0,no,no,no,0,no,"default for the mode, not individually verified",Line 21 Gestichtstraat - Zwijnaarde Bibliotheek (2 km),,aa7dacf8
2016-11-07,Iran,Tehran,Line 3,metro,,no,yes,no,2,no,"default for the mode, not individually verified",Line 3 Shahid Sayyad-e Shirazi station,in-fill station,e38f9573
2016-11-08,China,Xi'an,Line 3,metro,39.0,no,yes,yes,2,no,"default for the mode, not individually verified",Line 3 Yuhuazhai - Baoshuiqu (39 km),,0c6ff5df
2016-11-17,Ukraine,Lviv,Line 8,tram,3.9,no,no,no,0,no,"default for the mode, not individually verified",Line 8 Akademiya Mistetstv - Kinoteatr im. Dozhenka (3.9 km),,5f1597aa
2016-12-02,Canada,Vancouver,Millennium Line Evergreen Extension,light metro,11.0,no,yes,no,4,yes,unattended operation,ML Lougheed Town Centre - Lafarge Lake-Douglas (11 km),,7461416f
2016-12-05,Brazil,Salvador,Line 2,metro,2.3,no,yes,yes,2,no,"default for the mode, not individually verified",Line 2 Acesso Norte - Rodoviária (2.3 km),,c6089354
2016-12-11,Germany,Mainz,,tram,9.2,no,no,no,0,no,"default for the mode, not individually verified",Hauptbahnhof West - Lerchenberg/Hindemithstr. (9.2 km),,ae76cfcc
2016-12-11,Germany,Munich,Line 25,tram,2.8,no,no,no,0,no,"default for the mode, not individually verified",Line 25 Max-Weber-Platz - Berg am Laim Bf. (2.8 km),,0431534c
2016-12-11,Germany,Nuremberg,Line 4,tram,2.4,no,no,no,0,no,"default for the mode, not individually verified",Line 4 Thon - Am Wegfeld (2.4 km),,3d17d3b9
2016-12-12,Iran,Tehran,Line 3,metro,,no,yes,no,2,no,"default for the mode, not individually verified",Line 3 Hossein Abad station,in-fill station,b1eec7d6
2016-12-16,Malaysia,Kuala Lumpur,Line 9,metro,21.0,no,yes,yes,4,yes,unattended operation,Line 9 Sungai Buloh - Semantan (21 km),,e00f515a
2016-12-17,France,Bordeaux,Line C,tram,7.2,no,no,no,0,no,"default for the mode, not individually verified",Line C Cracovie - Gare de Blanquefort (7.2 km),,f0761d65
2016-12-18,China,Qingdao,Line 3,metro,12.8,no,yes,no,2,no,"default for the mode, not individually verified",Line 3 Shuangshan - Qingdao Zhan (12.8 km),,3bb15e98
2016-12-20,Italy,Catania,Catania Metro,metro,1.9,no,yes,no,2,no,"default for the mode, not individually verified",Galatea - Stesicoro (1.9 km),,350d3656
2016-12-26,China,Hefei,Line 1,metro,24.6,no,yes,yes,2,no,"default for the mode, not individually verified",Line 1 Hefei Railway Station - Jiulianwei (24.6 km),,abd57fd5
2016-12-26,China,Kunming,Line 1,metro,4.7,no,yes,no,2,no,"default for the mode, not individually verified",Line 1 Chunrong Street - Kunming South Railway Station (4.7 km),,7ea267d2
2016-12-28,China,Chongqing,Line 3,metro,,no,yes,no,2,no,"default for the mode, not individually verified",Line 3 Bijin - Jurenba,,4bd22992
2016-12-28,China,Guangzhou,Guangfo Line,metro,,no,yes,no,2,no,"default for the mode, not individually verified",GF Line Kuiqi Lu - Xinchengdong,,0039c6eb
2016-12-28,China,Guangzhou,Line 6,metro,,no,yes,no,2,no,"default for the mode, not individually verified",Line 6 Changban - Xiangxue,,df2a034f
2016-12-28,China,Guangzhou,Line 7,metro,18.6,no,yes,yes,2,no,CAMET: opened GoA2 in 2016; converted to FAO in December 2024,Line 7 Guangzhou South Railway Station - Higher Education Mega Center South,split from a combined UrbanRail entry,
2016-12-28,China,Nanning,Line 1,metro,20.9,no,yes,no,2,no,"default for the mode, not individually verified",Line 1 Nanhu - Shibu (20.9 km),,6b5363e5
2016-12-28,China,Wuhan,Line 2,metro,,no,yes,no,2,no,"default for the mode, not individually verified",Line 2 Jinyintan - Tianhe Int'l Airport,,15d10e5b
2016-12-28,China,Wuhan,Line 6,metro,35.95,no,yes,yes,2,no,"default for the mode, not individually verified",Line 6 Jinyinhu Park - Dongfeng Motor Corporation,split from a combined UrbanRail entry,
2016-12-28,Hong Kong,Hong Kong,South Island Line,metro,7.0,no,yes,yes,4,yes,MTR: unattended operation,South Island Line Admiralty - South Horizons (7 km),,cd7e2c6e
2016-12-31,China,Beijing,Line 16,metro,,no,yes,yes,2,no,"default for the mode, not individually verified",Line 16 Beianhe - Xiyuan,,e85231ec
2016-12-31,China,Tianjin,Line 6,metro,,no,yes,no,2,no,CAMET: only phase 2 (2021) is FAO,Line 6 Changhong Gongyuan - South Sunzhuang,,700706bf
2017-01-01,United States,New York City,Q (Second Avenue Subway),metro,,no,yes,no,2,no,"default for the mode, not individually verified",Q Line 57th St/7th Av - Lexington Av/63rd - 96th (Second Avenue Subway; 4.4 km)) 2016:,"Second Avenue Subway phase 1, an extension of the Q",72163266
2017-01-05,Turkey,Ankara,M4,metro,,no,yes,yes,2,no,"default for the mode, not individually verified",M4 Atatürk Kültür Merkezi - Sehitler-Gazino,,7831c69a
2017-01-06,China,Fuzhou,Line 1,metro,15.1,no,yes,no,2,no,"default for the mode, not individually verified",Line 1 Sanchajie - Xiangfeng (15.1 km),,241269b8
2017-01-11,United States,Houston,Green Line,tram,1.8,no,no,no,0,no,"default for the mode, not individually verified",Green Line Altic - Magnolia Park (1.8 km),,11707f22
2017-01-12,China,Zhengzhou,Chengjiao Line,metro,42.0,no,yes,yes,2,no,"default for the mode, not individually verified",Suburban Line (Line 2 South) Nansihuan - Xinzheng International Airport (42 km),suburban line through-running with Line 2,ec3b5636
2017-01-12,China,Zhengzhou,Line 1,metro,15.7,no,yes,no,2,no,"default for the mode, not individually verified",Line 1 Xiliuhu - Henan University of Technology and Zhengzhou Sports Center - New Campus of Henan University (15.7 km),,afc36383
2017-01-18,China,Nanjing,Line 4,metro,33.8,no,yes,yes,2,no,"default for the mode, not individually verified",Line 4 Longjiang - Xianlinhu (33.8 km),,92514d54
2017-01-26,China,Harbin,Line 3,metro,4.0,no,yes,yes,2,no,"default for the mode, not individually verified",Line 3 Yidaeryuan - Harbinxizhan (4 km),,d9d15c72
2017-01-31,Brazil,Santos,,tram,,no,no,no,0,no,"default for the mode, not individually verified",Bernardino - Porto and Mascarenhas de Moraes - Barreiros,,85123bec
2017-02-04,Iran,Tehran,Line 3,metro,,no,yes,no,2,no,"default for the mode, not individually verified",Line 3 Heravi station,in-fill station,ddca9c82
2017-02-06,Brazil,Rio de Janeiro,VLT,tram,,no,no,no,0,no,"default for the mode, not individually verified",VLT Saara - Praça XV,,f2c7795f
2017-02-20,Iran,Mashhad,Line 2,metro,,no,yes,yes,2,no,"default for the mode, not individually verified",Line 2 Shohada - Kashfrood,,93ae4d0e
2017-02-24,United States,Denver,R Line,tram,16.8,no,no,yes,0,no,"default for the mode, not individually verified",Line R Nine Mile - Peoria (16.8 km),,8da56946
2017-02-26,United Kingdom,Manchester,,tram,0.7,no,no,no,0,no,"default for the mode, not individually verified",Exchange Square - St. Peter's Square (0.7 km),,7265ab0e
2017-02-27,Poland,Warsaw,Line 2,tram,1.3,no,no,no,0,no,"default for the mode, not individually verified",Line 2 Mehoffera - Nowodwory (1.3 km),,70742b2e
2017-03-02,Taiwan,Taoyuan,Airport MRT,airport express metro,,no,yes,yes,2,no,,Airport MRT Taipei Main Station - Taoyuan International Airport - Huanbei,,6fce747a
2017-03-16,Russia,Moscow,Line 8A Solntsevskaya,metro,,no,yes,no,2,no,"default for the mode, not individually verified",Line 8A Park Pobedy - Ramenki,,9a3e6065
2017-03-17,Chile,Santiago,Metrotrén Nos,commuter rail,,yes,no,yes,1,no,"default for the mode, not individually verified",Metrotrén Nos Alameda - Nos,new commuter service on the Santiago–Nos mainline corridor,5ea3b317
2017-03-25,United States,San Francisco,BART Fremont–Warm Springs,metro,,no,yes,no,2,no,"default for the mode, not individually verified",BART Fremont - Warm Springs/South Fremont,,d2bcfb30
2017-03-31,India,Gurugram,Rapid Metro,metro,7.0,no,yes,no,2,no,"default for the mode, not individually verified",Sikanderpur - Sector 55-56 (7 km),,da4560b9
2017-03-31,Italy,Catania,Catania Metro,metro,3.1,no,yes,no,2,no,"default for the mode, not individually verified",Borgo - Nesima (3.1 km),,6e4f1cf6
2017-03-31,Romania,Bucharest,M4,metro,2.1,no,yes,no,2,no,"default for the mode, not individually verified",M4 Parc Bazilescu - Straulesti (2.1 km),,ded72ae9
2017-04-03,Thailand,Bangkok,BTS Sukhumvit Line,metro,,no,yes,no,2,no,,Sukhumvit Line Bearing (E14) - Samrong (E15),,7156c458
2017-04-08,Spain,Bilbao,Line 3,metro,5.9,no,yes,yes,2,no,,Line 3 Matiko - Kukullaga (5.9 km),,d1889346
2017-04-11,Turkey,İzmir,Karşıyaka Tram,tram,8.8,no,no,yes,0,no,"default for the mode, not individually verified",Karsiyaka Tram Mavisehir - Alaybey (8.8 km),,2f02001a
2017-04-15,China,Suzhou,Line 4,metro,42.0,no,yes,yes,2,no,"default for the mode, not individually verified",Line 4 Longdaobang - Tongli (42 km),,90fb80e8
2017-04-15,China,Suzhou,Line 4,metro,10.8,no,yes,no,2,no,"default for the mode, not individually verified",branch Hongzhuang - Muli (10.8 km),"branch of Line 4, opened together with it",b6f059ca
2017-04-15,Ukraine,Lviv,Line 8,tram,1.5,no,no,no,0,no,"default for the mode, not individually verified",Line 8 Kinoteatr im. Dovzhenka - Vernads'kogo (1.5 km),,49e2857c
2017-04-15,Uzbekistan,Samarkand,Line 1,tram,6.4,no,no,yes,0,no,"default for the mode, not individually verified",Line 1 Temir Yo'l Vokzali - Sartepa Massivi (6.4 km),,1965ccdc
2017-04-20,Iran,Shiraz,Line 1,metro,,no,yes,no,2,no,"default for the mode, not individually verified",Line 1 Namazi - Zandiyeh (without intermediate stations),,8ef417eb
2017-04-20,South Korea,Busan,Line 1,metro,8.0,no,yes,no,2,no,"default for the mode, not individually verified",Line 1 Sinpyeong - Dadaepo Beach (8 km),,2e8345fb
2017-04-22,Norway,Bergen,,tram,2.2,no,no,no,0,no,"default for the mode, not individually verified",Birkelandsskiftet - Bergen lufthavn Flesland (2.2 km),,33fb258d
2017-04-23,Australia,Perth,Mandurah Line,commuter rail,,yes,no,no,1,no,"default for the mode, not individually verified",Aubin Grove station,in-fill station,af8aa768
2017-04-29,France,Strasbourg,Line D,tram,,no,no,no,0,no,"default for the mode, not individually verified",Line D Aristide Briand - Kehl Bahnhof,,0d85bbe6
2017-05-12,United States,Detroit,QLine,tram,5.3,no,no,yes,0,no,"default for the mode, not individually verified",QLine Congress Street - Grand Blvd (5.3 km),,9c1fa623
2017-05-14,India,Chennai,Green Line,metro,8.0,no,yes,no,2,no,"default for the mode, not individually verified",Green Line Koyambedu - Nehru Park (8 km),,50336459
2017-05-15,Brazil,Fortaleza,Linha Sul,metro,,no,yes,no,2,no,"default for the mode, not individually verified",Linha Sul Juscelino Kubitschek station,in-fill station,3a113f14
2017-05-22,Germany,Nuremberg,U3,metro,1.2,no,yes,no,4,yes,unattended operation,U3 Friedrich-Ebert-Platz - Nordwestring (1.2 km),,1c92e541
2017-05-23,Brazil,Salvador,Line 2,metro,6.0,no,yes,no,2,no,"default for the mode, not individually verified",Line 2 Rodoviária - Pituaçu (6.0 km),,cd92752c
2017-05-28,India,Delhi,Violet Line,metro,5.2,no,yes,no,2,no,"default for the mode, not individually verified",Violet Line ITO - Kashmere Gate (5.2 km),,bf107d2b
2017-06-01,China,Dalian,Line 1,metro,,no,yes,no,2,no,"default for the mode, not individually verified",L1 Huananbei station,in-fill station,cfb05eea
2017-06-02,China,Chengdu,Line 4,metro,21.0,no,yes,no,2,no,"default for the mode, not individually verified",Line 4 Intangible Cultural Heritage Park - Wansheng and Wannianchang - Xihe (21 km),,c033d63a
2017-06-03,Belgium,Antwerp,Line 6,tram,2.0,no,no,no,0,no,"default for the mode, not individually verified",Line 6 Kinepolis - P+R Luchtbal (2 km),,ec71715d
2017-06-03,Belgium,Antwerp,Line 8/10,tram,0.8,no,no,no,0,no,"default for the mode, not individually verified",Line 8 & 10 Astrid - ramp - Stadspark (0.8 km),,b44ee7a2
2017-06-07,China,Dalian,Line 1,metro,9.1,no,yes,no,2,no,"default for the mode, not individually verified",L1 Convention & Exhibition Center - Hekou (9.1 km),,43594d06
2017-06-07,China,Dalian,Line 12,metro,2.1,no,yes,no,2,no,"default for the mode, not individually verified",L12 Hekou - Caidaling (2.1 km),,0566e1f1
2017-06-07,China,Dalian,Line 2,metro,3.8,no,yes,no,2,no,"default for the mode, not individually verified",L2 Huiyizhongxin - Haizhiyun (3.8 km),,9e7606d0
2017-06-10,Iran,Tehran,Line 7,metro,22.0,no,yes,yes,2,no,"default for the mode, not individually verified",Line 7 Meydan-e San'at- Basij (22 km - 7 stations),,0e997c23
2017-06-13,China,Zhuhai,Zhuhai Tram Line 1,tram,8.9,no,no,yes,0,no,"default for the mode, not individually verified",Shangchong - Haitian Garden (8.9 km ),,1192c47d
2017-06-17,India,Kochi,Line 1,metro,13.0,no,yes,yes,2,no,"default for the mode, not individually verified",Line 1 Aluva – Palarivattom (13 km),,8bf224f3
2017-06-18,India,Bengaluru,Green Line,metro,10.5,no,yes,no,2,no,"default for the mode, not individually verified",Green Line Sampige Road - Yelachenahalli (10.5 km),,b49bbce0
2017-06-18,Singapore,Singapore,East–West Line,metro,7.5,no,yes,no,2,no,ATO with train captains,EW Line Joo Koon - Tuas Link (7.5 km),,82f5a3c3
2017-06-27,China,Shijiazhuang,Line 1,metro,23.9,no,yes,yes,2,no,"default for the mode, not individually verified",Line 1 Xiwang - Xiaohedadao (23.9 km),,3347fd79
2017-06-27,China,Shijiazhuang,Line 3,metro,6.4,no,yes,yes,2,no,"default for the mode, not individually verified",Line 3 Shierzhong - Shijiazhuang (6.4 km),,1c405187
2017-06-30,China,Changchun,Line 1,metro,16.3,no,yes,yes,2,no,"default for the mode, not individually verified",Line 1 Beihuan - Hongzuzi (16.3 km),,d1e400f6
2017-07-01,France,Paris,T11,tram,10.6,no,no,yes,0,no,"default for the mode, not individually verified",T11 Epinay-sur-Seine - Le Bourget (10.6 km),,682ad189
2017-07-03,China,Hangzhou,Line 2,metro,11.5,no,yes,no,2,no,"default for the mode, not individually verified",Line 2 Qianjianglu - Gucuilu (11.5 km),,243b9901
2017-07-10,Sweden,Stockholm,Citybanan,commuter rail,,yes,no,no,1,no,"default for the mode, not individually verified","""Citybanan"" Stockholm Södra - Solna/Sundbybergs centrum",new mainline commuter tunnel through central Stockholm,29c25511
2017-07-17,Malaysia,Kuala Lumpur,Line 9,metro,30.0,no,yes,no,4,yes,unattended operation,Line 9 Semantan - Kajang (30 km),,96a4a589
2017-07-20,Iran,Isfahan,Line 1,metro,,no,yes,no,2,no,"default for the mode, not individually verified",Line 1 Takhti - Azadi,,564b1338
2017-07-20,Spain,Barcelona,FGC S2,commuter rail,,yes,no,no,1,no,"default for the mode, not individually verified",S2 Sabadell Pl. Major - Sabadell Parc del Nord,,9c08f439
2017-07-25,Algeria,Sidi Bel Abbès,T1,tram,14.5,no,no,yes,0,no,"default for the mode, not individually verified",T1 Gare - Gare Routière Sud (14.5 km),,4df87500
2017-07-28,China,Wuhan,T1,tram,16.8,no,no,yes,0,no,"default for the mode, not individually verified",T1 Chelun Square - Deshenggang (16.8 km),,d1bdfe0d
2017-08-05,Belgium,Antwerp,Line 7,tram,,no,no,no,0,no,"default for the mode, not individually verified",Line 7 Klapdorp - Eilandje MAS,,382a1b68
2017-08-07,Iran,Tehran,Line 8,metro,26.2,no,yes,no,2,no,"default for the mode, not individually verified",Line 8 Shahr-e Aftab - Imam Khomini International Airport (26.2 km),,07a02ee9
2017-08-11,Thailand,Bangkok,Blue Line,metro,,no,yes,no,2,no,,Blue Line Bang Sue - Tao Poon,,b1239fb9
2017-08-18,China,Nanchang,Line 2,metro,19.6,no,yes,yes,2,no,"default for the mode, not individually verified",Line 2 Metro Central - Nanlu (19.6 km),,5d3bb22e
2017-08-18,Iran,Shiraz,Line 1,metro,,no,yes,no,2,no,"default for the mode, not individually verified",Line 1 Vali-e Asr - Shahid Dastgheyb,,270f03af
2017-08-29,China,Kunming,Line 3,metro,23.4,no,yes,yes,2,no,"default for the mode, not individually verified",Line 3 Western Hills Park - East Coach Station (23.4 km),,861c760b
2017-08-29,China,Kunming,Line 6,metro,,no,yes,no,2,no,"default for the mode, not individually verified",and Line 6 (full operation),full operation of an existing line,1d719173
2017-09-01,Estonia,Tallinn,Line 4,tram,,no,no,no,0,no,"default for the mode, not individually verified",Line 4 Ülemiste - Lennujaam (Airport),,ac6dfcd2
2017-09-02,Austria,Vienna,U1,metro,4.6,no,yes,no,2,no,"default for the mode, not individually verified",U1 Reumannplatz - Oberlaa (4.6 km),,d64ea9cd
2017-09-02,South Korea,Seoul,Ui LRT,light metro,11.4,no,yes,yes,4,yes,unattended operation,Ui LRT Sinseol-dong - Bukhansan Ui (11.4 km),,ff3eb90e
2017-09-06,Brazil,São Paulo,Line 5,metro,2.8,no,yes,no,2,no,"default for the mode, not individually verified",L5 Adolfo Pinheiro - Brooklin (2.8 km),,27c75bd0
2017-09-06,China,Chengdu,Line 10,metro,10.9,no,yes,yes,2,no,"default for the mode, not individually verified",Line 10 Taipingyuan - Airport Terminal 2 (10.9 km),,dc2b6736
2017-09-06,India,Lucknow,Red Line,metro,8.5,no,yes,yes,2,no,"default for the mode, not individually verified",Charbagh - Transport Nagar (8.5 km),,f93860ee
2017-09-11,Brazil,Salvador,Line 2,metro,7.5,no,yes,no,2,no,"default for the mode, not individually verified",Line 2 Pituaçu - Mussurunga (7.5 km),,26ac9cc5
2017-09-16,Belgium,Antwerp,Line 10,tram,,no,no,no,0,no,"default for the mode, not individually verified",Line 10 Zegel - ramp - Hof ter Lo,,78e1290f
2017-09-21,Spain,Granada,Metro de Granada,tram,15.9,no,no,yes,0,no,"default for the mode, not individually verified",Albolote - Armilla (15.9 km),,bb3d3967
2017-09-26,Taiwan,Kaohsiung,Circle Line,tram,1.1,no,no,no,0,no,"default for the mode, not individually verified",Circle Line Dayi Pier-2 - Hamasen (1.1 km),,2b872b92
2017-10-02,Sweden,Stockholm,Line 22,tram,0.6,no,no,no,0,no,"default for the mode, not individually verified","L22 ""Tvärbana"" Sickla udde - Sickla (0.6 km)",,0d0afa1c
2017-10-03,India,Kochi,Line 1,metro,5.0,no,yes,no,2,no,"default for the mode, not individually verified",Line 1 Palarivattom - Maharaja’s College (5 km),,7730b821
2017-10-07,Germany,Bochum,,tram,2.5,no,no,no,0,no,"default for the mode, not individually verified",Unterstraße - S Langendreer (2.5 km),,392d9337
2017-10-16,Georgia,Tbilisi,Line 2 (Saburtalo),metro,1.0,no,yes,no,2,no,"default for the mode, not individually verified",Vazha Pshavela - State University (1 km),,4af47577
2017-10-21,Brazil,Rio de Janeiro,VLT Line,tram,1.9,no,no,no,0,no,"default for the mode, not individually verified",VLT Line 2 Saara - Gamboa/Pereira Reis (1.9 km),,a6048525
2017-10-21,Singapore,Singapore,Downtown Line,metro,21.0,no,yes,no,4,yes,unattended operation,DTL Chinatown - Expo (21 km),,801838a4
2017-10-28,China,Shenzhen,Longhua Tram,tram,11.3,no,no,yes,0,no,"default for the mode, not individually verified",Longhua Tram (11.3 km),,de3ff979
2017-10-31,China,Nanjing,Qilin Tram,tram,9.0,no,no,yes,0,no,"default for the mode, not individually verified",Qilin Tram Maqun - Shiyang Road (9 km),,7734c64e
2017-11-02,Chile,Santiago,Line 6,metro,15.3,no,yes,yes,4,yes,unattended operation,L6 Cerrillos - Los Leones (15.3 km),,0a921f02
2017-11-18,Finland,Helsinki,Länsimetro,metro,14.0,no,yes,no,2,no,"default for the mode, not individually verified",Ruoholahti - Matinkylä (14 km),western extension of the M1/M2 metro,b3e08d4b
2017-11-28,India,Hyderabad,Blue Line,metro,17.0,no,yes,yes,2,no,"default for the mode, not individually verified",Line 3 Ameerpet - Nagole (17 km),,c020295e
2017-11-28,India,Hyderabad,Red Line,metro,13.0,no,yes,yes,2,no,"default for the mode, not individually verified",Line 1 Miyapur - Ameerpet (13 km),,f4099b54
2017-12-06,China,Chengdu,Line 7,metro,38.6,no,yes,yes,2,no,"default for the mode, not individually verified",Circular Line 7 Chengdu North Railway Station - Chengdu South Railway Station (38.6 km),,acf28c5c
2017-12-06,China,Nanjing,S3,metro,,no,yes,yes,2,no,"default for the mode, not individually verified",S3 Nanjing South Railway Station - Gaojiachong,,0a99e5b6
2017-12-09,Ireland,Dublin,Green Line,tram,6.0,no,no,no,0,no,"default for the mode, not individually verified",Green Line St. Stephen's Green - Broombridge (6 km),,7fd201a2
2017-12-10,Austria,Innsbruck,Line 3,tram,3.0,no,no,no,0,no,"default for the mode, not individually verified",Line 3 Höttinger Au/West - Technik West & Peerhofsiedlung (3 km),,6b97e50a
2017-12-10,China,Qingdao,Line 2,metro,21.2,no,yes,yes,2,no,"default for the mode, not individually verified",Line 2 Zhiquanlu - Licun Gongyuan (21.2 km),,0fcf3d9e
2017-12-10,Germany,Chemnitz,Line 3,tram,1.5,no,no,no,0,no,"default for the mode, not individually verified",Line 3 Stadlerplatz - Technopark (1.5 km),,3b90ff19
2017-12-10,Germany,Potsdam,Line 96,tram,1.0,no,no,no,0,no,"default for the mode, not individually verified",Line 96 Viereckremise - Campus Jungfernsee (1 km),,c5da0812
2017-12-10,Germany,Stuttgart,U12,tram,1.2,no,no,no,0,no,"default for the mode, not individually verified",U12 Hallschlag - Wagrainäcker (1.2 km),,f4b1a33a
2017-12-10,Luxembourg,Luxembourg,T1,tram,3.5,no,no,yes,0,no,"default for the mode, not individually verified",T1 Luxexpo - Pafendall-Rout Bréck (3.5 km),,c19c5fc9
2017-12-10,Switzerland,Basel,Line 3,tram,2.7,no,no,no,0,no,"default for the mode, not individually verified",Line 3 Burgfelderhof - Gare de St. Louis (2.7 km),,feb3d28e
2017-12-10,Switzerland,Zürich,Line 8,tram,0.7,no,no,no,0,no,"default for the mode, not individually verified",Line 8 Hardplatz - Schiffbau (0.7 km),,d9a763f7
2017-12-11,Russia,Yekaterinburg,,tram,2.0,no,no,no,0,no,"default for the mode, not individually verified",Lines 2 & 18 Pl. Kommunarov - Krasnouralskaya (-VIZ) (2 km),,9b56cce8
2017-12-15,Turkey,Istanbul,M5,metro,10.5,no,yes,yes,4,yes,unattended operation,M5 Üsküdar - Yamanevler (10.5 km),,542fe393
2017-12-17,Australia,Gold Coast,,tram,7.3,no,no,no,0,no,"default for the mode, not individually verified",Gold Coast University Hospital - Helensvale (7.3 km),,f998b143
2017-12-17,Canada,Toronto,Line 1,metro,8.6,no,yes,no,2,no,"default for the mode, not individually verified",Line 1 Sheppard West - Vaughan Metropolitan Centre (8.6 km),,cef9d271
2017-12-21,Denmark,Aarhus,Aarhus Letbane,light rail,6.5,no,no,yes,1,no,,L2 Aarhus H - Aarhus Universitetshospitalet (6.5 km),,dffacf17
2017-12-25,India,Delhi,Magenta Line,metro,12.6,no,yes,yes,4,yes,opened with drivers; unattended since December 2020,Magenta Line Kalkaji Mandir - Botanical Garden (12.6 km),,d747601c
2017-12-26,China,Hefei,Line 2,metro,30.0,no,yes,yes,2,no,"default for the mode, not individually verified",Line 2 Nangang - Sanshibu (30 km),,af12b489
2017-12-26,China,Wuhan,Line 1,metro,3.6,no,yes,no,2,no,"default for the mode, not individually verified",Line 1 Dongwu Boulevard - Jinghe (3.6 km),,195433fa
2017-12-26,China,Wuhan,Line 8,metro,16.7,no,yes,yes,2,no,"default for the mode, not individually verified",Line 8 Jintan Road - Liyuan (16.7 km),,cdca6b93
2017-12-26,China,Wuhan,Yangluo Line,suburban metro,35.0,no,yes,yes,2,no,CAMET: not FAO,Yangluo Line Houhu Boulevard - Jintai (35 km),,6aede000
2017-12-27,China,Hangzhou,Line 2,metro,13.3,no,yes,no,2,no,"default for the mode, not individually verified",Line 2 Gucuilu - Liangzhu (13.3 km),,758769b0
2017-12-28,China,Chongqing,Line 10,metro,34.0,no,yes,yes,2,no,"default for the mode, not individually verified",Line 10 Wangjiazhuang - Liyuchi (34 km),,340a6066
2017-12-28,China,Chongqing,Line 5,metro,17.0,no,yes,yes,2,no,"default for the mode, not individually verified",Line 5 The Expo Garden Center - Dalongshan (17 km),,3875495a
2017-12-28,China,Guangzhou,Line 13,metro,27.0,no,yes,yes,2,no,"default for the mode, not individually verified",Line 13 Yuzhu - Xinsha (27 km),,df3425d9
2017-12-28,China,Guangzhou,Line 14,suburban metro,21.9,no,yes,yes,2,no,CAMET: not FAO,Line 14 Xinhe - Zhenlong (21.9 km),,245af43f
2017-12-28,China,Guangzhou,Line 4,metro,12.6,no,yes,no,2,no,"default for the mode, not individually verified",Line 4 Jinzhou - Nansha Passenger Port (12.6 km),,7fdcadd4
2017-12-28,China,Guangzhou,Line 9,metro,20.1,no,yes,yes,2,no,"default for the mode, not individually verified",Line 9 Gaozeng - Fei'eling (20.1 km),,76aa87a3
2017-12-28,China,Guiyang,Line 1,metro,12.9,no,yes,yes,2,no,"default for the mode, not individually verified",Line 1 Xiamaixi - Guiyang North Railway Station (12.9 km),,1b788344
2017-12-28,China,Nanning,Line 2,metro,21.0,no,yes,yes,2,no,"default for the mode, not individually verified",Line 2 Xijin - Yudong (21 km),,fb23bbf0
2017-12-30,China,Beijing,Fangshan Line,metro,1.0,no,yes,no,2,no,"default for the mode, not individually verified",Fangshan Line Suzhuang - Yancun Dongdi (1.0 km),,bc42d7cd
2017-12-30,China,Beijing,Line S1,maglev,9.0,no,yes,yes,2,no,CAMET: not FAO,Mentougou Line (Maglev) Jin'anqiao - Shimenying (9 km),,ca52f00e
2017-12-30,China,Beijing,Western Suburban Line,tram,8.6,no,no,yes,0,no,"default for the mode, not individually verified",Western Suburban Line (8.6 km),,c9fdad87
2017-12-30,China,Beijing,Yanfang Line,metro,13.4,no,yes,yes,4,yes,CAMET: FAO,Yanfang Line Yancun Dongdi - Yanshan (13.4 km),split from a combined UrbanRail entry,
2017-12-30,China,Nanjing,S9,suburban metro,51.7,no,yes,yes,2,no,"default for the mode, not individually verified",S9 Xiangyulunan - Gaochun (51.7 km),,a4d55ae6
2017-12-30,China,Shanghai,Line 17,suburban metro,,no,yes,yes,2,no,CAMET: not FAO,Line 17 Hongqiao Railway Station - Oriental Land,,899764fc
2017-12-30,China,Shanghai,Line 9,metro,12.1,no,yes,no,2,no,"default for the mode, not individually verified",Line 9 Middle Yanggao Rd - Caolu (12.1 km),,5a8e663d
2017-12-31,China,Xiamen,Line 1,metro,30.3,no,yes,yes,2,no,"default for the mode, not individually verified",Line 1 Yannei - Zhenhai Road (30.3 km),,1eb22df2
2017-12-31,Russia,Moscow,Line 2,metro,,no,yes,no,2,no,"default for the mode, not individually verified",Line 2 Rechnoy Vokzal - Khovrino (without Belomorskaya ),,168de1b7
2018-01-07,Germany,Düsseldorf,U70/U76 Line 701,tram,1.8,no,no,no,0,no,"default for the mode, not individually verified",Line 701 Rath - Am Hülserhof (1.8 km),,c05e4bd6
2018-01-09,China,Hangzhou,Line 4,metro,11.1,no,yes,no,2,no,"default for the mode, not individually verified",Line 4 Jinjiang - Puyan (11.1 km),,7c7eb48d
2018-01-23,Brazil,São Paulo,Line 4,metro,,no,yes,no,4,yes,unattended operation,Line 4 Higienópolis-Mackenzie station,,d292c5f0
2018-02-26,Russia,Moscow,Line 11 Big Circle Line,metro,10.5,no,yes,yes,2,no,"default for the mode, not individually verified",Line 11 Delovoy Tsentr - Petrovskiy Park (10.5 km),,95d4d015
2018-03-02,Brazil,São Paulo,Line 5,metro,2.9,no,yes,no,2,no,"default for the mode, not individually verified",Line 5 Brooklin - Eucaliptos (2.9 km),,b198bd54
2018-03-14,India,Delhi,Pink Line,metro,21.6,no,yes,yes,4,yes,opened with drivers; unattended since November 2021,Line 7 (Pink Line) Majlis Park – Durgabai Deshmukh South Campus (21.6 km),,8dd8e02f
2018-03-16,United States,Charlotte,Blue Line,light rail,14.9,no,no,no,1,no,"default for the mode, not individually verified",Blue Line 7th Street - UNC Charlotte Main (14.9 km),,8fe90cfe
2018-03-18,China,Chengdu,Line 1,metro,17.0,no,yes,no,2,no,"default for the mode, not individually verified",Line 1 Shengxian Lake - Weijianian; Guangdu - Wugensong; Sihe - Science City (17 km),,3326d8cc
2018-03-18,Uzbekistan,Samarkand,Line 2,tram,5.0,no,no,no,0,no,"default for the mode, not individually verified",Line 2 Temir Yo'l Vokzali - Siab Bazaar (5 km),,cb107a48
2018-03-20,Algeria,Ouargla,Ouargla Tramway,tram,9.8,no,no,yes,0,no,"default for the mode, not individually verified",T1 Hai Nasr - Cité Administrative (9.8 km),,749d1e46
2018-03-22,Russia,Moscow,Line 10,metro,4.2,no,yes,no,2,no,"default for the mode, not individually verified",Line 10 Petrovsko-Razumovskaya - Seligerskaya (4.2 km),,697ca70d
2018-03-24,Turkey,İzmir,Konak Tram,tram,12.8,no,no,yes,0,no,"default for the mode, not individually verified",Konak Tram Halkapinar - Fahrettin Altay (12.8 km),,7df82726
2018-03-31,Brazil,São Paulo,Line 13 Jade,commuter rail,12.2,yes,yes,yes,1,no,,Line 13 Engenheiro Goulart - Aeroporto Guarulhos (12.2 km),,5ee8c5ad
2018-03-31,China,Shanghai,APM Pujiang Line,people mover,6.7,no,yes,yes,4,yes,CAMET: FAO,APM Pujiang Line Shendu Highway - Huizhen Road (6.7 km),,1b417652
2018-04-01,China,Wuhan,Optics Valley Tram L1,tram,30.0,no,no,yes,0,no,,Optics Valley Tram L1 Huazhong University - Fozuling,,d850db29
2018-04-01,China,Wuhan,Optics Valley Tram L2,tram,,no,no,yes,0,no,,Optics Valley Tram L2 Tangxunhu City Railway Station - Optics Valley Botanical Garden,split from a combined UrbanRail entry,
2018-04-04,Brazil,São Paulo,Line 4,metro,,no,yes,no,4,yes,unattended operation,Line 4 Oscar Freire station,,cc558983
2018-04-05,Brazil,São Paulo,Line 5,metro,1.0,no,yes,no,2,no,"default for the mode, not individually verified",Line 5 Eucaliptos - Moema (1 km),,563d9dc7
2018-04-06,Brazil,São Paulo,Line 15,monorail,,no,yes,no,4,yes,unattended operation,Line 15 Oratório - Vila União,,3626249d
2018-04-08,China,Shenyang,Line 2,metro,4.9,no,yes,no,2,no,"default for the mode, not individually verified",Line 2 Hangkonghangtiandaxue - Putianlu (4.9 km),,03a9fd64
2018-04-10,Algeria,Algiers,Line 1,metro,,no,yes,no,2,no,"default for the mode, not individually verified",Tafourah (Grande Poste) - Place des Martyrs (without intermediate station) & Haï El Badr - Ain Naadja,,c9b7e10e
2018-04-23,China,Qingdao,Line 11,suburban metro,54.6,no,yes,yes,2,no,"default for the mode, not individually verified",Line 11 Miaoling Lu - Qiangu Mountain (54.6 km),,d9c780a6
2018-04-24,Portugal,Lisbon,Line 24,tram,2.7,no,no,no,0,no,"default for the mode, not individually verified",Line 24 Praça Luis Camoes - Campolide (2.7 km - reopened!),,d94cd4a9
2018-04-26,Brazil,Salvador,Line 2,metro,3.5,no,yes,no,2,no,"default for the mode, not individually verified",Line 2 Mussurunga - Aeroporto (3.5 km),,a56a4383
2018-04-26,China,Guangzhou,Line 3,metro,1.2,no,yes,no,2,no,"default for the mode, not individually verified",Line 3 Airport South - Airport North (1.2 km),,a910844f
2018-04-26,China,Tianjin,Line 6,metro,19.0,no,yes,no,2,no,CAMET: only phase 2 (2021) is FAO,Line 6 Nancuiping - Meilinlu (19 km),,3cb587ae
2018-04-28,China,Suzhou,SND Tram 1,tram,7.6,no,no,no,0,no,"default for the mode, not individually verified",SND Tram 1 Longkang Road - Xiyang Mountain (7.6 km),,40d3b8e2
2018-05-01,Malaysia,Kuala Lumpur,KTM Skypark Link,airport rail link,,yes,yes,yes,1,no,,Line 10 Subang Jaya - Terminal Skypark (limited service),new airport branch on the KTM network,10acf964
2018-05-07,Iran,Mashhad,Line 2,metro,2.0,no,yes,no,2,no,"default for the mode, not individually verified",Line 2 Shohada - Shariati (2 km),,730c304e
2018-05-08,Algeria,Sétif,Sétif Tramway,tram,14.7,no,no,yes,0,no,"default for the mode, not individually verified",Berchi Abid / Oucissa Laid - 11 Déc 1960 (14.7 km),,35c26519
2018-05-12,Italy,Rome,Line C,metro,0.6,no,yes,no,4,yes,unattended operation,Line C Lodi - San Giovanni (0.6 km),,179200d6
2018-05-17,Argentina,Buenos Aires,Line H,metro,0.8,no,yes,no,2,no,"default for the mode, not individually verified",Line H Las Heras - Julieta Lanteri-Facultad de Derecho (0.8 km),,244547cd
2018-05-25,India,Chennai,Blue Line,metro,4.8,no,yes,no,2,no,"default for the mode, not individually verified",Blue Line Little Mount – AG-DMS (4.8 km),,ea4b7d6e
2018-05-25,India,Chennai,Green Line,metro,2.6,no,yes,no,2,no,"default for the mode, not individually verified",Green Line Nehru Park - Central (2.6 km),,eb70496a
2018-05-26,China,Nanjing,S1,suburban metro,31.8,no,yes,no,2,no,"default for the mode, not individually verified",S1/ S7 Lukou International Airport - Wuxiangshan (31.8 km),,50b21eb6
2018-05-26,Russia,Saint Petersburg,M3,metro,5.0,no,yes,no,2,no,"default for the mode, not individually verified",M3 Primorskaya - Begovaya (~5 km),,76726a0a
2018-05-29,India,Delhi,Magenta Line,metro,24.8,no,yes,no,4,yes,opened with drivers; unattended since December 2020,Magenta Line Janakpuri West – Kalkaji Mandir (24.8 km),,22842d63
2018-06-13,Russia,Nizhny Novgorod,Line 2,metro,2.5,no,yes,no,2,no,"default for the mode, not individually verified",Moskovskaya - Strelka (2.5 km),,bd60096a
2018-06-16,South Korea,Seoul,Seohae Line,commuter rail,22.0,yes,yes,yes,1,no,,Seohae Line Sosa - Wonsi (22.0 km),,658587d7
2018-06-24,India,Delhi,Line 5,metro,11.2,no,yes,no,2,no,"default for the mode, not individually verified",Line 5 Mundka - Bahadurgarh City Park (11.2 km),,93604660
2018-06-28,China,Dalian,Line 2,metro,,no,yes,no,2,no,"default for the mode, not individually verified",Line 2 Airport - Xinzhaizi,,6f34cf63
2018-06-30,France,Nice,T2,tram,7.0,no,no,no,0,no,"default for the mode, not individually verified",T2 CADAM - Magnan (7 km),,d908a606
2018-07-10,Iran,Isfahan,Line 1,metro,,no,yes,no,2,no,"default for the mode, not individually verified",Line 1 Azadi - Soffeh; + Imam Hossein & Enghelab stations,,3c6f5af6
2018-07-12,Nigeria,Abuja,Abuja Light Rail Line 1,light rail,26.7,no,yes,yes,2,no,,Airport - Abuja Station (26.7 km),,c961d78e
2018-07-16,Italy,Florence,T1,tram,,no,no,no,0,no,"default for the mode, not individually verified",T1 Alamanni-Stazione - Careggi-Ospedale,,f0ac53f7
2018-07-22,Netherlands,Amsterdam,M52,metro,9.8,no,yes,yes,2,no,"default for the mode, not individually verified",M52 Noord - Zuid (9.8 km ),,e5a9b4bb
2018-07-27,Luxembourg,Luxembourg,T1,tram,1.6,no,no,no,0,no,"default for the mode, not individually verified",T1 Pafendall-Rout Bréck - Stäreplaz/Place de l'Étoile (1.6 km),,abd9adf0
2018-08-01,Indonesia,Palembang,Palembang LRT,light rail,22.5,no,yes,yes,2,no,,LRT Bandara (Airport) - OPI (22.5 km),,e7940f93
2018-08-06,India,Delhi,Line 7,metro,8.1,no,yes,no,2,no,"default for the mode, not individually verified",Line 7 Durgabai Deshmukh South Campus - Lajpat Nagar (8.1 km),,c3d11244
2018-08-09,Dominican Republic,Santo Domingo,Line 2,metro,3.6,no,yes,no,2,no,"default for the mode, not individually verified",Line 2 Eduardo Brito - Concepción Bona (3.6 km),,3cc9e19e
2018-08-25,Denmark,Aarhus,Aarhus Letbane (Odder line),tram,27.0,no,no,no,0,no,"default for the mode, not individually verified","Aarhus H - Odder (27 km, tram-train)",conversion of the existing Odder railway to tram-train,4315bc86
2018-08-25,Denmark,Aarhus,Line 2,tram,3.5,no,no,no,0,no,"default for the mode, not individually verified",L2 Aarhus Universitetshospitalet - Lisbjergskolen (3.5 km),,2cecb157
2018-08-26,Australia,Melbourne,Mernda line,commuter rail,8.0,yes,no,no,1,no,"default for the mode, not individually verified",South Morang - Mernda (8 km),,b9deedf3
2018-08-27,Germany,Cologne,Line 3,light rail,0.6,no,no,no,1,no,"default for the mode, not individually verified",Line 3 Ollenhauerring - Görlinger-Zentrum (0.6 km),,6c102043
2018-08-30,China,Changchun,Line 2,metro,20.5,no,yes,yes,2,no,"default for the mode, not individually verified",Line 2 Shuangfeng - Dongfang Square (20.5 km),,99bc4d26
2018-08-30,Russia,Kazan,Line 1,metro,1.0,no,yes,no,2,no,"default for the mode, not individually verified",Line 1 Pros. Pobedy - Dubravnaya (1 km),,fc6dcd90
2018-08-30,Russia,Moscow,Line 8A Solntsevskaya,metro,14.0,no,yes,no,2,no,"default for the mode, not individually verified",Line 8A (Solntsevskaya) Ramenki - Rasskazovka (14 km),,a8069913
2018-08-31,Brazil,São Paulo,Line 5,metro,,no,yes,no,2,no,"default for the mode, not individually verified",Line 5 Moema - AACD-Servidor,,1c5561ba
2018-08-31,China,Suzhou,SND Tram 2,tram,,no,no,yes,0,no,"default for the mode, not individually verified",SND Tram 2 Longkang Road - Suzhou New District Railway Station / Wenchang Road,,60335958
2018-09-01,Austria,Gmunden,Traunseetram,tram,,no,no,no,0,no,"default for the mode, not individually verified",Franz-Josef-Platz - Klosterplatz ( - Vorchdorf-Eggenberg > Tram-train),,169da945
2018-09-01,Belgium,Brussels,Line 9,tram,3.2,no,no,no,0,no,"default for the mode, not individually verified",Line 9 Miroir - Arbre Ballon (3.2 km),,bef398db
2018-09-03,Sweden,Stockholm,Line 7,tram,0.4,no,no,no,0,no,"default for the mode, not individually verified",Line 7 Kungsträdgarden - T-Centralen (0.4 km),,aa1432c5
2018-09-08,Italy,Milan,Line 15,tram,1.6,no,no,no,0,no,"default for the mode, not individually verified",Line 15 Viale Romagna (Rozzano) - Rozzano Via Guido Ross a (1.6 km),,34799ddc
2018-09-08,Spain,Barcelona,Line 10 Sud,metro,2.4,no,yes,yes,4,yes,unattended operation,Line 10 Sud Can Trias | Gornal - Foc (including intermediate station Foneria ) (2.4 km),L10 Sud services began over the L9 Sud trunk plus a new branch to Foc,b323170f
2018-09-15,Belgium,Antwerp,Line 70,tram,2.9,no,no,no,0,no,"default for the mode, not individually verified",Line 70 Eilandje MAS - Kinepolis (2.9 km),,198cc050
2018-09-24,India,Hyderabad,Red Line,metro,17.3,no,yes,no,2,no,"default for the mode, not individually verified",Red Line Ameerpet - LB Nagar (17.3 km),,967f640f
2018-09-28,Brazil,São Paulo,Line 5,metro,3.0,no,yes,no,2,no,"default for the mode, not individually verified",Line 5 AACD Servidor - Chácara Klabin (3 km),,44699042
2018-09-29,Belgium,Brussels,Line 8,tram,2.0,no,no,no,0,no,"default for the mode, not individually verified",Line 8 (ex 94) Musée du Tram - <M> Roodebeek (2 km),,d6651a63
2018-10-01,China,Wuhan,Line 11,metro,19.7,no,yes,yes,2,no,"default for the mode, not individually verified",Line 11 Optics Valley Railway Station - Zuoling (19.7 km),,784673f5
2018-10-01,China,Wuhan,Line 7,metro,30.9,no,yes,yes,2,no,"default for the mode, not individually verified",Line 7 Garden Expo North - Yezhihu (30.9 km),,e5777697
2018-10-13,Australia,Adelaide,,tram,,no,no,no,0,no,"default for the mode, not individually verified",Rundle Mall - Botanic Gardens / Festival Plaza,,8dc4a56e
2018-10-21,Turkey,Istanbul,M5,metro,9.5,no,yes,no,4,yes,unattended operation,M5 Yamanevler - Çekmeköy-Sancaktepe (9.5 km),,255fda25
2018-10-22,China,Tianjin,Line 5,metro,30.0,no,yes,yes,2,no,"default for the mode, not individually verified",Line 5 Danhebeidao - Zhongyiyifuyuan (~30 km),,cd140be4
2018-10-25,China,Ürümqi,Line 1,metro,16.6,no,yes,yes,2,no,"default for the mode, not individually verified",Line 1 Balou – Ürümqi International Airport (16.6 km),,ba705ace
2018-10-25,United Kingdom,Sheffield,Sheffield Supertram tram-train,tram,5.6,no,no,no,0,no,"default for the mode, not individually verified",Tram-train Meadowhall South - Rotherham Parkgate (5.6 km),tram-train onto an existing mainline,cf7c7c34
2018-10-27,Brazil,São Paulo,Line 4,metro,2.5,no,yes,no,4,yes,unattended operation,Line 4 Butantã - São Paulo-Morumbi (2.5 km),,3d5066c0
2018-10-30,China,Changchun,Line 8,light rail,13.3,no,yes,yes,1,no,,Line 8 North Huancheng Road - Guangtong Road (13.3 km),,323268c1
2018-10-31,India,Delhi,Pink Line,metro,17.8,no,yes,no,4,yes,opened with drivers; unattended since November 2021,Pink Line Shiv Vihar - Trilokpuri-Sanjay Lake (17.8 km),,bd75a593
2018-11-02,United States,Milwaukee,The Hop,tram,,no,no,yes,0,no,"default for the mode, not individually verified",Milwaukee Intermodal Station - Burns Commons,,b11b36dc
2018-11-09,United States,El Paso,El Paso Streetcar,tram,7.7,no,no,yes,0,no,"default for the mode, not individually verified",Streetcar loops (7.7 km),,f1d49661
2018-11-16,United States,St. Louis,Loop Trolley,tram,3.5,no,no,yes,0,no,"default for the mode, not individually verified",Loop Trolley MHM/Forest Park - University City Library (3.5 km),,4b4b08c9
2018-11-19,India,Delhi,Violet Line,metro,3.2,no,yes,no,2,no,"default for the mode, not individually verified",Violet Line Escorts Mujesar - Ballabhgarh (3.2 km),,dcfcbbb4
2018-11-23,France,Strasbourg,Line D,tram,1.2,no,no,no,0,no,"default for the mode, not individually verified",Line D Kehl Bahnhof - Kehl Rathaus (1.2 km),,fe210163
2018-11-23,Mexico,Guadalajara,Line 1,light rail,1.0,no,no,no,1,no,"default for the mode, not individually verified",L1 Periférico Norte - Auditorio (1 km),,2ec54688
2018-11-24,France,Paris,T3b,tram,4.3,no,no,no,0,no,"default for the mode, not individually verified",T3b Porte de la Chapelle – Porte d'Asnières (4.3 km),,dfcf7c7f
2018-12-01,China,Guiyang,Line 1,metro,22.3,no,yes,no,2,no,"default for the mode, not individually verified",Line 1 Guiyang North Railway Station - Xiaomeng Industrial Park (22.3 km),,0222bf61
2018-12-01,South Korea,Seoul,Line 9,metro,10.0,no,yes,no,2,no,"default for the mode, not individually verified",Line 9 Sports Complex - VHS Medical Center (10 km),,fe51197c
2018-12-03,China,Tianjin,Line 1,metro,,no,yes,no,2,no,"default for the mode, not individually verified",Line 1 Shuanglin (now underground) - Lilou,,d6aa01d4
2018-12-06,Thailand,Bangkok,BTS Sukhumvit Line,metro,10.0,no,yes,no,2,no,,BTS Sukhumvit Line Samrong - Kheha (10 km),,05cb3e17
2018-12-07,Germany,Hamburg,U4,metro,1.3,no,yes,no,2,no,"default for the mode, not individually verified",U4 Hafencity Universität - Elbbrücken (1.3 km),,2a176061
2018-12-09,Germany,Heidelberg,,tram,1.0,no,no,no,0,no,"default for the mode, not individually verified",Lines 22/26 Gadamerplatz - Montpellierbrücke (1 km),,871c6732
2018-12-09,Germany,Ulm,Line 2,tram,8.8,no,no,no,0,no,"default for the mode, not individually verified",Line 2 Kuhberg Schulzentrum - Etlinger Tor and Theater - Science Park II (8.8 km),,fe752cc5
2018-12-14,United States,Oklahoma City,Loop Line,tram,8.0,no,no,yes,0,no,"default for the mode, not individually verified",Loop Line (8 km),,f4ee5c50
2018-12-15,France,Nice,Line 2,tram,1.7,no,no,no,0,no,"default for the mode, not individually verified",Line 2 Grand Arénas (Pôle Intermodal) - Aéroport T2 (1.7 km),,09ff344d
2018-12-20,Russia,Moscow,Line 2,metro,,no,yes,no,2,no,"default for the mode, not individually verified",Line 2 Belomorskaya station,,1cc1b52e
2018-12-24,China,Chongqing,Line 5,metro,,no,yes,no,2,no,"default for the mode, not individually verified",Line 5 Dalongshan - Dashiba,,a8788ff4
2018-12-24,Taiwan,New Taipei,Danhai LRT,light rail,7.3,no,no,yes,1,no,,Danhai LRT Hongshulin – Kanding (7.3 km),,575b8490
2018-12-26,China,Chengdu,Chengdu Tram Line 2,tram,13.5,no,no,yes,0,no,"default for the mode, not individually verified",T2 Chenguang – Hexin Road (13.5 km),,9853bbaa
2018-12-26,China,Chengdu,Line 10,metro,17.4,no,yes,no,2,no,"default for the mode, not individually verified",Taipingyuan - Shuangliu West Station (17.4 km),,ab4e1110
2018-12-26,China,Chengdu,Line 3,metro,12.7,no,yes,no,2,no,"default for the mode, not individually verified",Line 3 Chengdu Junqu General Hospital - Chengdu Medical College (12.7 km),,eb833bcc
2018-12-26,China,Qingdao,Line 13,suburban metro,66.8,no,yes,yes,2,no,"default for the mode, not individually verified",Line 13 Jinggangshan Road - Dongjiakou Railway Station (66.8 km),,d0b196c1
2018-12-26,China,Shanghai,Songjiang Tram T2,tram,13.9,no,no,yes,0,no,"default for the mode, not individually verified",Songjiang Tram T2 Canghua Road - Zhongchen Road (13.9 km),,823c153f
2018-12-26,China,Xi'an,Line 4,metro,35.2,no,yes,yes,2,no,"default for the mode, not individually verified",Line 4 Xi'an North Railway Station - Hangtian Xincheng (35.2 km),,6f2a0139
2018-12-28,China,Chongqing,Line 4,metro,15.6,no,yes,yes,2,no,"default for the mode, not individually verified",Line 4 North Station - Tangjiatuo (15.6 km),,c992c211
2018-12-28,China,Chongqing,Loop Line,metro,,no,yes,yes,2,no,"default for the mode, not individually verified",Loop Line Chongqing Library - Haixialu via North Railway Station ( 34.3 km ),,7b814a5a
2018-12-28,China,Guangzhou,Guangfo Line,metro,,no,yes,no,2,no,"default for the mode, not individually verified",GuangFo Line Yangang - Lijiao,,94fc1da1
2018-12-28,China,Guangzhou,Line 14,suburban metro,53.9,no,yes,no,2,no,CAMET: not FAO,Line 14 Jiahewanggang - Dongfeng (53.9 km),,4fbf7aea
2018-12-28,China,Guangzhou,Line 21,suburban metro,25.2,no,yes,yes,2,no,CAMET: not FAO,Line 21 Zhenlongxi - Zengcheng Square (25.2 km),,f33e5a60
2018-12-28,China,Wuhan,Line 7,metro,17.0,no,yes,no,2,no,"default for the mode, not individually verified",Line 7 Yezhi Lake - Qinglongshan Ditiexiaozhen (17 km),,c57c2cd6
2018-12-30,China,Beijing,Line 6,metro,10.6,no,yes,no,2,no,"default for the mode, not individually verified",Line 6 Haidian Wuluju - Jin'anqiao (10.6 km),,8a728990
2018-12-30,China,Beijing,Line 8,metro,,no,yes,no,2,no,"default for the mode, not individually verified",Line 8 Nanluoguxiang - National Art Museum,,1d459596
2018-12-30,China,Beijing,Line 8,metro,10.3,no,yes,no,2,no,"default for the mode, not individually verified",Line 8 Zhushikou - Yinghai (10.3 km),,aba975e4
2018-12-30,China,Shanghai,Line 13,metro,16.0,no,yes,no,2,no,"default for the mode, not individually verified",Line 13 Shibo Avenue - Zhangjiang Road (16 km),,bc53fb97
2018-12-30,China,Shanghai,Line 5,metro,16.4,no,yes,no,2,no,"default for the mode, not individually verified",Line 5 Dongchuan Road - Fengxian Xincheng (16.4 km),,ecda45a5
2018-12-30,Russia,Moscow,Line 8A Solntsevskaya,metro,1.8,no,yes,no,2,no,"default for the mode, not individually verified",L8A/11 Petrovsiky Park - Savyolovskaya (1.8 km),,1dbdd9c4
2018-12-31,India,Delhi,Pink Line,metro,9.7,no,yes,no,4,yes,opened with drivers; unattended since November 2021,Pink Line Lajpat Nagar - Mayur Vihar Pocket-1 (9.7 km),,9aeb9bc0
2019-01-01,China,Sanya,Sanya Tram,tram,3.9,no,no,yes,0,no,"default for the mode, not individually verified",Sanya Railway Station - Jiefang Road (3.9 km),,a8338d95
2019-01-11,China,Chongqing,Line 4,metro,,no,yes,no,2,no,"default for the mode, not individually verified",Line 4 North Station - Min'andadao (+ Loop station),,4ff44cec
2019-01-22,Chile,Santiago,Line 3,metro,20.0,no,yes,yes,4,yes,unattended operation,L3 Los Libertadores - Fdo. Castillo Velasco (20 km),,731916b9
2019-01-23,China,Wenzhou,S1,suburban metro,34.4,no,yes,yes,2,no,"default for the mode, not individually verified",S1 Tongling - Olympic Center (34.4 km),,2689b2f3
2019-01-24,Morocco,Casablanca,T2,tram,16.5,no,no,yes,0,no,"default for the mode, not individually verified",T2 Anoual - Sidi Bernoussi and T1 Facultés - Lissasfa (16.5 km),T1 was extended at the same time,7eb19a82
2019-01-25,India,Noida,Aqua Line,metro,29.7,no,yes,yes,2,no,"default for the mode, not individually verified",Aqua Line Sector 51 - Depot Station (29.7 km),,3336cba9
2019-01-26,Austria,Innsbruck,,tram,3.5,no,no,no,0,no,"default for the mode, not individually verified",Lines 2/5 Leipziger Platz - Josef-Kerschbaumer-Straße & Terminal Marktplatz - Klinik/Uni (3.5 km),,a4942411
2019-01-31,China,Tianjin,Line 5,metro,2.0,no,yes,no,2,no,"default for the mode, not individually verified",Line 5 Danhebeidao - Beichenkejiyuanbei (2 km),,2f1825e9
2019-02-02,France,Bordeaux,Line C,tram,1.4,no,no,no,0,no,"default for the mode, not individually verified",Line C Vaclav Havel – Villenave Pyrénées (1.4 km),,32c5fe35
2019-02-10,India,Chennai,Blue Line,metro,9.7,no,yes,no,2,no,"default for the mode, not individually verified",Blue Line AG-DMS - Washermanpet (9.7 km),,cb1dd7cc
2019-02-11,Italy,Florence,T2,tram,5.0,no,no,yes,0,no,"default for the mode, not individually verified",T2 Unità - Peretola Aeroporto (5 km),,1f3a4025
2019-02-11,Turkey,İzmit,,tram,2.2,no,no,no,0,no,"default for the mode, not individually verified",SekaPark - Plajyolu (2.2 km),,8b98fc89
2019-02-17,Australia,Newcastle,Newcastle Light Rail,tram,2.6,no,no,yes,0,no,"default for the mode, not individually verified",Newcastle Interchange - Pacific Park (2.6 km),,92760a67
2019-02-19,China,Wuhan,Line 2,metro,13.4,no,yes,no,2,no,"default for the mode, not individually verified",Line 2 Optics Valley Square - Fozuling (13.4 km),,aaec6497
2019-03-02,Spain,Barcelona,Line 10 Sud,metro,,no,yes,no,4,yes,unattended operation,L10S Provençana station,,b7259892
2019-03-03,India,Mumbai,Mumbai Monorail,monorail,10.7,no,yes,no,2,no,,Monorail Wadala Depot - Jacob Circle (10.7 km),,1cf937fa
2019-03-04,India,Ahmedabad,Blue Line,metro,6.5,no,yes,yes,2,no,"default for the mode, not individually verified",Line 1 Vastral Gam - Apparel Park (6.5 km),,b8d6a3d2
2019-03-08,India,Delhi,Blue Line,metro,6.6,no,yes,no,2,no,"default for the mode, not individually verified",Blue Line Noida City Centre - Noida Electronic City (6.6 km),,d2212b0c
2019-03-08,India,Delhi,Red Line,metro,9.4,no,yes,no,2,no,"default for the mode, not individually verified",Red Line Dilshad Garden-New Bus Adda (9.4 km),,87975588
2019-03-08,India,Lucknow,Red Line,metro,2.6,no,yes,no,2,no,"default for the mode, not individually verified",Transport Nagar - Chaudhary Charan Singh Int'l Airport (2.6 km),,9c2e2139
2019-03-08,India,Lucknow,Red Line,metro,12.6,no,yes,no,2,no,"default for the mode, not individually verified",Red Line Charbagh - Munshipulia (12.6 km),,d758d265
2019-03-08,India,Nagpur,Orange Line,metro,13.5,no,yes,yes,2,no,"default for the mode, not individually verified",Sitabuldi - Khapri (13.5 km - limited service),,1d4ba367
2019-03-10,Turkey,Eskişehir,,tram,3.0,no,no,no,0,no,"default for the mode, not individually verified",Açelya - Sehir Hastanesi (3 km),,4d90b5a4
2019-03-12,Turkey,Istanbul,Marmaray,commuter rail,76.6,yes,no,no,1,no,"default for the mode, not individually verified",Marmaray Gebze - Halkali (76.6 km),"upgraded mainline commuter rail, the Bosphorus tunnel section opened in 2013",0a37e9fa
2019-03-16,Germany,Freiburg,,tram,1.9,no,no,no,0,no,"default for the mode, not individually verified",Reiterstraße - Siegesdenkmal (1.9 km),,7a463429
2019-03-16,Germany,Freiburg,,tram,1.9,no,no,no,0,no,"default for the mode, not individually verified",Heinrich-von-Stephan-Str. - Europaplatz (1.9 km),,cf53d8aa
2019-03-20,India,Hyderabad,Blue Line,metro,10.0,no,yes,no,2,no,"default for the mode, not individually verified",Blue Line Ameerpet - Hitec City (10 km),,88b27d34
2019-03-23,Spain,Madrid,Line 7,metro,,no,yes,no,2,no,"default for the mode, not individually verified",Line 7 Arroyofresno station,,64437e17
2019-03-24,Indonesia,Jakarta,MRT North–South Line,metro,15.7,no,yes,yes,2,no,,MRT Bunderan HI - Lebak Bulus (15.7 km),,ea69fe22
2019-04-01,China,Jinan,Line 1,suburban metro,26.2,no,yes,yes,2,no,CAMET: not FAO,Fangte - Gongyanyuan (26.2 km),,ec158dfd
2019-04-07,Iran,Tehran,Line 6,metro,9.0,no,yes,yes,2,no,"default for the mode, not individually verified",Line 6 Shohada Square - Dowlat Abad (9 km),,a7bd8d91
2019-04-10,China,Harbin,Line 1,metro,,no,yes,no,2,no,"default for the mode, not individually verified",Line 1 Harbin South Railway Station - Xinjiang Street,,4266e300
2019-04-20,Australia,Canberra,Canberra Light Rail,tram,12.0,no,no,yes,0,no,"default for the mode, not individually verified",Gungahlin Place - Alinga Street (12 km),,f5d94430
2019-04-25,Panama,Panama City,Line 2,metro,22.0,no,yes,yes,2,no,,Line 2 San Miguelito - Nuevo Tocumen (22 km),,7543a7f7
2019-04-26,China,Fuzhou,Line 2,metro,30.0,no,yes,yes,2,no,"default for the mode, not individually verified",Line 2 Suyang - Yangli (30 km),,bef6ce89
2019-04-26,United States,Denver,Line G,commuter rail,11.5,yes,no,yes,1,no,"default for the mode, not individually verified",Line G Union Station - Wheat Ridge-Ward (11.5 km),,b6cc6b64
2019-04-30,Denmark,Aarhus,Aarhus Letbane (Grenaa line),tram,,no,no,no,0,no,"default for the mode, not individually verified",Aarhus H - Grenaa & Lisbjerg - Lystrup,conversion of the Grenaa railway plus a short extension,9cb54eb9
2019-05-07,Argentina,Mendoza,Metrotranvía,light rail,5.1,no,no,no,1,no,"default for the mode, not individually verified",Las Heras - Panquehua (Avellaneda) (5.1 km),,3ba88182
2019-05-08,Qatar,Doha,Red Line,metro,,no,yes,yes,4,yes,unattended operation,Red Line Al Qassar - Al Wakra,,494d7710
2019-05-17,United States,Denver,,tram,3.7,no,no,no,0,no,"default for the mode, not individually verified",Lincoln Station - RidgeGate (3.7 km),,900495a1
2019-05-18,United States,Phoenix,Valley Metro Rail,tram,3.0,no,no,no,0,no,"default for the mode, not individually verified",Mesa Drive - Gilbert Rd/Main St (3 km),,ac952b31
2019-05-19,Netherlands,The Hague,Line 4,light rail,2.0,no,no,no,1,no,"default for the mode, not individually verified",Line 4 Javalaan - Lansingerland-Zoetermeer (2 km),,52db9e8b
2019-05-20,China,Zhengzhou,Line 5,metro,40.0,no,yes,yes,2,no,"default for the mode, not individually verified",Line 5 Circle Line (40 km),,144f54e2
2019-05-25,China,Shenyang,Line 9,metro,29.0,no,yes,yes,2,no,"default for the mode, not individually verified",Line 9 Nujianggongyuan - Jianzhudaxue (29 km),,2760dec0
2019-05-26,Australia,Sydney,Sydney Metro North West,metro,36.0,no,yes,yes,4,yes,unattended operation,NW Metro Chatswood - Tallawong (36 km),,ba59e240
2019-05-26,China,Changsha,Line 4,metro,33.5,no,yes,yes,2,no,"default for the mode, not individually verified",Line 4 Guanziling - Dujiaping (33.5 km),,b19401fa
2019-06-03,Algeria,Constantine,T1,tram,6.9,no,no,no,0,no,"default for the mode, not individually verified",T1 Zouaghi Slimane - Chahid Kadri Brahim (6.9 km),,f077ac59
2019-06-03,Argentina,Buenos Aires,Line E,metro,2.0,no,yes,no,2,no,"default for the mode, not individually verified",Line E Bolívar - Retiro (2 km),,f2acfd8a
2019-06-03,Russia,Moscow,Line 15,metro,5.3,no,yes,yes,2,no,"default for the mode, not individually verified",Line 15 Kosino - Nekrasovka (5.3 km),,2367206f
2019-06-06,China,Nanning,Line 3,metro,27.9,no,yes,yes,2,no,"default for the mode, not individually verified",Line 3 Keyuan Dadao - Pingliang Overpass (27.9 km),,eab02895
2019-06-11,Indonesia,Jakarta,Jakarta LRT Line 1,light rail,5.8,no,yes,yes,2,no,,LRT Velodrome - Kelapa Gading Mall (5.8 km),,356fec85
2019-06-15,Egypt,Cairo,Line 3,metro,4.0,no,yes,no,2,no,"default for the mode, not individually verified",Line 3 Al Ahram - El Shams Club (4 km),,5486192c
2019-06-17,France,Strasbourg,Line E,tram,1.6,no,no,no,0,no,"default for the mode, not individually verified",Line E Boecklin - Robertsau L'Escale (1.6 km),,eb3d19a8
2019-06-20,Russia,Moscow,Line 1,metro,8.5,no,yes,no,2,no,"default for the mode, not individually verified",Line 1 Salaryevo - Kommunarka (~8.5 km),,3d9f63ec
2019-06-21,Canada,Kitchener–Waterloo,ION,tram,19.0,no,no,yes,0,no,"default for the mode, not individually verified",Conestoga - Fairway (19 km),,ab092a49
2019-06-22,Poland,Wrocław,Line 16,tram,0.9,no,no,no,0,no,"default for the mode, not individually verified",Line 16 Pulaskiego/Kosciuszki - Hubska/Prudnicka (0.9 km),,daa41510
2019-06-23,China,Lanzhou,Line 1,metro,26.8,no,yes,yes,2,no,"default for the mode, not individually verified",Line 1 Chenguanying - Donggang (26.8 km),,9fa7e9b4
2019-06-24,China,Hangzhou,Line 5,metro,16.2,no,yes,yes,2,no,"default for the mode, not individually verified",Line 5 Liangmu Road - Shanxian (16.2 km),,7df04b8d
2019-06-26,China,Shijiazhuang,Line 1,metro,10.4,no,yes,no,2,no,"default for the mode, not individually verified",Line 1 Xiaohedadao - Fuze (10.4 km),,a2a4b5e0
2019-06-28,China,Ürümqi,Line 1,metro,10.7,no,yes,no,2,no,"default for the mode, not individually verified",Line 1 Balou - Santunbei (10.7 km),,e7a6de90
2019-06-28,France,Nice,Line 2,tram,2.0,no,no,no,0,no,"default for the mode, not individually verified",Line 2 Magnan - Jean Médecin (2 km),,40904b47
2019-06-30,China,Nanchang,Line 2,metro,11.9,no,yes,no,2,no,"default for the mode, not individually verified",Line 2 Metro Central - Xinjia'an (11.9 km),,3ca188fc
2019-06-30,China,Ningbo,Line 3,metro,16.7,no,yes,yes,2,no,CAMET: only phase 2 (2024) is FAO,Line 3 Datong Bridge - Gaotang Bridge (16.7 km),,b8f395d9
2019-07-05,Serbia,Belgrade,,tram,,no,no,no,0,no,"default for the mode, not individually verified",Lines 11/13 Hipodrom/Gosp. Mehana - ZS Novi Beograd (via Ada Bridge; 3.3 km),,6a4a874f
2019-07-05,Turkey,Samsun,,tram,6.0,no,no,no,0,no,"default for the mode, not individually verified",OMÜ Rektörlük (ex Üniversite) - Yurtlar (6 km),,4c3255e4
2019-07-09,Hungary,Budapest,Line 1,tram,1.5,no,no,no,0,no,"default for the mode, not individually verified",Line 1 Etele út/Fehérvári út - Kelenföld vasútállomás (1.5 km),,9619a26f
2019-07-27,France,Caen,Caen Tramway T1–T3,tram,16.4,no,no,yes,0,no,"default for the mode, not individually verified",Lines T1-T3 rebuilt tram (16.4 km),three new tram lines replacing the TVR guided bus,d2e1a191
2019-07-27,Iran,Mashhad,Line 2,metro,,no,yes,no,2,no,"default for the mode, not individually verified",Line 2 Shariati - Shahid Kaveh,,f9d3f1d6
2019-08-09,Thailand,Bangkok,BTS Sukhumvit Line,metro,1.4,no,yes,no,2,no,,BTS Sukhumvit Line Mo Chit - Ha Yaek Lat Phrao (1.4 km),,4fc71ca5
2019-08-10,China,Shanghai,Songjiang Tram T2,tram,12.7,no,no,no,0,no,"default for the mode, not individually verified",Songjiang Tram T2 Full circle (12.7 km),,c3d7983e
2019-08-11,Turkey,Antalya,AntRay T3,light rail,13.0,no,no,yes,1,no,,T3 Atatürk - Varsak (13 km),,495bb04d
2019-08-12,Thailand,Bangkok,Blue Line,metro,13.9,no,yes,no,2,no,,MRT Blue Line Hua Lamphong - Lak Song (13.9km),,a03665e4
2019-08-26,Brazil,São Paulo,Line 15,monorail,,no,yes,no,4,yes,unattended operation,Line 15 Vila União - Jardim Planalto,,f653255d
2019-09-01,Russia,Saint Petersburg,Line 59,tram,,no,no,no,0,no,"default for the mode, not individually verified",Line 59 Pros. Nastavnikov - Ul. Elektropul'tovchev,,9e8cd477
2019-09-02,Switzerland,Zürich,Line 2,tram,2.9,no,no,no,0,no,"default for the mode, not individually verified",Line 2 Farbhof - Schlieren Geisswand (2.9 km),,f3204f43
2019-09-04,India,Kochi,Line 1,metro,5.5,no,yes,no,2,no,"default for the mode, not individually verified",Maharaja’s College - Thykoodam (5.5 km),,b50ff4a6
2019-09-14,Canada,Ottawa,Confederation Line,light rail,12.5,no,yes,yes,2,no,,Confederation Line Blair - Tunney’s Pasture (12.5 km),,b6e996d9
2019-09-15,Poland,Warsaw,M2,metro,3.1,no,yes,no,2,no,"default for the mode, not individually verified",M2 Dw. Wilenski - Trocka (3.1 km),,9d7aa5a9
2019-09-19,China,Zhengzhou,Line 14,metro,,no,yes,yes,2,no,"default for the mode, not individually verified",Line 14 Tielu - Olympic Sports Center (xx km),,32ceb38d
2019-09-21,China,Changzhou,Line 1,metro,34.2,no,yes,yes,2,no,"default for the mode, not individually verified",Line 1 Forest Park - Nanxiashu (34.2 km),,cad3c641
2019-09-21,Thailand,Bangkok,Blue Line,metro,8.0,no,yes,no,2,no,,MRT Blue Line Bang Wa - Lak Song (8 km),,c8886005
2019-09-25,China,Wuhan,Line 4,metro,16.0,no,yes,no,2,no,"default for the mode, not individually verified",Line 4 Huangjinkou - Bolin (16 km),,df1f6792
2019-09-26,China,Beijing,Daxing Airport Express,airport express metro,41.4,no,yes,yes,2,no,CAMET: not FAO,Daxing Airport Express Cao Qiao - Daxing Airport (41.4 km),,5fc70da0
2019-09-26,China,Xi'an,Line 1,metro,6.1,no,yes,no,2,no,"default for the mode, not individually verified",Line 1 Houweizhai - Fenghesenlingongyuan (6.1 km),,8c2707b0
2019-09-28,China,Ningbo,Line 3,metro,5.6,no,yes,no,2,no,CAMET: only phase 2 (2024) is FAO,Line 3 (Ningfeng Line) Gaotang Bridge - Minghui Rd (5.6 km),,37359c1d
2019-09-28,China,Shenzhen,Line 5,metro,7.6,no,yes,no,2,no,"default for the mode, not individually verified",Line 5 Qianhaiwan - Chiwan (7.6 km),,0c2738fc
2019-09-28,China,Wenzhou,S1,suburban metro,19.1,no,yes,no,2,no,"default for the mode, not individually verified",S1 Olympic Center - Shuang'ou Avenue (19.1 km),,9fcae6de
2019-09-28,China,Wuxi,Line 1,metro,5.2,no,yes,no,2,no,"default for the mode, not individually verified",Line 1 Changguangxi - Nanfangquan (5.2 km),,2ad18fba
2019-09-28,China,Xuzhou,Line 1,metro,22.0,no,yes,yes,2,no,"default for the mode, not individually verified",Line 1 Luwo - Xuzhou East Railway Station (22 km),,870881d4
2019-09-28,Iran,Tehran,Line 6,metro,1.0,no,yes,no,2,no,"default for the mode, not individually verified",Line 6 Shohada Square - Emam Hossein (1 km),,62292851
2019-09-28,South Korea,Gimpo,Gimpo Gold Line,light metro,23.5,no,yes,yes,4,yes,unattended operation,Gimpo Gold Line Gimpo Airport - Yangchon (23.5 km),,f64ced85
2019-09-29,China,Xi'an,Airport Intercity Line,metro,29.3,no,yes,yes,2,no,"default for the mode, not individually verified","Airport Intercity Line Beikezhan (North Railway Station) - Airport West (T1, T2, T3) (29.3 km)",,5e2019d5
2019-09-29,Denmark,Copenhagen,M3,metro,15.5,no,yes,yes,4,yes,unattended operation,M3 Cityringen (15.5 km),,2e48d15d
2019-09-30,Netherlands,Rotterdam,Line B (Hoekse Lijn),metro,24.0,no,yes,no,2,no,"default for the mode, not individually verified",Schiedam Centrum - Hoek van Holland Haven (24 km),conversion of the Hoek van Holland mainline branch to metro,ef95324b
2019-10-01,Japan,Naha,Okinawa Monorail,metro,4.1,no,yes,no,2,no,"default for the mode, not individually verified",Monorail Shuri - Tedako-Uranishi (4.1 km),,e633d9e2
2019-10-03,Russia,Saint Petersburg,Line 5,metro,6.1,no,yes,no,2,no,"default for the mode, not individually verified",Line 5 Mezhdunarodnaya - Shushary (6.1 km),,5d43a2d3
2019-10-04,India,Delhi,Grey Line,metro,4.3,no,yes,yes,2,no,"default for the mode, not individually verified",Grey Line Dwarka - Najafgarh (4.3 km),,09c8e89c
2019-10-12,France,Paris,T1,tram,0.8,no,no,no,0,no,"default for the mode, not individually verified",T1 Asnières Les Courtilles – Asnières Quatre Routes (0.8 km),,62c23340
2019-10-19,France,Avignon,Avignon Tramway T1,tram,5.2,no,no,yes,0,no,"default for the mode, not individually verified",T1 Saint Roch – Saint Chamand (5.2 km),,b4f8bb9d
2019-10-26,Brazil,Rio de Janeiro,T3,tram,1.0,no,no,no,0,no,"default for the mode, not individually verified",T3 Candelária - Cristiano Ottoni (1 km),,8326603d
2019-11-02,Singapore,Singapore,North–South Line,metro,,no,yes,no,2,no,ATO with train captains,NSL Canberra station,,9f042947
2019-11-06,China,Wuhan,Line 8,metro,4.8,no,yes,no,2,no,"default for the mode, not individually verified",Line 8 Yezhi Lake - Military Athletes’ Village (4.8 km),,46dc18fb
2019-11-13,France,Nice,Line 3,tram,3.8,no,no,no,0,no,"default for the mode, not individually verified",Line 3 Digue des Français - Saint-Isidore (3.8 km),,60317a15
2019-11-16,France,Saint-Étienne,T3,tram,4.2,no,no,no,0,no,"default for the mode, not individually verified",T3 Châteauxcreux Gare - Roger Rocher (4.2 km),,d0b107d6
2019-11-18,Russia,Kazan,Line 5,tram,1.0,no,no,no,0,no,"default for the mode, not individually verified",Line 5 Solnechniy Gorod - Ul. Midkhata Bulatova (1 km),,855f924e
2019-11-21,China,Zhengzhou,Line 1,metro,1.4,no,yes,no,2,no,"default for the mode, not individually verified",Line 1 Wenyuanbeilu - New Campus of Henan University (1.4 km),,c3126d7d
2019-11-21,Qatar,Doha,Gold Line,metro,14.0,no,yes,yes,4,yes,unattended operation,Gold Line Al Aziziyah - Ras Bu Abboud (14 km),,48d252cc
2019-11-22,France,Lyon,Line B,tram,6.7,no,no,no,4,yes,converted to unattended operation in 2022,Line T6 Debourg - Hôpitaux Est Pinel (6.7 km),,d3a67c95
2019-11-29,India,Hyderabad,Blue Line,metro,1.5,no,yes,no,2,no,"default for the mode, not individually verified",Blue Line Hitec City - Raidurg (1.5 km),,8e80dde9
2019-12-02,Austria,Vienna,Line D,tram,1.1,no,no,no,0,no,"default for the mode, not individually verified",Line D Hauptbahnhof Ost - Absberggasse (1.1 km),,b8daa366
2019-12-04,Thailand,Bangkok,BTS Sukhumvit Line,metro,3.3,no,yes,no,2,no,,Sukhumvit Line Ha Yaek Lat Phrao - Kasetsart University (3.3 km),,83479530
2019-12-08,Belgium,Antwerp,Line 1,tram,3.5,no,no,no,0,no,"default for the mode, not individually verified",Line 1/24 Stadspark - Havenhuis (3.5 km),,53e1ed45
2019-12-08,China,Shenzhen,Line 9,metro,10.8,no,yes,no,2,no,"default for the mode, not individually verified",Line 9 Hongshuwan South - Qianwan (10.8 km),,6e93379b
2019-12-09,Germany,Hamburg,U1,metro,,no,yes,no,2,no,"default for the mode, not individually verified",U1 Oldenfelde station,,da3c19ac
2019-12-10,Macau,Macau,Taipa Line,light metro,9.3,no,yes,yes,4,yes,unattended operation,Linha da Taipa Oceano - Terminal Marítimo da Taipa (9.3 km),,57472e7a
2019-12-10,Qatar,Doha,Green Line,metro,22.0,no,yes,yes,4,yes,unattended operation,Green Line Al Riffa - Al Mansoura (22 km),,a1761b03
2019-12-10,Qatar,Doha,Red Line,metro,20.0,no,yes,no,4,yes,unattended operation,Red Line Al Qassar - Lusail & Airport branch (~20 km),,b75e0888
2019-12-11,United Kingdom,Birmingham,,tram,0.7,no,no,no,0,no,"default for the mode, not individually verified",Grand Central - Library /Centenary Square (0.7 km),,23f29ea2
2019-12-14,Australia,Sydney,Line 2,tram,7.3,no,no,no,0,no,"default for the mode, not individually verified",L2 Circular Quay - Randwick (7.3 km),,f25b3e03
2019-12-14,France,Bordeaux,Line D,tram,3.5,no,no,no,0,no,"default for the mode, not individually verified",Line D Quinconces - Mairie du Bouscat (3.5 km),,e3bc9867
2019-12-14,France,Nice,Line 2,tram,1.6,no,no,no,0,no,"default for the mode, not individually verified",Line 2 Jean Médecin - Port Lympia (1.6 km),,837d5c73
2019-12-14,France,Paris,T4,tram,,no,no,no,0,no,"default for the mode, not individually verified",T4 Gargan - Arboretum (Montfermeil),,535d25bd
2019-12-15,Germany,Frankfurt,S8,commuter rail,,yes,no,no,1,no,"default for the mode, not individually verified",S8/S9 Gateway Gardens station,,a237fddf
2019-12-15,Germany,Hamburg,S3,commuter rail,,yes,no,no,1,no,"default for the mode, not individually verified",S3/S31 Elbbrücken station,,982cf0fb
2019-12-15,Switzerland,Geneva,Line 17,tram,2.0,no,no,no,0,no,"default for the mode, not individually verified",Line 17 Moillesulaz - Annemasse-Parc-Montessuit (2 km),,41d971c6
2019-12-15,Switzerland,Geneva,Léman Express (CEVA),commuter rail,,yes,yes,yes,1,no,,Léman Express Genève Cornavin - Annemasse,new mainline cross-border link through Geneva,2c3eb7a0
2019-12-16,Brazil,São Paulo,Line 15,monorail,,no,yes,no,4,yes,unattended operation,Line 15 Jardim Planalto - São Mateus (limited service),,4135f15b
2019-12-16,China,Qingdao,Line 2,metro,,no,yes,no,2,no,"default for the mode, not individually verified",Line 2 Zhiquan Road - Taishan Road,,b86f43be
2019-12-16,Czechia,Plzeň,Line 4,tram,1.4,no,no,no,0,no,"default for the mode, not individually verified",Line 4 Bory - Univerzita (1.4 km),,c9ee0075
2019-12-16,France,Marseille,Line 2,metro,,no,yes,no,2,no,"default for the mode, not individually verified",Line 2 Bougainville - Gèze,,2068bbd4
2019-12-16,Netherlands,Utrecht,Line 22,tram,8.0,no,no,no,0,no,"default for the mode, not individually verified",Line 22 Utrecht Centraal - P+R Science Park (8 km),,b57f483c
2019-12-20,China,Guangzhou,Line 21,suburban metro,35.3,no,yes,no,2,no,CAMET: not FAO,Line 21 Yuancun - Zhenlongxi (35.3 km),,a735d433
2019-12-21,France,Grenoble,Line A,tram,1.0,no,no,no,0,no,"default for the mode, not individually verified",Line A Échirolles/Denis-Papin - Pont-de-Claix/L’Étoile (1.0 km),,bf165dbd
2019-12-21,South Korea,Seoul,Line 6,metro,1.3,no,yes,no,2,no,"default for the mode, not individually verified",Line 6 Bonghwasan - Sinnae (1.3 km),,c02782f6
2019-12-24,Qatar,Doha,Education City Tram,tram,2.4,no,no,yes,0,no,"default for the mode, not individually verified",Education City Tram Stadium North - Qatar Academy (2.4 km loop line),,24687f35
2019-12-25,China,Suzhou,Line 3,metro,45.3,no,yes,yes,2,no,"default for the mode, not individually verified",Line 3 Suzhou Xinqu Railway Station - Weiting (45.3 km),,e402efc2
2019-12-25,China,Xiamen,Line 2,metro,41.6,no,yes,yes,2,no,"default for the mode, not individually verified",Line 2 Wuyuanwan - Tianzhushan (41.6 km),,ba5f4ddf
2019-12-26,China,Hefei,Line 3,metro,37.2,no,yes,yes,2,no,"default for the mode, not individually verified",Line 3 Xiangcheng Road - Xingfuba (37.2 km),,84d4fa69
2019-12-27,China,Chengdu,Line 10,metro,25.8,no,yes,no,2,no,"default for the mode, not individually verified",Line 10 Shuangliu Int’l Airport Terminal 2 - Xinping (25.8 km),,eec623aa
2019-12-27,China,Chengdu,Line 5,metro,49.0,no,yes,yes,2,no,"default for the mode, not individually verified",Line 5 Huagui Rd - Huilong (49 km),,b14317e1
2019-12-27,China,Chengdu,T2,tram,,no,no,no,0,no,"default for the mode, not individually verified",T2 three sections,,3a37b5d3
2019-12-28,China,Beijing,Line 7 / Batong Line,metro,,no,yes,no,2,no,"default for the mode, not individually verified",Line 7 Jiaohuachang - Huazhuang and Batong Line Tuqiao - Huazhuang + Line 13 Qinghe station,,8af59966
2019-12-28,China,Guangzhou,Line 8,metro,1.8,no,yes,no,2,no,"default for the mode, not individually verified",Line 8 Fenghuang Xincun - Cultural Park (1.8 km),,80f5ae82
2019-12-28,China,Guiyang,Line 1,metro,1.1,no,yes,no,2,no,"default for the mode, not individually verified",Line 1 Xiamaixi - Douguan (1.1 km),,cd41e506
2019-12-28,China,Jinan,Line 3,metro,21.6,no,yes,yes,2,no,"default for the mode, not individually verified",Line 3 Tantou - Longdong (21.6 km),,ab3a6dcf
2019-12-28,China,Tianjin,Line 1,metro,,no,yes,no,2,no,"default for the mode, not individually verified",Line 1 Lilou - Donggulu,,6f4898ad
2019-12-28,China,Zhengzhou,Line 2,metro,10.3,no,yes,no,2,no,"default for the mode, not individually verified",Line 2 Liuzhuang - Jiahe (10.3 km),,a2e3d746
2019-12-29,China,Hohhot,Line 1,metro,21.7,no,yes,yes,2,no,"default for the mode, not individually verified",Line 1 Yili Health Valley - Bayan (Airport) (21.7 km),,65cbbeb3
2019-12-30,China,Chongqing,Line 1,metro,,no,yes,no,2,no,"default for the mode, not individually verified",Line 1 Jiandingpo - Bishan,,f85b4abb
2019-12-30,China,Chongqing,Loop Line,metro,9.5,no,yes,no,2,no,"default for the mode, not individually verified",Loop Line Haixialu - Erlang (9.5 km),,06ecdb42
2019-12-30,China,Foshan,Gaoming Tram,tram,6.6,no,no,yes,0,no,"default for the mode, not individually verified",Gaoming Tram Zhihu - Cangjiang Road (6.6 km),,79e2ff8d
2019-12-30,China,Shanghai,Songjiang Tram,tram,3.9,no,no,no,0,no,"default for the mode, not individually verified",Songjiang Tram Xinmiaosan Road - Xinqiao Railway Station (3.9 km),,d03d8845
2019-12-30,Qatar,Doha,Msheireb Tram,tram,,no,no,yes,0,no,"default for the mode, not individually verified",Msheireb Tram (circle line),,e5496685
2019-12-31,Russia,Magnitogorsk,,tram,2.2,no,no,no,0,no,"default for the mode, not individually verified",Pros. Karla Marksa/ul. Truda - K/p Zelenyi Log (2.2 km),,dd360376
2020-01-10,Mauritius,Port Louis,Metro Express,light rail,12.6,no,no,yes,1,no,,Port Louis Victoria - Rose Hill (12.6 km),,94ce6353
2020-01-20,China,Shijiazhuang,Line 3,metro,5.4,no,yes,no,2,no,"default for the mode, not individually verified",Line 3 Shierzhong – Xisanzhuang (5.4 km),,9b5d6eea
2020-01-28,India,Nagpur,Aqua Line,metro,9.7,no,yes,no,2,no,"default for the mode, not individually verified","Aqua Line Lokmanya Nagar - Sitabuldi (9.7 km, 6 stations only)",,563aa654
2020-01-31,Singapore,Singapore,Thomson–East Coast Line,metro,3.2,no,yes,yes,4,yes,unattended operation,TEL Woodlands North – Woodlands South (3.2 km),,862bb950
2020-01-31,Taiwan,Taipei,Circular Line,metro,15.4,no,yes,yes,4,yes,driverless medium-capacity line,Yellow (Circular) Line New Taipei Industrial Park – Dapinglin (15.4 km),,d1376607
2020-02-01,Spain,Barcelona,Line 10,metro,1.7,no,yes,no,4,yes,unattended operation,L10 S Foc - Zona Franca (1.7 km),,76dcc49a
2020-02-05,Latvia,Daugavpils,T3,tram,,no,no,no,0,no,"default for the mode, not individually verified",T3 Bralu kapi - Stropu ezers via Ciekuru iela (new route via hospital; 2.1 km),,ed734e55
2020-02-07,India,Hyderabad,Green Line,metro,11.0,no,yes,yes,2,no,"default for the mode, not individually verified",Green Line JBS Parade Ground – Mahatma Gandhi Bus Station (11 km),,b67b8c25
2020-02-13,India,Kolkata,Line 2 East–West,metro,5.0,no,yes,yes,2,no,"default for the mode, not individually verified",Line 2 Salt Lake Sector V – Salt Lake Stadium (5 km),,99f94c4d
2020-02-13,Iran,Tabriz,Line 1,metro,7.2,no,yes,no,2,no,"default for the mode, not individually verified",Line 1 Meydan-e Sa'at – Nur (7.2 km),,d6cb3d1a
2020-02-14,Hong Kong,Hong Kong,Tuen Ma Line,metro,6.8,no,yes,no,2,no,,Tuen Ma Line (Ma On Sha Line) Tai Wai – Kai Tak (6.8 km),,d0a8a3f7
2020-02-15,Spain,Vitoria-Gasteiz,Euskotren Tranbia,tram,1.5,no,no,no,0,no,"default for the mode, not individually verified",Angulema – Universidades (1.5 km),,b9de7222
2020-02-15,Thailand,Bangkok,Blue Line,metro,,no,yes,no,2,no,,Blue Line Tao Poon - Tha Phra (free shuttle service),,d67c06a5
2020-02-29,France,Bordeaux,Line D,tram,5.5,no,no,no,0,no,"default for the mode, not individually verified",Line D Mairie du Bouscat – Eysines Cantinolle (5.5 km),,69aa8f78
2020-03-22,United Kingdom,Manchester,Trafford Park Line,tram,5.4,no,no,no,0,no,"default for the mode, not individually verified",Pomona – intu Trafford Centre (5.4 km),,4b749977
2020-03-27,Russia,Moscow,Line 15,metro,14.4,no,yes,no,2,no,"default for the mode, not individually verified",Line 15 (Nekrasovskaya) Kosino – Lefortovo (14.4 km),,ba8df583
2020-03-28,Denmark,Copenhagen,M4,metro,2.2,no,yes,yes,4,yes,unattended operation,M4 Østerport – Orientkaj (2.2 km),"new M4 service with its own Nordhavn branch, sharing the M3 Cityringen tunnel",77d544d1
2020-04-03,Australia,Sydney,Line 3,tram,3.1,no,no,no,0,no,"default for the mode, not individually verified",L3 Moore Park – Juniors Kingsford (3.1 km),,b9062821
2020-04-04,Poland,Warsaw,M2,metro,3.4,no,yes,no,2,no,"default for the mode, not individually verified",M2 Rondo Daszynskiego - Ksiecia Janusza (3.4 km),,08334910
2020-04-23,China,Hangzhou,Line 16,metro,35.0,no,yes,yes,2,no,"default for the mode, not individually verified",L16 Lüting Road – Jiuzhou Street (35 km),,ba0407f3
2020-04-23,China,Hangzhou,Line 5,metro,38.4,no,yes,no,2,no,"default for the mode, not individually verified",L5 Liangmu Road – Jinxing & Shanxian – Guniangqiao (38.4 km),,4a52a6e1
2020-04-29,China,Shenyang,Line 10,metro,27.2,no,yes,yes,2,no,"default for the mode, not individually verified",L10 Dingxianghu – Zhangshabu (27.2 km),,70de004b
2020-05-01,China,Tianshui,Tianshui Tram,tram,13.0,no,no,yes,0,no,"default for the mode, not individually verified",Wulipu – Tianshui Railway Station (13 km),,32f422a1
2020-05-25,Ecuador,Cuenca,Cuenca Tramway,tram,11.0,no,no,yes,0,no,"default for the mode, not individually verified",Control Sur - Parque Industrial (11 km),,dadb39b6
2020-05-30,China,Ningbo,Line 2,metro,5.6,no,yes,no,2,no,"default for the mode, not individually verified",Line 2 Qingshuipu – Congyuan Road (5.6 km),,09eb7279
2020-06-05,Thailand,Bangkok,BTS Sukhumvit Line,metro,4.3,no,yes,no,2,no,,Sukhumvit Line Kasetsart University – Wat Phra Sri Mahathat (4.3 km),,f2179700
2020-06-06,Japan,Tokyo,Hibiya Line,metro,,no,yes,no,2,no,"default for the mode, not individually verified",Hibiya Line Toranomon Hills station,,77c0f3a6
2020-06-13,United States,San Francisco,BART,metro,16.0,no,yes,no,2,no,"default for the mode, not individually verified",BART Warm Springs/South Fremont – Berryessa/North San José (16 km),,4723bd98
2020-06-28,China,Changsha,Line 3,metro,36.4,no,yes,no,2,no,"default for the mode, not individually verified",Line 3 Shantang – Guangsheng (36.4 km),,2150c20e
2020-06-28,China,Changsha,Line 5,metro,22.5,no,yes,yes,2,no,"default for the mode, not individually verified",Line 5 Shuiduhe – Maozhutang (22.5 km),,968d12ca
2020-06-30,Poland,Gdańsk,Line 12,tram,3.2,no,no,no,0,no,"default for the mode, not individually verified",Line 12 Migowo – Lawendowe Wzgórze (3.2 km),,6a2734be
2020-07-01,China,Guangzhou,Huangpu Tram Line 1,tram,7.0,no,no,yes,0,no,"default for the mode, not individually verified",Huangpu Tram Changping Subway Station – Xinfeng Lu (7 km),,b3181a1c
2020-07-07,Greece,Athens,Line 3,metro,4.0,no,yes,no,2,no,"default for the mode, not individually verified",Line 3 Ag. Marina – Nikaia (4 km),,574cc206
2020-07-25,Poland,Szczecin,Line 3,tram,,no,no,no,0,no,"default for the mode, not individually verified",Line 3 Las Arkonski – Rondo Olszewskiego,,b19a718d
2020-08-08,South Korea,Seoul,Line 5,metro,4.4,no,yes,no,2,no,"default for the mode, not individually verified",Line 5 Sangil-dong – Hanam Pungsan (4.4 km),,662f0cd2
2020-08-16,Egypt,Cairo,M3,metro,7.5,no,yes,no,2,no,"default for the mode, not individually verified",M3 El Shams Club - Adly Mansour (7.5 km),,db12e915
2020-08-18,China,Shenzhen,Line 10,metro,28.9,no,yes,yes,2,no,"default for the mode, not individually verified",Line 10 Futian Checkpoint – Shuangyong Street (28.9 km),,0eb23883
2020-08-18,China,Shenzhen,Line 6,metro,49.1,no,yes,yes,2,no,"default for the mode, not individually verified",Line 6 Science Museum – Songgang (49.1 km),,33c99f8c
2020-08-26,Bulgaria,Sofia,M3,metro,7.8,no,yes,yes,2,no,,M3 Krasno Selo – Hadzhi Dimitar (7.8 km),,ff4a6891
2020-08-26,China,Shijiazhuang,Line 2,metro,15.5,no,yes,yes,2,no,"default for the mode, not individually verified",Line 2 Liuxinzhuang – Jiahualu (15.5 km),,66aa5a21
2020-08-29,France,Strasbourg,Line F,tram,1.7,no,no,no,0,no,"default for the mode, not individually verified",Line F Faubourg National – Comtes (1.7 km),,266b0075
2020-08-29,Russia,Kazan,Line 5,tram,1.8,no,no,no,0,no,"default for the mode, not individually verified",Line 5 Ul. Midkhata Bulatova – Boriskovo loop (1.8 km),,7e916064
2020-08-29,Russia,Kazan,Line 5 (Boriskovo),tram,7.7,no,no,no,0,no,"default for the mode, not individually verified",reopening Railway Station – Boriskovo (7.7 km),reopening of a closed tram line,789dd664
2020-08-29,Uzbekistan,Tashkent,Yunusobod Line,metro,,no,yes,no,2,no,"default for the mode, not individually verified",Yunusobod Line Shahriston – Turkeston,,f7943575
2020-08-30,Uzbekistan,Tashkent,Circle Line,metro,11.0,no,yes,yes,2,no,"default for the mode, not individually verified",Circle Line Do'stlik-2 – Qo'ylik (11 km),,79c1d867
2020-08-31,France,Paris,T4,tram,0.9,no,no,no,0,no,"default for the mode, not individually verified",T4 Arboretum – Hôpital de Montfermeil (0.9 km),,afbb0eb4
2020-08-31,France,Toulouse,T1,tram,0.6,no,no,no,0,no,"default for the mode, not individually verified",T1 Aéroconstellation – Meett (0.6 km),,b4f676b4
2020-09-01,Poland,Poznań,Line 5,tram,0.7,no,no,no,0,no,"default for the mode, not individually verified",Line 5 Zegrze I – Unii Lubelskieij (0.7 km),,714fed51
2020-09-07,India,Kochi,Line 1,metro,1.1,no,yes,no,2,no,"default for the mode, not individually verified",Thykoodam - Petta (1.1 km),,afb2d332
2020-09-12,Mexico,Guadalajara,Line 3,metro,19.8,no,yes,yes,2,no,"default for the mode, not individually verified",L3 Arcos de Zapopan – Central de Autobuses (19.8 km),,475c3a2f
2020-09-12,South Korea,Seoul,Suin-Bundang Line,commuter rail,18.8,yes,yes,no,1,no,,Suin-Bundang Line Hanyang University at Ansan – Suwon (18.8 km),,bda54a41
2020-09-15,Romania,Bucharest,M5,metro,7.2,no,yes,yes,2,no,,M5 Eroilor – Valea Ialomitei / Raul Doamnei (7.2 km),,4e527387
2020-09-21,United States,Denver,N Line,commuter rail,21.0,yes,no,yes,1,no,"default for the mode, not individually verified",N Line Union Station – Eastlake/124th (21 km),,0b5411d5
2020-09-23,China,Kunming,Line 4,metro,43.4,no,yes,yes,2,no,"default for the mode, not individually verified",Line 4 Jinchuan Road – Kunming South Railway Station (43.4 km),,59ad9312
2020-09-23,China,Kunming,Line 6,metro,7.3,no,yes,no,2,no,"default for the mode, not individually verified",Line 6 East Coach Station – Tangzixiang (7.3 km),,d19daa40
2020-09-23,India,Jaipur,Pink Line,metro,2.3,no,yes,no,2,no,"default for the mode, not individually verified",Pink Line Chandpole – Badi Chaupar (2.3 km),,361c1ead
2020-09-27,China,Chengdu,Line 18,suburban metro,48.2,no,yes,yes,2,no,CAMET: not FAO,Line 18 South Railway Station – Sancha (48.2 km),,a07cc4af
2020-09-27,China,Ningbo,Line 3 (Ningfeng section),suburban metro,15.9,no,yes,no,2,no,"default for the mode, not individually verified",Yinfeng Line Minghui Road – Jinhai Road (15.9 km),Ningfeng intercity section operated as part of Line 3,84276e0a
2020-10-01,China,Hohhot,Line 2,metro,28.2,no,yes,yes,2,no,"default for the mode, not individually verified",Line 2 Talidonglu – A'ershanlu (28.2 km),,8d7ef6c2
2020-10-01,China,Mengzi,Honghe Tram,tram,13.0,no,no,yes,0,no,"default for the mode, not individually verified",Honghe Tram Mengzi North Railway Station – Bus Station (13 km),,7c2b4740
2020-10-03,Austria,Vienna,Line O,tram,0.8,no,no,no,0,no,"default for the mode, not individually verified",Line O Nordbahnstraße – Bruno-Marek-Allee (0.8 km),,41cf4f28
2020-10-04,Norway,Oslo,Line 13,tram,0.7,no,no,no,0,no,"default for the mode, not individually verified",13/19 Björvika – Oslo Hospital (0.7 km; replaces St. Halvards plass - Jernbanetorget ),,1d8b7551
2020-10-05,India,Kolkata,Line 2,metro,1.7,no,yes,no,2,no,"default for the mode, not individually verified",Line 2 Salt Lake Stadium – Phoolbagan (1.7 km),,3d97a95b
2020-10-10,China,Sanya,,tram,4.5,no,no,no,0,no,"default for the mode, not individually verified",Jiefang Road - Jiangang Road (4.5 km),,cbd4bd35
2020-10-15,Germany,Nuremberg,U3,metro,0.9,no,yes,no,4,yes,unattended operation,U3 Gustav-Adolf-Straße – Großreuth bei Schweinau (0.9 km),,0d7b5c28
2020-10-25,Pakistan,Lahore,Orange Line,metro,27.1,no,yes,yes,2,no,,Orange Line Ali Town – Dera Gujran (27.1 km),,2d8b136c
2020-10-26,Germany,Berlin,S9,commuter rail,8.0,yes,no,no,1,no,"default for the mode, not individually verified",S9/S45 Flughafen BER Terminal 5 – Flughafen BER Terminal 1-2 (8 km),,9c313dc0
2020-10-28,China,Shenzhen,"Lines 2/8, 3, and others",metro,,no,yes,no,2,no,"default for the mode, not individually verified",Line 2/8 Xinxiu - Yantian Road ; Line 3 Yitian - Futian Bonded Area ; Line 4 Qinghu - Niuhu,"several extensions, including Line 8 phase 1, operated as part of Line 2 until 2023",3188ba31
2020-10-28,China,Wuxi,Line 3,metro,28.5,no,yes,yes,2,no,"default for the mode, not individually verified",Line 3 Sumiao – Sunan Shuofang International Airport (28.5 km),,8118e389
2020-10-28,Turkey,Istanbul,M7,metro,16.7,no,yes,yes,4,yes,unattended operation,M7 Mahmutbey – Sisli-Mecidiyeköy (16.7 km),,afa9106b
2020-11-01,Germany,Bochum,Line 309,tram,2.0,no,no,no,0,no,"default for the mode, not individually verified",309/310 Langendreer Markt - Papenholz (2 km; replaces Unterstr. - Papenholz ),,7c6d31c8
2020-11-07,Belarus,Minsk,Line 3,metro,3.5,no,yes,yes,2,no,"default for the mode, not individually verified",Line 3 Yubileynaya Ploshchad' – Koval'skaya Sloboda (3.5 km),,ede5b088
2020-11-15,Taiwan,New Taipei,Danhai LRT,light rail,2.4,no,no,no,1,no,,Danhai Light Rail Binhai Shalun – Tamsui Fisherman's Wharf (2.4 km),,107b40fd
2020-11-23,China,Nanning,Line 2,metro,6.3,no,yes,no,2,no,"default for the mode, not individually verified",Line 2 Yudong – Tanze (6.3 km),,2bc3396d
2020-11-23,China,Nanning,Line 4,metro,20.7,no,yes,no,2,no,"default for the mode, not individually verified",Line 4 Hongyun Lu – Lengtangcun (20.7 km),,18ff9469
2020-11-26,China,Guangzhou,Line 8,metro,16.3,no,yes,no,2,no,"default for the mode, not individually verified",Line 8 Cultural Park – Jiaoxin (16.3 km),,ac6567e3
2020-11-28,China,Xuzhou,Line 2,metro,24.2,no,yes,yes,2,no,"default for the mode, not individually verified",Line 2 Keyunbeizhan – Xinchengqudong (24.2 km),,051b4c41
2020-11-28,Germany,Karlsruhe,Line 2,tram,1.6,no,no,no,0,no,"default for the mode, not individually verified",Line 2 Siemensallee – Knielingen Nord (1.6 km),,7bf6bc6f
2020-12-04,Germany,Berlin,U5,metro,2.2,no,yes,no,2,no,"default for the mode, not individually verified",U5 Brandenburger Tor – Alexanderplatz (2.2 km; without Museumsinsel station),,5617c902
2020-12-06,Poland,Bydgoszcz,,tram,0.7,no,no,no,0,no,"default for the mode, not individually verified",Rondo Kujawskie – Zbozowy Rynek (0.7 km),,b3decf79
2020-12-12,South Korea,Incheon,Line 1,metro,0.9,no,yes,no,2,no,"default for the mode, not individually verified",Line 1 International Business District – Songdo Moonlight Festival Park (0.9 km),,2ff013cb
2020-12-13,Germany,Freiburg,Line 4,tram,1.0,no,no,no,0,no,"default for the mode, not individually verified",Line 4 Technische Fakultät – Messe (1 km),,e81e601b
2020-12-13,Luxembourg,Luxembourg,T1,tram,2.0,no,no,no,0,no,"default for the mode, not individually verified",T1 Stäreplaz/Étoile – Gare Centrale (2 km),,fc1e2dd6
2020-12-13,Sweden,Lund,Lund Tram,tram,5.5,no,no,yes,0,no,"default for the mode, not individually verified",Lund C – ESS (5.5 km),,5610e35b
2020-12-14,France,Paris,M14,metro,5.8,no,yes,no,4,yes,unattended operation,M14 Saint-Lazare – Mairie de Saint-Ouen (5.8 km; without Porte de Clichy station),,b22c6a35
2020-12-16,Germany,Magdeburg,,tram,1.1,no,no,no,0,no,"default for the mode, not individually verified",Raiffeisenstraße – Warschauer Straße (1.1 km),,fd98efce
2020-12-16,Thailand,Bangkok,BTS Sukhumvit Line,metro,9.8,no,yes,no,2,no,,Sukhumvit Line Wat Phra Sri Mahathat – Khu Khot (9.8 km),,db0c50b2
2020-12-16,Thailand,Bangkok,Gold Line,people mover,1.8,no,yes,yes,4,yes,unattended operation,Gold Line (APM) Krung Thona Buri – Khlong San (1.8 km),,faae767a
2020-12-18,China,Chengdu,Line 17,metro,25.3,no,yes,yes,2,no,"default for the mode, not individually verified",Line 17 Jitouqiao – Jinxing (25.3 km),,a1991491
2020-12-18,China,Chengdu,Line 18,suburban metro,19.7,no,yes,no,2,no,CAMET: not FAO,Line 18 Sancha – Tianfu International Airport North (19.7 km),,15d85d4b
2020-12-18,China,Chengdu,Line 6,metro,69.7,no,yes,yes,2,no,"default for the mode, not individually verified",Line 6 Wangcong Temple – Lanjiagou (69.7 km),,b0ff8a87
2020-12-18,China,Chengdu,Line 8,metro,28.8,no,yes,yes,2,no,"default for the mode, not individually verified",Line 8 Lianhua – Shilidian (28.8 km),,1b2323bb
2020-12-18,China,Chengdu,Line 9,metro,21.8,no,yes,yes,4,yes,CAMET: FAO,Line 9 Huangtianba – Financial City East (21.8 km),,232b9dbf
2020-12-23,China,Ningbo,Line 4,metro,36.5,no,yes,yes,2,no,"default for the mode, not individually verified",Line 4 Cicheng – Dongqian Lake (36.5 km),,d2a8e187
2020-12-24,China,Qingdao,Line 1,metro,21.9,no,yes,yes,2,no,"default for the mode, not individually verified",Line 1 Qingdao North Railway Station – Dongguozhuang (21.9 km),,b51c5160
2020-12-24,China,Qingdao,Line 8,suburban metro,48.3,no,yes,yes,2,no,"default for the mode, not individually verified",Line 8 Qingdao North Railway Station – Jiaozhou North Railway Station (48.3 km),,5776437b
2020-12-26,China,Hefei,Line 5,metro,23.2,no,yes,yes,2,no,"default for the mode, not individually verified",Line 5 Wanghucheng West – Guiyanglu (23.2 km),,9f5dc066
2020-12-26,China,Nanchang,Line 3,metro,28.5,no,yes,yes,2,no,"default for the mode, not individually verified",Line 3 Jingdong Avenue – Yinsanjiao North (28.5 km),,fe2a2e14
2020-12-26,China,Shanghai,Line 10,metro,9.8,no,yes,no,4,yes,CAMET: FAO (since 2014),Line 10 Xinjiangwancheng – Jilong Road (9.8 km),,4262bf0f
2020-12-26,China,Shanghai,Line 18,metro,14.5,no,yes,yes,4,yes,CAMET: FAO (2021 and 2025 tables),Line 18 Hangtou – Yuqiao (14.5 km),,ec6f1fd1
2020-12-26,China,Taiyuan,Line 2,metro,23.7,no,yes,yes,4,yes,CAMET: FAO,Line 2 Jiancaoping – Xiqiao (23.7 km),,38d25464
2020-12-26,China,Zhengzhou,Line 3,metro,24.3,no,yes,yes,2,no,"default for the mode, not individually verified",Line 3 Henan Sports Center – Henan Orthopaedics Hospital (24.3 km),,4b6375f0
2020-12-26,China,Zhengzhou,Line 4,metro,29.3,no,yes,yes,2,no,"default for the mode, not individually verified",Line 4 Laoyachen – Langzhuang (29.3 km),,acdaad39
2020-12-26,Uzbekistan,Tashkent,Chilonzor Line,metro,,no,yes,no,2,no,"default for the mode, not individually verified",Chilonzor Line Olmazor - Qipchoq (5-bekat),,e2543735
2020-12-28,China,Guangzhou,Huangpu Tram Line 1,tram,7.3,no,no,no,0,no,"default for the mode, not individually verified",Huangpu Tram Changping Subway Station - Xiangxue Subway Station (7.3 km),,f1f5beb5
2020-12-28,China,Xi'an,Line 5,metro,41.6,no,yes,yes,2,no,"default for the mode, not individually verified",Line 5 Matengkong – Chuangxingang (41.6 km),,9a4469df
2020-12-28,China,Xi'an,Line 6,metro,15.6,no,yes,yes,2,no,"default for the mode, not individually verified",Line 6 Northwestern Polytechnical University – Xi’an Int’l Medical Center (15.6 km),,17822b50
2020-12-28,China,Xi'an,Line 9,metro,25.3,no,yes,yes,2,no,"default for the mode, not individually verified",Line 9 Fangzhicheng – Qinlingxi (25.3 km),,f8a35b2f
2020-12-29,Australia,Adelaide,Tonsley Line,commuter rail,1.5,yes,no,no,1,no,"default for the mode, not individually verified",Tonsley Line Tonsley (ex Clovelly Park) – Flinders (1.5 km),,e85d39ca
2020-12-30,China,Hangzhou,Line 1,metro,11.2,no,yes,no,2,no,"default for the mode, not individually verified",Line 1 Xiasha Jiangbin – Xiaoshan Airport (11.2 km),,4bf1ecc0
2020-12-30,China,Hangzhou,Line 6,metro,50.5,no,yes,yes,2,no,"default for the mode, not individually verified",Line 6 Qianjiang Century City – Shuangpu / West Guihua Road (50.5 km),,4bce181b
2020-12-30,China,Hangzhou,Line 7,metro,39.3,no,yes,yes,2,no,"default for the mode, not individually verified",Line 7 Olympic Sports Center – Jiangdong'er Road (39.3 km),,0080d551
2020-12-31,China,Beijing,Fangshan Line,metro,5.3,no,yes,no,2,no,"default for the mode, not individually verified",Fangshan Line Guogongzhuang – Dongguantou (5.3 km),,a0066ed2
2020-12-31,China,Beijing,Line 16,metro,10.0,no,yes,no,2,no,"default for the mode, not individually verified",Line 16 Xiyuan – Ganjia Kou (10 km),,f93d49c5
2020-12-31,China,Beijing,Yizhuang Tram T1,tram,11.9,no,no,yes,0,no,"default for the mode, not individually verified",Yizhuang Tram T1 Dinghaiyuan - Quzhuang (11.9 km),,2387c673
2020-12-31,China,Chongqing,Line 1,metro,0.8,no,yes,no,2,no,"default for the mode, not individually verified",Line 1 Xiaoshizi – Chaotianmen (0.8 km),,fbb4200c
2020-12-31,China,Chongqing,Line 6,metro,13.8,no,yes,no,2,no,"default for the mode, not individually verified",Line 6 Yuelai – Shaheba (13.8 km),,362c32d1
2020-12-31,Russia,Moscow,Line 15,metro,1.8,no,yes,no,2,no,"default for the mode, not individually verified",Line 15 Lefortovo – Elektrozavodskaya (1.8 km),,f73f1ad6
2021-01-01,United Arab Emirates,Dubai,Red Line,metro,4.4,no,yes,no,4,yes,unattended operation,Red Line Jabal Ali – Al Furjan (4.4 km),,e3db3642
2021-01-02,China,Wuhan,Line 11,metro,3.7,no,yes,no,2,no,"default for the mode, not individually verified",Line 11 Zuoling – Gedian South Railway Station (3.7 km),,66edf4cf
2021-01-02,China,Wuhan,Line 8,metro,17.6,no,yes,no,2,no,"default for the mode, not individually verified",Line 8 Liyuan – Yezhihu (17.6 km),,2bd540a6
2021-01-04,Turkey,Istanbul,T5,tram,9.0,no,no,yes,0,no,"default for the mode, not individually verified",T5 Cibali - Alibeyköy Cep Otogari (9 km),,85349c4e
2021-01-12,Taiwan,Kaohsiung,CL,tram,4.1,no,no,no,0,no,"default for the mode, not individually verified",CL Hamasen – Gushan District Office & Lizihnei – Kaisyuan Park (4.1 km),,296013eb
2021-01-15,India,Bengaluru,Green Line,metro,6.0,no,yes,no,2,no,"default for the mode, not individually verified",Green Line Yelachenahalli – Silk Institute (6 km),,ec467850
2021-01-16,Russia,Perm,Line 6,tram,1.0,no,no,no,0,no,"default for the mode, not individually verified",Line 6/11 Dinamo – Dvorets Sporta Orlyonok (1 km),,e38b5f79
2021-01-20,China,Chongqing,Line 5,metro,17.9,no,yes,no,2,no,"default for the mode, not individually verified",Line 5 Shiqiaopu – Tiaodeng (17.9 km),,248d9b94
2021-01-20,China,Chongqing,Loop Line,metro,7.3,no,yes,no,2,no,"default for the mode, not individually verified",Loop Chongqing Library – Erlang (7.3km),,309f46d6
2021-01-23,China,Shanghai,Line 15,metro,42.3,no,yes,yes,4,yes,CAMET: FAO (2021 table),Line 15 Gucun Park – Zizhu Hi-tech Park (42.3 km),,573354a6
2021-02-03,China,Shenyang,Line 5,tram,5.2,no,no,no,0,no,"default for the mode, not individually verified",Line 5 Xuantujun Heritage Park – Lishizhai (5.2 km),,e36a9b1d
2021-02-14,India,Chennai,Blue Line,metro,8.6,no,yes,no,2,no,"default for the mode, not individually verified",Blue Line Washermenpet – Wimco Nagar (8.6 km),,da6cd26a
2021-02-22,India,Kolkata,Line 1,metro,4.2,no,yes,no,1,no,,Line 1 Noapara – Dakshineswar (4.2 km),,690061ba
2021-02-27,Mexico,Monterrey,Line 3,metro,7.5,no,yes,yes,2,no,"default for the mode, not individually verified",Line 3 Gral. I. Zaragoza – Hospital Metropolitano (7.5 km),,cd9e8c15
2021-03-12,Turkey,Eskişehir,T12,tram,4.6,no,no,no,0,no,"default for the mode, not individually verified",T12 Öykü - 75. Yil (4.6 km),,5cd00ab0
2021-03-16,Iran,Tehran,Line 6,metro,6.5,no,yes,no,2,no,"default for the mode, not individually verified",Line 6 Shahid Sattari – Tarbiat Modarres University (6.5 km),,c73f672a
2021-03-26,China,Jinan,Line 2,metro,36.4,no,yes,yes,4,yes,CAMET: FAO (2021 table),Line 2 Wangfuzhuang – Pengjiazhuang (36.4 km),,2e22bcb1
2021-03-27,South Korea,Seoul,Line 5,metro,3.0,no,yes,no,2,no,"default for the mode, not individually verified",Line 5 Hanam Pungsan – Hanam Geomdansan & Gangil station (3 km),,69f66da5
2021-03-28,China,Luoyang,Line 1,metro,,no,yes,yes,2,no,"default for the mode, not individually verified",Line 1 Hongshan – Yangwan,,ac8226a9
2021-04-01,Russia,Moscow,Line 11 Big Circle Line,metro,,no,yes,no,2,no,"default for the mode, not individually verified",Line 11 Khoroshyovskaya – Mnyovniki,,2c840e1c
2021-04-06,China,Shijiazhuang,Line 3,metro,15.5,no,yes,no,2,no,"default for the mode, not individually verified",Line 3 Shijiazhuangzhan – Lexiang (15.5 km),,c3aec6c4
2021-04-06,Finland,Helsinki,Line 6,tram,1.0,no,no,no,0,no,"default for the mode, not individually verified",Line 6 Hietalahti – Eiranranta (1 km),,6fbdf1a7
2021-04-10,France,Paris,T9,tram,10.3,no,no,yes,0,no,"default for the mode, not individually verified",T9 Porte de Choisy – Orly-Gaston Viens (10.3 km),,070bf36b
2021-04-16,China,Chongqing,Bishan Yunba (SkyShuttle),people mover,15.4,no,yes,yes,4,yes,CAMET: FAO (2021 table),""" Chongqing Yunba "" Bishan Metro Station – Bishan Chengyu Railway Station (15.4 km)",,bc7f3435
2021-04-23,Italy,Turin,M1,light metro (VAL),1.7,no,yes,no,4,yes,unattended operation,M1 Lingotto – Bengasi (1.7 km),,4c1669d7
2021-04-24,Bulgaria,Sofia,M3,metro,4.0,no,yes,no,2,no,,Line 3 Krasno Selo – Gorna Banya (4.0 km),,1fa9896c
2021-04-25,Taiwan,Taichung,Green Line,metro,17.0,no,yes,yes,4,yes,driverless,Green Line Beitunzhongzhan – Taichung High Speed Railway Station (17.0 km; revenue service),,a02d4366
2021-04-28,China,Guiyang,Line 2,metro,40.6,no,yes,yes,2,no,"default for the mode, not individually verified",Line 2 North Baiyun Road – Zhongxing Road (40.6 km),,1c204999
2021-05-03,Finland,Helsinki,Line 9,tram,0.9,no,no,no,0,no,"default for the mode, not individually verified",Line 9 Saukonpaasi – Länsiterminaali T2 (0.9 km),,31dc6a8a
2021-05-15,China,Qiubei,Qiubei Tram,tram,14.0,no,no,yes,0,no,"default for the mode, not individually verified",Puzhehei HSR Station – Tourist Center / Jiaolian Plaza (14 km),,5336f1ff
2021-05-16,Sweden,Stockholm,Line 31,tram,1.1,no,no,no,0,no,"default for the mode, not individually verified",Line 31 Norra Ulvsunda – Bromma flygplats (1.1 km),,6145a71d
2021-05-29,Turkey,Istanbul,M9,metro,2.0,no,yes,yes,4,yes,unattended operation,M9 [Olimpiyat –] Ikitelli Sanayi – Bahariye (2 km),,aa8aad91
2021-05-31,Azerbaijan,Baku,M3 Purple Line,metro,1.4,no,yes,no,2,no,"default for the mode, not individually verified",Purple Line Memar Acami – 8 Noyabr (1.4 km),,4bba6db7
2021-06-01,United Arab Emirates,Dubai,Red Line,metro,9.0,no,yes,no,4,yes,unattended operation,Red Line Al Furjan – Expo 2020 (9 km),,6f0a7d47
2021-06-14,Turkey,Eskişehir,Line 10,tram,2.4,no,no,no,0,no,"default for the mode, not individually verified",Line 10 Opera – Kumlubel (2.4 km),,9f9eadea
2021-06-20,Mauritius,Port Louis,Metro Express,light rail,2.6,no,no,no,1,no,,Rose Hill – Quatre Bornes (2.6 km),,43f49199
2021-06-25,China,Jiaxing,T1,tram,10.6,no,no,yes,0,no,"default for the mode, not individually verified",T1 Fanggong Rd./Binhe Rd. – Jiaxing South Railway Station (10.6 km),,b0d48b4d
2021-06-25,China,Xiamen,Line 3,metro,26.3,no,yes,yes,2,no,"default for the mode, not individually verified",Line 3 Xiamen Railway Station – Caicuo (26.3 km),,0e2e2976
2021-06-26,China,Zhengzhou,Line 3,metro,4.7,no,yes,no,2,no,"default for the mode, not individually verified",Line 3 Henan Orthopaedics Hospital – Yinggang (4.7 km),,1b6d286a
2021-06-26,Poland,Wrocław,Line 23,tram,1.5,no,no,no,0,no,"default for the mode, not individually verified",Line 23 Plac Orlat Lwowskich – Srubowa (1.5 km),,d7210933
2021-06-27,Hong Kong,Hong Kong,Tuen Ma Line,metro,3.5,no,yes,no,2,no,,Tuen Ma Line Kai Tak – Hung Hom (~3.5 km),,a4f2db3a
2021-06-28,China,Changzhou,Line 2,metro,19.8,no,yes,yes,2,no,"default for the mode, not individually verified",Line 2 Qingfeng Park – Wuyilu (19.8 km),,8282d706
2021-06-28,China,Hangzhou,Hanghai Intercity,suburban metro,46.4,no,yes,yes,2,no,"default for the mode, not individually verified",Hanghai Intercity Yuhang High-speed Railway Station – Haining Zhanggong (46.4 km),missing from UrbanRail.net; listed by CAMET,
2021-06-28,China,Hangzhou,Line 8,metro,17.1,no,yes,yes,2,no,"default for the mode, not individually verified",Line 8 South Wenhai Road – Xinwan Road (17.1 km),,12ae03d4
2021-06-28,China,Xuzhou,Line 3,metro,18.1,no,yes,yes,2,no,"default for the mode, not individually verified",Line 3 Xiadian – Gaoxinqunan (18.1 km),,1ebd2165
2021-06-29,China,Suzhou,Line 5,metro,44.1,no,yes,yes,4,yes,CAMET: FAO (2021 table),Line 5 Taihu Xiangshan – Yangchenghu South (44.1 km),,06fa5c9e
2021-06-29,China,Xi'an,Line 14,metro,13.7,no,yes,no,2,no,"default for the mode, not individually verified",Line 14 Xi'an North Railway Station North Square – Heshao (13.7 km),Line 14 took over the Airport Intercity Line (2019) and extended it,7fed9de3
2021-07-04,Switzerland,Geneva,Line 14,tram,2.1,no,no,no,0,no,"default for the mode, not individually verified",Line 14 Bernex P+R – Bernex-Vailly (2.1 km),,c1172ac1
2021-07-05,China,Shaoxing,Line 1,metro,20.3,no,yes,yes,2,no,"default for the mode, not individually verified",Line 1 Guniangqiao – China Textile City (20.3 km),,e0810980
2021-07-05,Philippines,Manila,Line 2,metro,3.8,no,yes,no,2,no,,Line 2 Santolan – Antipolo (3.8 km),,f894e189
2021-07-25,Spain,Barcelona,Line 5,metro,,no,yes,no,2,no,"default for the mode, not individually verified",L5 Ernest Lluch (fill-in station),,4d4d89cc
2021-08-02,Thailand,Bangkok,SRT Dark Red Line,commuter rail,26.0,yes,yes,yes,1,no,,SRT Red Line Bang Sue – Rangsit (26 km),,2915c879
2021-08-02,Thailand,Bangkok,SRT Light Red Line,commuter rail,15.0,yes,yes,yes,1,no,,Bang Sue – Taling Chan (15 km),,92ca205f
2021-08-06,India,Delhi,Pink Line,metro,1.4,no,yes,no,4,yes,opened with drivers; unattended since November 2021,Pink Line Mayur Vihar Pocket-1 - Trilokpuri Sanjay Lake (1.4 km),,cf98b070
2021-08-09,Finland,Tampere,Tampere Tramway T1,tram,14.2,no,no,yes,0,no,"default for the mode, not individually verified",T1 Sorin aukio – Kaupin kampus,,46b8a583
2021-08-09,Finland,Tampere,Tampere Tramway T3,tram,,no,no,yes,0,no,"default for the mode, not individually verified",T3 Pyynikintori – Hervantajärvi,split from a combined UrbanRail entry,
2021-08-11,Brazil,São Paulo,Line 9,commuter rail,,yes,yes,no,1,no,,Line 9 Grajaú – Mendes-Vila Natal (limited service),,48e56a7b
2021-08-18,China,Foshan,Nanhai New Transit,light rail,9.5,no,yes,yes,2,no,,Nanhai New Transit Leigang – Sanshanxinchengbei (9.5 km),,0d66ea9a
2021-08-21,Poland,Poznań,Line 3,tram,1.0,no,no,no,0,no,"default for the mode, not individually verified",Line 3 Wilczak – Ul. Wlodarska (1 km),,34dd203f
2021-08-26,China,Beijing,Line 7,metro,1.8,no,yes,no,2,no,"default for the mode, not individually verified",Line 7 & Batong Line Huazhuang – Universal Resort (1.8 km),,976b95b1
2021-08-28,Singapore,Singapore,Thomson–East Coast Line,metro,14.0,no,yes,no,4,yes,unattended operation,TEL Woodlands South – Caldecott (14 km),,6557a5fd
2021-08-30,India,Bengaluru,Purple Line,metro,7.5,no,yes,no,2,no,"default for the mode, not individually verified",Purple Line Mysuru Road – Kengeri (7.5 km),,99e8c69d
2021-08-30,United States,Charlotte,,tram,4.0,no,no,no,0,no,"default for the mode, not individually verified",Charlotte TC – French Street & Hawthorne/5th – Sunnyside Avenue (4 km),,6415a1d7
2021-09-04,Poland,Warsaw,,tram,1.2,no,no,no,0,no,"default for the mode, not individually verified",Lines 2/17 Nowodwory – Winnica (1.2 km),,8dfa2e58
2021-09-17,China,Hangzhou,Line 7,metro,3.2,no,yes,no,2,no,"default for the mode, not individually verified",Line 7 Olympic Sports Center – Citizen Center (3.2 km),,9e03dd61
2021-09-17,China,Hangzhou,Line 9,metro,6.0,no,yes,no,2,no,"default for the mode, not individually verified",Line 9 Linping – Long'an (6 km),,d3e7c539
2021-09-18,India,Delhi,Grey Line,metro,1.0,no,yes,no,2,no,"default for the mode, not individually verified",Grey Line Najafgarh – Dhansa Bus Stand (1 km),,88e8a2dd
2021-09-19,China,Harbin,Line 2,metro,28.7,no,yes,yes,2,no,"default for the mode, not individually verified",Jiangbei University Town – Meteorological Observatory (28.7 km),,22e3b116
2021-09-20,United Kingdom,London,Northern Line,metro,3.2,no,yes,no,2,no,"default for the mode, not individually verified",Northern Line Kennington – Battersea Power Station (3.2 km),,d679b55f
2021-09-28,China,Guangzhou,Line 18,suburban metro,58.3,no,yes,yes,4,yes,CAMET: designed for FAO; opened with drivers in 2021 and FAO from January 2023,Line 18 Xiancun - Wanqingsha (58.3 km),,2ac91bbd
2021-09-29,Algeria,Constantine,,tram,3.5,no,no,no,0,no,"default for the mode, not individually verified",Chahid Kadri Brahim – Université Abdelhamid-Mehri (3.5 km),,0e99517a
2021-10-02,United States,Seattle,1 Line,light rail,6.9,no,no,no,1,no,,University of Washington – Northgate (6.9 km),,d2bdb2bd
2021-10-06,Russia,Saint Petersburg,Line 7,tram,1.4,no,no,no,0,no,"default for the mode, not individually verified",Line 7 Granitnaya – Metro Ladozhskaya (1.4 km),,5561814a
2021-10-08,China,Changchun,Line 2,metro,4.4,no,yes,no,2,no,"default for the mode, not individually verified",Line 2 Shuangfeng - Automobile Park (4.4 km),,4a2b84c7
2021-10-25,Turkey,Antalya,T3,tram,6.5,no,no,no,0,no,"default for the mode, not individually verified",T3 Müze – Atatürk (6.5 km),,74e300ee
2021-10-30,South Korea,Uijeongbu,Uijeongbu LRT,light metro,0.8,no,yes,no,4,yes,unattended operation,Tapseok – Depot Temporary Platform (0.8 km),,48735bfc
2021-10-31,Germany,Berlin,M17,tram,2.7,no,no,no,0,no,"default for the mode, not individually verified",M17/63 S Schöneweide – Karl-Ziegler-Straße (2.7 km),,32050d31
2021-11-03,China,Wuhu,Line 1,monorail,30.4,no,yes,yes,4,yes,CAMET: FAO (2021 table),Line 1 (Monorail) Baoshunlu – Baimashan (30.4 km),,ee419905
2021-11-06,China,Hangzhou,Line 6,metro,9.0,no,yes,no,2,no,"default for the mode, not individually verified",Line 6 Qianjiang Century City – Goujulong (9 km),,01b32d7d
2021-11-06,Vietnam,Hanoi,Line 2A,metro,12.8,no,yes,yes,2,no,,Line 2 Cat Linh – Yen Nghia (12.8 km),,c1c840d8
2021-11-07,Spain,Barcelona,Line 10,metro,2.4,no,yes,no,4,yes,unattended operation,L10 Zona Franca – ZAL/Riu Vell (2.4 km),,080c234c
2021-11-17,Qatar,Doha,,tram,2.6,no,no,no,0,no,"default for the mode, not individually verified",Education City Tram YL North Nest – Al Shaqab (2.6 km),,03eb8d18
2021-11-21,United States,San Diego,Blue Line,light rail,17.4,no,no,no,1,no,"default for the mode, not individually verified",Blue Line Old Town – UTC (17.4 km),,01cdaee7
2021-11-26,Austria,Graz,Line 4,tram,1.7,no,no,no,0,no,"default for the mode, not individually verified",Line 4 Alte Poststraße – Reininghaus (1.7 km),,36e3860e
2021-11-26,Austria,Graz,Line 6,tram,1.4,no,no,no,0,no,"default for the mode, not individually verified",Line 6 Waagner-Biro-Str. (Köflacher Gasse/PVA) – Nikolaus-Harnoncourt-Park (1.4 km),,b0945f9b
2021-11-26,China,Harbin,Line 3,metro,6.0,no,yes,no,2,no,"default for the mode, not individually verified",Line 3 Harbin West Railway Station (6 km),,51440141
2021-11-26,China,Harbin,Line 3,metro,16.1,no,yes,no,2,no,"default for the mode, not individually verified",Sports Park & Second Affiliated Hospital of HMU – Taipingqiao (16.1 km),,ce3ede8a
2021-11-29,Germany,Magdeburg,Line 1,tram,1.0,no,no,no,0,no,"default for the mode, not individually verified",Line 1 Milchweg – Kannenstieg (1 km),,ac8f23db
2021-11-29,Hungary,Szeged,Szeged–Hódmezővásárhely tram-train,commuter rail,,yes,no,no,1,no,"default for the mode, not individually verified","Line 1 Szeged – Hódmezovásárhely (tram-train, 25.4 km, incl. 21 km on existing rail line)",tram-train mostly on an existing railway,9c9a3257
2021-12-07,China,Tianjin,Line 5,metro,1.9,no,yes,no,2,no,"default for the mode, not individually verified",Line 5 Zhongyiyifuyuan – Liqizhuangnan (1.9 km),,a88f000b
2021-12-07,Russia,Moscow,Line 11 Big Circle Line,metro,21.0,no,yes,no,2,no,"default for the mode, not individually verified",Line 11 Mnyovniki – Kakhovskaya (21 km),,7623736c
2021-12-11,Belgium,Brussels,Line 9,tram,1.7,no,no,no,0,no,"default for the mode, not individually verified",Line 9 Arbre Ballon - Roi Baudouin (1.7 km),,ea5dc4e5
2021-12-12,Germany,Augsburg,Line 3,tram,4.6,no,no,no,0,no,"default for the mode, not individually verified",Line 3 Haunstetten West (Inninger Str.) – Königsbrunn Zentrum (4.6 km),,b60703ee
2021-12-12,Germany,Karlsruhe,,tram,,no,no,no,0,no,"default for the mode, not individually verified",tram tunnel Mühlburger Tor – Gottesauer Platz / Augartenstraße & Karlstor – Rüppurer Tor,,f25669df
2021-12-12,Germany,Stuttgart,U6,light rail,3.2,no,no,no,1,no,"default for the mode, not individually verified",U6 Fasanenhof/Schelmenwasen – Messe/Flughafen (3.2 km),,34d12b32
2021-12-15,Greece,Athens,,tram,2.5,no,no,no,0,no,"default for the mode, not individually verified",Tram Faliro – Ag. Triada (2.5 km),,1fc6b752
2021-12-15,Romania,Oradea,,tram,3.8,no,no,no,0,no,"default for the mode, not individually verified",Lines 5/7 Calea Aradului – Lotus (3.8 km),,f69982c5
2021-12-16,China,Nanning,Line 5,metro,20.2,no,yes,yes,4,yes,CAMET: FAO (2021 table),Line 5 Jinqiao Coach Station – Guokai Dadao (20.2 km),,fbaef2b4
2021-12-16,Taiwan,Kaohsiung,Circle Line,tram,1.8,no,no,no,0,no,"default for the mode, not individually verified",Circle Line Gushan District Office – Museum of Fine Arts (1.8 km),,90ec1ec6
2021-12-17,Brazil,São Paulo,Line 4,metro,1.5,no,yes,no,4,yes,unattended operation,Line 4 São Paulo-Morumbi – Vila Sônia (1.5 km),,4786d486
2021-12-17,China,Wuxi,Line 4,metro,25.4,no,yes,yes,2,no,"default for the mode, not individually verified",Line 4 Liutan – Wuxi Taihu International Expo Center (25.4 km),,043d115f
2021-12-18,Poland,Szczecin,,tram,1.0,no,no,no,0,no,"default for the mode, not individually verified",Rondo Olszewskiego – Osiedle Zawadzkiego (1 km),,b18e8c96
2021-12-18,South Korea,Seoul,Line 8,metro,,no,yes,no,2,no,"default for the mode, not individually verified",Line 8 Namwirye in-fill station,,7c615df6
2021-12-26,China,Hefei,Line 4,metro,41.4,no,yes,yes,2,no,"default for the mode, not individually verified",Line 4 Zongbaoqu – Qinglonggang (41.4 km),,d084ccb2
2021-12-26,China,Luoyang,Line 2,metro,18.2,no,yes,yes,2,no,"default for the mode, not individually verified",Line 2 Erqiao Road – Balitang (18.2 km),,3b14231b
2021-12-26,China,Nanchang,Line 4,metro,39.6,no,yes,yes,2,no,"default for the mode, not individually verified",Line 4 Baimashan – Yuweizhou (39.6 km),,9bb09e74
2021-12-26,China,Wuhan,Line 16,metro,31.7,no,yes,yes,4,yes,CAMET: FAO (2021 table),Line 16 Zhoujiahe – South International Expo Center (31.7 km),,8c7337fa
2021-12-26,China,Wuhan,Line 5,metro,34.6,no,yes,yes,4,yes,CAMET: FAO (2021 table),Line 5 Hubei University of Chinese Medicine – East Square of Wuhan Railway Station (34.6 km),,7f06e0f8
2021-12-26,China,Wuhan,Line 6,metro,7.0,no,yes,no,2,no,"default for the mode, not individually verified",Line 6 Jinyinhu Park – Xincheng 11th Road (7 km),,2c8398a4
2021-12-27,Senegal,Dakar,TER Dakar,commuter rail,36.0,yes,no,yes,1,no,,TER Dakar – Diamniadio (36 km),new standard-gauge commuter railway,90da0cb3
2021-12-28,China,Dalian,Line 13,suburban metro,43.0,no,yes,yes,2,no,"default for the mode, not individually verified",Line 13 Jiuli – Pulandian Zhenxing Street (43 km),,1a79ca9c
2021-12-28,China,Foshan,Line 2,metro,32.4,no,yes,yes,2,no,"default for the mode, not individually verified",Line 2 Nanzhuang – Guangzhou South Railway Station (32.4 km),,1826b09b
2021-12-28,China,Nanjing,Line 2,metro,5.4,no,yes,no,2,no,"default for the mode, not individually verified",Line 2 Youfangqiao – Yuzui (5.4 km),,2b40b1a6
2021-12-28,China,Nanjing,S6,suburban metro,43.6,no,yes,yes,2,no,"default for the mode, not individually verified",Line S6 Maqun – Jurong (43.6 km),,66458ede
2021-12-28,China,Ningbo,Line 5,metro,27.6,no,yes,yes,4,yes,CAMET: FAO (2021 table),Line 5 Buzheng – Xingzhuang Road (27.6 km),,21d114fe
2021-12-28,China,Shenzhen,Line 20,metro,8.4,no,yes,yes,4,yes,CAMET: FAO (2021 table),Line 20 Airport North – Convention & Exhibition City (8.4 km),,ac45e587
2021-12-28,China,Tianjin,Line 4,metro,19.4,no,yes,yes,2,no,"default for the mode, not individually verified",Line 4 Dongnanjiao – Xinxingcun (19.4 km),,99cc751f
2021-12-28,China,Tianjin,Line 6,metro,15.3,no,yes,no,2,no,CAMET: only phase 2 (2021) is FAO,Line 6 Meilinlu – Xianshuiguxi (15.3 km),,ec20e4a3
2021-12-28,China,Wuhu,Line 2,monorail,15.8,no,yes,yes,4,yes,CAMET: FAO (2021 table),Line 2 Jiuziguangchang – Wanchunhulu (15.8 km),,4de6544a
2021-12-28,South Korea,Busan,Donghae Nambu Line,commuter rail,36.0,yes,yes,no,1,no,,Donghae Nambu Line Ilgwang – Taehwagang (36 km),,1652899f
2021-12-29,Brazil,São Paulo,Line 15,monorail,1.7,no,yes,no,4,yes,unattended operation,Line 15 São Mateus – Jardim Colonial (1.7 km),,fd672165
2021-12-29,India,Kanpur,Orange Line,metro,8.7,no,yes,yes,2,no,"default for the mode, not individually verified",Blue Line IIT Kanpur – Moti Jheel (8.7 km),,b4027ce5
2021-12-30,China,Qingdao,Line 1,metro,38.3,no,yes,no,2,no,"default for the mode, not individually verified",Line 1 Qingdao North Railway Station – Wangjiagang (38.3 km),,f1b4546c
2021-12-30,China,Shanghai,Line 14,metro,38.2,no,yes,yes,4,yes,CAMET: FAO (2021 table),Line 14 Fengbang – Guiqiao Road (38.2 km),,d481a6c1
2021-12-30,China,Shanghai,Line 18,metro,20.1,no,yes,no,4,yes,CAMET: FAO (2021 and 2025 tables),Line 18 Yuqiao – South Changjiang Road (20.1 km),,50a4d2a8
2021-12-31,China,Beijing,Capital Airport Express,metro,,no,yes,no,2,no,"default for the mode, not individually verified",Capital Airport Express Dongzhimen – Beixinqiao,,8aee487b
2021-12-31,China,Beijing,Changping Line,metro,1.5,no,yes,no,2,no,"default for the mode, not individually verified",Changping Line Xi'erqi – Qinghe Railway Station (1.5 km),,6dd813a9
2021-12-31,China,Beijing,Line 11,metro,1.6,no,yes,yes,4,yes,CAMET: FAO (2021 table),Line 11 Jin'anqiao – Xinshougang,split from a combined UrbanRail entry,
2021-12-31,China,Beijing,Line 17,metro,16.5,no,yes,yes,4,yes,CAMET: FAO (2021 table),Line 17 Shilihe – Jiahuihu (16.5 km),,612ada12
2021-12-31,China,Beijing,Line 19,metro,22.4,no,yes,yes,4,yes,CAMET: FAO (2021 table),Line 19 Mudanyuan – Xingong (22.4 km),,6efbc0a6
2021-12-31,China,Beijing,Line 8,metro,1.0,no,yes,no,2,no,"default for the mode, not individually verified",Line 8 National Art Museum – Zhushikou,,3371a09b
2021-12-31,China,Beijing,Line S1,maglev,0.8,no,yes,no,2,no,CAMET: not FAO,Line S1 Jin’anqiao – Pingguoyuan (0.8 km),,c47b7569
2021-12-31,China,Changchun,Line 3,light rail,2.2,no,no,no,1,no,,Line 3 [ Xi'an Bridge – ] Changchun Railway Station – Puppet Regime Palace Museum (2.2 km),,6a3e0591
2022-01-01,Qatar,Lusail,Lusail Tram Orange Line,tram,5.5,no,no,yes,1,no,,Orange Line Legtaifiya – Energy City South (5.5 km),,02f0e914
2022-01-13,France,Paris,M4,metro,1.8,no,yes,no,4,yes,converted to unattended operation in 2022,M4 Mairie de Montrouge – Bagneux - Lucie Aubrac (1.8 km),,2a2b9aa3
2022-01-15,China,Jiaxing,,tram,0.6,no,no,no,0,no,"default for the mode, not individually verified",Fanggong Rd./Binhe Rd. – Jiaxing Railway Station (0.6 km),,eaeddc0b
2022-01-25,China,Chongqing,Line 9,metro,31.5,no,yes,yes,2,no,"default for the mode, not individually verified",Line 9 Gaotanyan – Xingkedadao (31.5 km),,72691d4e
2022-02-16,Morocco,Rabat,,tram,4.6,no,no,no,0,no,"default for the mode, not individually verified",Hassan II – Hôpital Moulay Abdellah (4.6 km),,def01be5
2022-02-16,Morocco,Rabat,Line 2,tram,2.4,no,no,no,0,no,"default for the mode, not individually verified",Line 2 Hôpital Moulay Youssef – Yacoub Al Mansour (2.4 km),,d417b263
2022-02-21,China,Hangzhou,Line 10,metro,12.0,no,yes,yes,2,no,"default for the mode, not individually verified",Line 10 Yisheng Road – Cuibai Road (12 km),,d62aa90e
2022-02-21,China,Hangzhou,Line 3,metro,21.0,no,yes,yes,2,no,"default for the mode, not individually verified",Line 3 Chaowang Road – Xingqiao (21 km),,99d29551
2022-02-21,China,Hangzhou,Line 4,metro,26.0,no,yes,no,2,no,"default for the mode, not individually verified",Line 4 Pengbu – Chihua Street (26 km),,867065fc
2022-03-06,India,Pune,Aqua Line,metro,5.0,no,yes,yes,2,no,"default for the mode, not individually verified",Vanaz – Garware College (5 km),,30b264af
2022-03-06,India,Pune,Purple Line,metro,5.8,no,yes,yes,2,no,"default for the mode, not individually verified",Pimpri – Phugewadi (5.8 km),,c41e7a26
2022-03-13,India,Chennai,Blue Line,metro,0.5,no,yes,no,2,no,"default for the mode, not individually verified",Blue Line Wimco Nagar – Wimco Nagar Depot (0.5 km),,14db3ab8
2022-03-19,South Korea,Seoul,Line 4,metro,14.2,no,yes,no,2,no,"default for the mode, not individually verified",Line 4 Danggogae – Jinjeop (14.2 km),,fdd7a751
2022-03-21,United States,Boston,Green Line Extension,light rail,1.7,no,no,no,1,no,"default for the mode, not individually verified",Lechmere – Union Square (1.7 km),,090d5b86
2022-03-25,Spain,Bilbao,,tram,2.3,no,no,no,0,no,"default for the mode, not individually verified",Atxuri – Bolueta (2.3 km),,63718670
2022-03-29,India,Delhi,Green Line,metro,,no,yes,no,2,no,"default for the mode, not individually verified",Green Line Punjabi Bagh West station,,61d05d72
2022-03-31,China,Guangzhou,Line 22,suburban metro,18.2,no,yes,yes,4,yes,CAMET: FAO (2022 and 2025 tables),Line 22 Panyu Square – Chentougang (18.2 km),,0d63cd79
2022-03-31,Russia,Krasnodar,,tram,2.5,no,no,no,0,no,"default for the mode, not individually verified",Solnechnaya – Ul. Petra Metal'nikova (2.5 km),,fd54425d
2022-04-01,China,Hangzhou,Line 7,metro,6.0,no,yes,no,2,no,"default for the mode, not individually verified",Line 7 Citizen Center – Wushan Square (6 km),,2847cf83
2022-04-01,China,Hangzhou,Line 9,metro,12.0,no,yes,no,2,no,"default for the mode, not individually verified",Line 9 Coach Center – Guanyintang (12 km),,ddaad75b
2022-04-02,India,Mumbai,Line 2A,metro,8.9,no,yes,yes,2,no,"default for the mode, not individually verified",Line 2A Dhanukarwadi – Dahisar East (8.9 km),,14739cb1
2022-04-02,India,Mumbai,Line 7,metro,9.5,no,yes,yes,2,no,"default for the mode, not individually verified",Line 7 Dahisar East – Aarey (9.5 km),split from a combined UrbanRail entry,
2022-04-09,Czechia,Prague,Line 5,tram,1.0,no,no,no,0,no,"default for the mode, not individually verified",Line 5 Sidliste Barrandov – Holyne (1 km),,58a1e39b
2022-04-23,Poland,Poznań,Line 10,tram,1.7,no,no,no,0,no,"default for the mode, not individually verified",Line 10 Lechicka/Naramowicka – Blazeja (1.7 km),,44862c50
2022-04-25,Germany,Darmstadt,Line 2,tram,1.1,no,no,no,0,no,"default for the mode, not individually verified",Line 2 Jahnstraße – TU-Lichtwiese (1.1 km),,8d6c0f6c
2022-04-29,China,Fuzhou,Line 5,metro,,no,yes,yes,2,no,"default for the mode, not individually verified",Line 5 Ancient Luozhou Town – Jingxi Houyu,,bdd762a9
2022-04-29,China,Shaoxing,Line 1,metro,,no,yes,no,2,no,"default for the mode, not individually verified",Line 1 China Textile City – Fangquan,,2c5b3e22
2022-05-01,China,Guangzhou,Line 7,metro,13.4,no,yes,no,2,no,CAMET: opened GoA2 in 2016; converted to FAO in December 2024,Line 7 Guangzhou South Railway Station - Meidi Dadao (13.4 km),,afcd6d8f
2022-05-08,Mauritius,Port Louis,ME,tram,3.6,no,no,no,0,no,"default for the mode, not individually verified",ME Quatre Bornes – Phoenix (3.6 km),,b66e7b36
2022-05-15,Hong Kong,Hong Kong,East Rail line,commuter rail,4.6,no,yes,no,2,no,,East Rail Hung Hom – Admiralty (4.6 km),,791c289d
2022-05-17,Spain,Valencia,Line 10,tram,5.0,no,no,no,0,no,"default for the mode, not individually verified",Line 10 Alacant – Natzaret (5 km),,fa70d611
2022-05-20,United States,Phoenix,Tempe Streetcar,tram,4.8,no,no,yes,0,no,"default for the mode, not individually verified",Marina Heights/Rio Salado – Dorsey/Apache (4.8 km),,16578de0
2022-05-24,United Kingdom,London,Elizabeth Line,commuter rail (cross-city),22.5,yes,yes,yes,2,no,,Elizabeth Line Paddington – Abbey Wood (~22.5 km),,37ede27b
2022-05-28,Denmark,Odense,Odense Letbane,tram,14.5,no,no,yes,0,no,"default for the mode, not individually verified",T1 Tarup Center – Hjallese Station (14.5 km),,c23c0926
2022-05-28,South Korea,Seoul,Shinbundang Line,metro,2.2,no,yes,no,4,yes,unattended operation,Shinbundang Line Gangnam – Sinsa (2.2 km),,d5cb5e26
2022-05-28,South Korea,Seoul,Sillim Line,light metro,8.1,no,yes,yes,4,yes,unattended operation,Sillim Line Saetgang – Gwanaksan (8.1 km),,c4939f6b
2022-05-30,Kazakhstan,Almaty,Line 1,metro,3.1,no,yes,no,2,no,"default for the mode, not individually verified",Moskva – Bauyrzhan Momyshuly (3.1 km),,27f4b040
2022-05-31,France,Paris,Line 12,metro,,no,yes,no,2,no,"default for the mode, not individually verified",Line 12 Front Populaire – Mairie d'Aubervilliers,,efb20851
2022-06-10,China,Hangzhou,Line 3,metro,31.0,no,yes,no,2,no,"default for the mode, not individually verified",Line 3 Chaowang Road – West Wenyi Road / Shima (31 km),,fbb010f5
2022-06-16,Malaysia,Kuala Lumpur,Putrajaya Line,metro,12.1,no,yes,yes,4,yes,unattended operation,Putrajaya Line (Kwasa Damansara) – Sungai Buloh – Kampung Batu (12.1 km),,c8e4af03
2022-06-18,China,Chongqing,Line 4,metro,32.8,no,yes,no,2,no,"default for the mode, not individually verified",Line 4 Tangjiatuo – Huangling (32.8 km),,7dfd002d
2022-06-20,China,Zhengzhou,Chengjiao Line,suburban metro,9.0,no,yes,no,2,no,"default for the mode, not individually verified",Chengjiao Line Xinzheng Int’l Airport – Zhengzhou Hangkonggang Railway Station (9 km),,aa1997ff
2022-06-24,China,Hangzhou,Line 10,metro,,no,yes,no,2,no,"default for the mode, not individually verified",Line 10 Cuibai Road – Xueyuan Road,,e5adf833
2022-06-25,China,Jiaxing,T1,tram,,no,no,no,0,no,"default for the mode, not individually verified",T1 Jiaxing Railway Station – East Zhongshan Rd/Anle Rd,,8bccf6e0
2022-06-28,China,Changsha,Line 6,metro,48.1,no,yes,yes,2,no,"default for the mode, not individually verified",Line 6 Xiejiaqiao – Huanghua Airport T1&T2 (48.1 km),,706f7c3d
2022-06-29,China,Kunming,Line 5,metro,26.5,no,yes,yes,2,no,"default for the mode, not individually verified",Line 5 World Horti-Expo Garden – Baofeng (26.5 km),,289bcf67
2022-06-30,Poland,Warsaw,Line 2,metro,2.1,no,yes,no,2,no,"default for the mode, not individually verified",Line 2 Ksiecia Janusza – Bemowo (2.1 km),,7f20e546
2022-07-02,Turkey,Bursa,T2,tram,8.2,no,no,no,0,no,"default for the mode, not individually verified",T2 Kent Meydani – Terminal (8.2 km),,9190bf35
2022-07-03,Egypt,Cairo,10th of Ramadan LRT,suburban rail (LRT),65.0,no,yes,yes,2,no,,Capital Train Adly Mansour - Arts & Culture City (65 km),,25b513d2
2022-07-03,Egypt,Cairo,10th of Ramadan LRT,suburban rail (LRT),8.5,no,yes,no,2,no,,10th of Ramadan LRT branch to Knowledge City (8.5 km),branch opened with the line,7d2c77a8
2022-07-06,France,Paris,T13,tram-train,18.8,no,no,yes,1,no,,T13 St-Cyr – St-Germain-en-Laye (18.8 km),tram-train partly alongside the Grande Ceinture railway,14367973
2022-07-12,India,Kolkata,Line 2,metro,2.1,no,yes,no,2,no,"default for the mode, not individually verified",Line 2 Phoolbagan – Sealdah (2.1 km),,6e8837df
2022-07-17,United Kingdom,Birmingham,,tram,1.1,no,no,no,0,no,"default for the mode, not individually verified",Library/Centenary Sq – Edgbaston Village (1.1 km),,2012eeb6
2022-07-18,United Kingdom,London,London Overground Barking Riverside extension,commuter rail,4.5,yes,no,no,1,no,"default for the mode, not individually verified",Overground Barking – Barking Riverside (4.5 km),,b4f91f90
2022-08-06,China,Chongqing,Jiangtiao Line,suburban railway,28.2,yes,yes,yes,1,no,China Railway suburban line,Jiangtiao Line Tiaodeng – Shengquansi (28.2 km),suburban railway built and run by China Railway,1a0c0762
2022-08-28,China,Fuzhou,Line 6,metro,31.3,no,yes,yes,2,no,"default for the mode, not individually verified",Line 6 Pandun – Wanshou (31.3 km),,8f23a54c
2022-08-28,Poland,Kraków,,tram,1.6,no,no,no,0,no,"default for the mode, not individually verified",Lines 10/11/50 Lagiewniki SKA – Kurdwanów (1.6 km),,a49875bb
2022-08-29,France,Caen,,tram,0.6,no,no,no,0,no,"default for the mode, not individually verified",Line T3 Collège Hawking – Hauts de l'Orne (0.6 km),,f01274ee
2022-08-30,China,Jinhua,Jinyi Line,suburban metro,58.4,no,yes,yes,2,no,"default for the mode, not individually verified",Jinyi Line Jinhua Railway Station – Qintang (58.4 km),,5ad94228
2022-08-31,Russia,Yekaterinburg,Line 333,tram,8.5,no,no,no,0,no,"default for the mode, not individually verified",Line 333 Frezerovshchikov – Verkhnyaya Pyshma (8.5 km),,45ac8a25
2022-09-01,India,Kochi,Line 1,metro,2.0,no,yes,no,2,no,"default for the mode, not individually verified",Petta – SN Junction (2 km),,909cb872
2022-09-11,Luxembourg,Luxembourg,,tram,1.4,no,no,no,0,no,"default for the mode, not individually verified",Gare Centrale – Lycée Bouneweg (1.4 km),,cd82049c
2022-09-13,Bolivia,Cochabamba,Mi Tren Green Line,light rail,13.2,no,no,yes,1,no,,Green Line Estación Central San Antonio – Av. Ferroviaria (13.2 km),new system on rebuilt former railway corridors,a9fbe940
2022-09-13,Bolivia,Cochabamba,Mi Tren Red Line,light rail,5.5,no,no,yes,1,no,,Red Line Estación Central San Antonio – Est. Municipal Agronomía (5.5 km),new system on rebuilt former railway corridors,9f84900b
2022-09-20,France,Rennes,Line B,light metro,13.0,no,yes,yes,4,yes,unattended operation (Cityval),Line B Saint-Jacques - Gaîté – Cesson-Viasilva (13 km),,0dc7c7d5
2022-09-22,China,Hangzhou,Line 10,metro,1.5,no,yes,no,2,no,"default for the mode, not individually verified",Line 10 Xueyuan Road – Huanglong Sports Center (1.5 km),,633419d2
2022-09-22,China,Hangzhou,Line 19,metro,55.0,no,yes,yes,2,no,"default for the mode, not individually verified",Line 19 West Railway Station – Yongsheng Road (55 km),,e3914427
2022-09-22,China,Hangzhou,Line 3,metro,5.0,no,yes,no,2,no,"default for the mode, not individually verified",Line 3 West Wenyi Road – Wushanqiancun (5 km),,b5e6e81a
2022-09-28,Poland,Warsaw,Line 2,metro,3.9,no,yes,no,2,no,"default for the mode, not individually verified",Line 2 Trocka – Bródno (3.9 km),,1434f9ed
2022-09-30,China,Dalian,Line 2,metro,12.2,no,yes,no,2,no,"default for the mode, not individually verified",Line 2 Xinzhaizi – Dalian North Railway Station (12.2 km),,259b0c18
2022-09-30,China,Nanjing,S8,suburban metro,2.0,no,yes,no,2,no,"default for the mode, not individually verified",Line S8 Taishanxincun – Changjiangdaqiaobei (2 km),,2bb2cf27
2022-09-30,China,Zhengzhou,Line 6,metro,17.0,no,yes,yes,2,no,"default for the mode, not individually verified",Line 6 Jiayu – Changzhuang (17 km),,2de8276e
2022-10-02,India,Ahmedabad,Blue Line,metro,12.0,no,yes,no,2,no,"default for the mode, not individually verified",Blue Line Apparel Park – Thaltej (12 km),,4310e92b
2022-10-02,Turkey,Istanbul,M4,metro,7.4,no,yes,no,2,no,"default for the mode, not individually verified",M4 Tav santepe – Sabiha Gökcen Havalimani (7.4 km),,a998f383
2022-10-05,Taiwan,Kaohsiung,,tram,2.4,no,no,no,0,no,"default for the mode, not individually verified",Circular Tram Museum of Fine Arts TRA Station (C20) – Heart of Love River (C24) (2.4 km),,d9652e55
2022-10-06,Egypt,Cairo,Line 3,metro,4.0,no,yes,no,2,no,"default for the mode, not individually verified",Line 3 Attaba – Kit Kat (~4 km),,4c130756
2022-10-06,India,Ahmedabad,Red Line,metro,18.9,no,yes,yes,2,no,"default for the mode, not individually verified",Red Line APMC – Motera Stadium (18.9 km),,db4b1be1
2022-10-07,United States,Los Angeles,K Line,light rail,9.7,no,no,yes,1,no,,K Line Expo/Crenshaw – Westchester/Veterans (9.7 km),,d54c3472
2022-10-09,Australia,Perth,Transperth,commuter rail,8.5,yes,no,no,1,no,"default for the mode, not individually verified",Bayswater – High Wycombe (8.5 km),,46b4aac5
2022-10-10,Greece,Athens,Line 3,metro,3.6,no,yes,no,2,no,"default for the mode, not individually verified",Line 3 Nikaia – Dimotiko Theatro (3.6 km),,96bbf87f
2022-10-10,Mauritius,Port Louis,ME,tram,6.9,no,no,no,0,no,"default for the mode, not individually verified",ME Phoenix – Curepipe Central (6.9 km),,7dfda3a5
2022-10-17,Finland,Helsinki,Line 9,tram,1.2,no,no,no,0,no,"default for the mode, not individually verified",Line 9 Eesterinportti – Ilmalantori (1.2 km),,c2b78a62
2022-10-26,Spain,Cádiz,TramBahía,tram,24.0,no,no,yes,0,no,"default for the mode, not individually verified",TramBahía Cádiz – Chiclana Pelagatos (24 km),,9137a4da
2022-10-28,China,Shenzhen,Line 11,metro,1.2,no,yes,no,2,no,"default for the mode, not individually verified",Line 11 Futian – Gangxia North (1.2 km),,d2eaa8f7
2022-10-28,China,Shenzhen,Line 14,metro,50.3,no,yes,yes,4,yes,CAMET: FAO (2022 table),Line 14 Gangxia North – Shatian (50.3 km),,ba7e91eb
2022-10-28,Turkey,Istanbul,F4,funicular,0.8,no,yes,no,4,yes,,F4 Rumeli Hisarüstü – Asiyan (0.8 km),,32633fba
2022-11-01,Czechia,Olomouc,,tram,1.2,no,no,no,0,no,"default for the mode, not individually verified",Lines 3 & 5 Trnkova – U Kaplicky (1.2 km),,97af6efd
2022-11-05,Turkey,Gaziantep,Gaziray,commuter rail,24.0,yes,no,no,1,no,"default for the mode, not individually verified",Gaziray Baspinar – Taslica (24 km),,27c419e1
2022-11-10,China,Nantong,Line 1,metro,39.2,no,yes,yes,2,no,"default for the mode, not individually verified",Line 1 Pingchao - Zhenxing Lu (39.2 km),,70864b69
2022-11-13,Singapore,Singapore,Thomson–East Coast Line,metro,13.2,no,yes,no,4,yes,unattended operation,TEL Caldecott – Gardens by the Bay (13.2 km),,f538de7a
2022-11-15,United States,"Washington, D.C.",Silver Line,metro,17.9,no,yes,no,2,no,"default for the mode, not individually verified",Silver Line Wiehle/Reston East – Ashburn (17.9 km),,341dcb3c
2022-11-18,China,Tianjin,Line 10,metro,21.0,no,yes,yes,2,no,"default for the mode, not individually verified",Line 10 Yutai – Yudongcheng (21 km),,02a08f5c
2022-11-21,Norway,Bergen,Line 2,tram,8.0,no,no,no,0,no,"default for the mode, not individually verified",Line 2 Bystasjonen – Fyllingsdalen (8 km),,49d4cc19
2022-11-26,Italy,Milan,M4,metro,5.3,no,yes,yes,4,yes,unattended operation,M4 Linate Aeroporto – Dateo (5.3 km),,c6f9533f
2022-11-28,China,Shenzhen,Line 12,metro,40.5,no,yes,yes,4,yes,CAMET: FAO (2022 table),Line 12 Zuopaotai East – Waterlands Resort East (40.5 km),,bc64fe85
2022-11-28,China,Shenzhen,Line 6 Branch,metro,6.4,no,yes,yes,4,yes,CAMET: FAO (2022 table),Line 6B Guangming – SIAT (6.4 km),separately operated branch of Line 6,839fa6e7
2022-11-29,China,Guangzhou,Nanhai New Transit,light rail,4.9,no,no,no,1,no,"default for the mode, not individually verified",Nanhai New Transit Sanshanxinchengbei – Linyuedong (4.9 km),,e401c2f6
2022-12-01,China,Ningbo,Line 2,metro,2.9,no,yes,no,2,no,"default for the mode, not individually verified",Line 2 Congyuan Road – Honglian (2.9 km),,a32477d8
2022-12-03,Finland,Helsinki,Länsimetro,metro,7.0,no,yes,no,2,no,"default for the mode, not individually verified",Matinkylä – Kivenlahti (7 km),,655330f5
2022-12-11,Czechia,Brno,Line 8,tram,0.9,no,no,no,0,no,"default for the mode, not individually verified",Line 8 Osová – Nemocnice Bohunice (0.9 km),,26343a02
2022-12-11,India,Nagpur,Aqua Line,metro,,no,yes,no,2,no,"default for the mode, not individually verified",Aqua Line Sitabuldi – Prajapati Nagar & Orange Line Kasturchand Park – Automotive Square,,ecf987ba
2022-12-11,Switzerland,Zürich,Limmattalbahn (Line 20),tram,9.7,no,no,yes,0,no,"default for the mode, not individually verified",Line 20 (Limmattalbahn) Altstetten – Farbhof & Geisswied – Killwangen Bahnhof (9.7 km),first stage opened in 2019 as an extension of tram line 2,ef66d488
2022-12-12,United States,Boston,Green Line,light rail,5.2,no,no,no,1,no,"default for the mode, not individually verified",Green Line (E) Lechmere – Medford/Tufts (5.2 km),,95639a19
2022-12-19,Poland,Katowice,Line 15,tram,3.0,no,no,no,0,no,"default for the mode, not individually verified",Line 15 Zagórze Petla (BMC) – Zagórze Rondo Jana Pawla II (3 km),,b0d14243
2022-12-20,United States,Phoenix,PHX,people mover,3.5,no,yes,no,4,yes,unattended operation,PHX Sky Train Terminal 3 – Rental Car Center (3.5 km),,7d7b4c17
2022-12-23,Azerbaijan,Baku,M3 Purple Line,metro,2.3,no,yes,no,2,no,"default for the mode, not individually verified",Purple Line Avtovagzal – Xocasan (2.3 km),,8395afce
2022-12-26,China,Hefei,Line 5,metro,15.5,no,yes,no,2,no,"default for the mode, not individually verified",Line 5 Wanghucheng West – Jiqiao Road (15.5 km),,61e2dc02
2022-12-26,China,Qingdao,Line 4,metro,30.7,no,yes,yes,2,no,"default for the mode, not individually verified",Line 4 Hall of the People – Dahedong (30.7 km),,043c084f
2022-12-28,Bangladesh,Dhaka,Line 6,metro,11.7,no,yes,yes,2,no,,Line 6 Uttara North – Agargaon (11.7 km; limited service! ),,153aebcd
2022-12-28,China,Foshan,Line 3,metro,40.7,no,yes,yes,2,no,"default for the mode, not individually verified",Line 3 Zhen’an – Shunde College Railway Station (40.7 km),,ce0e19b5
2022-12-28,China,Huangshi,Huangshi Tram,tram,26.9,no,no,yes,0,no,,Huangshi Avenue – Garden Expo (26.9 km),,55dab0ec
2022-12-28,China,Jinhua,Jinyi Line,suburban metro,,no,yes,no,2,no,"default for the mode, not individually verified",Yidong Line Lingyun – Sports Center,Yidong section of the Jinyidong line,7ff37ae3
2022-12-28,China,Nanjing,Line 1,metro,6.5,no,yes,no,2,no,"default for the mode, not individually verified",Line 1 Maigaoqiao – Baguazhoudaqiaonan (6.5 km),,b3fc79c4
2022-12-28,China,Nanjing,Line 7,metro,12.6,no,yes,yes,4,yes,CAMET: FAO (2022 and 2024 tables),Line 7 Mufuxilu – Xianxinlu (12.6 km),,c4d0dc05
2022-12-28,China,Shenzhen,Line 16,metro,29.2,no,yes,yes,4,yes,CAMET: FAO (2022 table),Line 16 Universiade – Tianxin (29.2 km),,80719860
2022-12-28,China,Shenzhen,Pingshan SkyShuttle,people mover,8.0,no,yes,yes,2,no,CAMET: not listed as FAO,Pingshan Skyshuttle Pingshan HSR Station - BYD North (8 km),,1232c04e
2022-12-28,China,Taizhou,Line S1,suburban metro,52.4,no,yes,yes,2,no,"default for the mode, not individually verified",Taizhou Railway Station – South of the City (52.4 km),,84ceb646
2022-12-29,China,Xi'an,Line 6,metro,19.5,no,yes,no,2,no,"default for the mode, not individually verified",Line 6 Northwestern Polytechnical University - Fangzhicheng (19.5 km),,4a5be7d5
2022-12-30,China,Wuhan,Line 16,metro,4.2,no,yes,no,4,yes,CAMET: FAO (2021 table),Line 16 Zhoujiahe – Hannan General Airport (4.2 km),,d3b3c03f
2022-12-30,China,Wuhan,Line 7,metro,21.1,no,yes,no,2,no,"default for the mode, not individually verified",Line 7 Garden Expo North – Hengdian (21.1 km),,f7fccb94
2022-12-30,India,Kolkata,Line 3,metro,6.5,no,yes,yes,2,no,"default for the mode, not individually verified",Line 3 Taratala – Joka (6.5 km),,58bf6cae
2022-12-31,China,Beijing,Line 16,metro,14.3,no,yes,no,2,no,"default for the mode, not individually verified",Line 16 Yuyuantan Park East Gate – Yushuzhuang (14.3 km),,bbb9a3da
2023-01-02,Turkey,Istanbul,M7,metro,,no,yes,no,4,yes,unattended operation,M7 Sisli-Mecidiyeköy – Yildiz,,2c2793df
2023-01-06,Turkey,Istanbul,M8,metro,14.3,no,yes,yes,4,yes,unattended operation,M8 Bostanci – Parseller (14.3 km),,8e8a2994
2023-01-07,United States,San Francisco,T,light rail,2.5,no,no,no,1,no,"default for the mode, not individually verified",T 4th/King – Chinatown/Rose Pak (2.5 km),,515af417
2023-01-09,Germany,Bochum,Line 302,tram,0.6,no,no,no,0,no,"default for the mode, not individually verified",302 Laar Mitte – O-Werk (0.6 km),,a0d7e643
2023-01-18,China,Chongqing,Line 10,metro,6.0,no,yes,no,2,no,"default for the mode, not individually verified",Line 10 Liyuchi – Houbao (6 km),,4bce2d4f
2023-01-18,China,Chongqing,Line 9,metro,8.0,no,yes,no,2,no,"default for the mode, not individually verified",Line 9 Xingkedadao – Huashigou (8 km),,52dbe780
2023-01-19,India,Mumbai,Line 2A,metro,9.0,no,yes,no,2,no,"default for the mode, not individually verified",Line 2A Dahanukarwadi – Andheri West (9 km),,9fcbd08e
2023-01-19,India,Mumbai,Line 7,metro,6.2,no,yes,no,2,no,"default for the mode, not individually verified",Line 7 Aarey – Gundavali (6.2 km),,0dceff42
2023-01-22,Turkey,Istanbul,M11,airport express metro,34.0,no,yes,yes,4,yes,unattended operation,Line 11 Kagithane – Istanbul Havalimani (Kargo Terminali) (34 km),,313909bb
2023-01-23,Mauritius,Port Louis,Metro Express,light rail,,no,no,no,1,no,,& Port Louis Victora – Pl. d'Armes,,b5d8cf14
2023-01-23,Mauritius,Port Louis,Metro Express,light rail,3.2,no,no,no,1,no,,Rose Hill – Mahatma Gandhi (3.2 km),,c65ff89c
2023-01-25,United States,New York City,LIRR (Grand Central Madison),commuter rail,,yes,no,no,1,no,"default for the mode, not individually verified","LIRR Woodside – Grand Central Madison (~ 5 km, limited service! )",new mainline terminal branch,d5df416b
2023-02-04,China,Beijing,Changping Line,metro,9.7,no,yes,no,2,no,"default for the mode, not individually verified",Changping Line Qinghe – Xitucheng (9.7 km),,bc02f490
2023-02-08,Iran,Shiraz,Line 2,metro,,no,yes,yes,2,no,"default for the mode, not individually verified","Line 2 Emam Hossein – Qahramanan (xx km, limited service! )",,75f2ada6
2023-02-10,Taiwan,Taipei,Ankeng Line,light rail,7.7,no,no,no,1,no,,Ankeng Line Shisizhang – Shuangcheng (7.7 km),,f7454a73
2023-02-18,Algeria,Mostaganem,Mostaganem Tramway,tram,14.0,no,no,yes,0,no,"default for the mode, not individually verified",La Salamandre / Nouvelle Gare Routière – Karouba (14 km),,263c5b91
2023-02-27,China,Chongqing,Line 5,metro,9.0,no,yes,no,2,no,"default for the mode, not individually verified",Line 5 The Expo Garden Center - Yuegangbeilu (9 km),,f1e91692
2023-02-27,Iran,Karaj,Line 2,metro,5.5,no,yes,yes,2,no,"default for the mode, not individually verified","Line 2 Chehel-o-panj Metri Golshahr – Ayatallah Taleqani (5.5 km, limited service! )",,9be6c35c
2023-03-01,Russia,Moscow,Line 11 Big Circle Line,metro,18.9,no,yes,no,2,no,"default for the mode, not individually verified",Line 11 Savyolovskaya – Elektrozavodskaya & Nizhegorodskaya – Kakhovskaya (18.9 km),,a037dcf1
2023-03-04,Austria,Innsbruck,Line 5,tram,1.3,no,no,no,0,no,"default for the mode, not individually verified",Line 5 Schützenstraße – Rum Bahnhof (1.3 km),,a3d1a893
2023-03-04,Poland,Gdańsk,,tram,1.7,no,no,no,0,no,"default for the mode, not individually verified",Ujescisko – Przemyska (1.7 km),,72acca35
2023-03-15,Panama,Panama City,Line 2,metro,2.0,no,yes,no,2,no,,Line 2 Corredor Sur – Aeropuerto (2 km),,187c157b
2023-03-16,Malaysia,Kuala Lumpur,Putrajaya Line,metro,38.7,no,yes,no,4,yes,unattended operation,Putrajaya Line Kampung Batu – Putrajaya Sentral (38.7 km),,7c22c770
2023-03-17,China,Dalian,Line 5,metro,24.5,no,yes,yes,2,no,"default for the mode, not individually verified",Line 5 Houguan – Hutan Xinqu (24.5 km),,cfc862c5
2023-03-18,Iran,Tehran,Line 6,metro,9.5,no,yes,no,2,no,"default for the mode, not individually verified",Line 6 Tarbiat Modares University – Emam Hossein (9.5 km),,4f0f585f
2023-03-18,Iran,Tehran,Line 7,metro,1.5,no,yes,no,2,no,"default for the mode, not individually verified",Line 7 Meydan-e San'at – Shahid Dadman (1.5 km),,4c28d99e
2023-03-18,Japan,Yokohama,Tokyu/Sotetsu Shin-Yokohama Line,commuter rail,,yes,no,no,1,no,"default for the mode, not individually verified",Tokyu/Sotetsu Hiyoshi – Hazawa Yokohama-kokudai,new mainline link,637a765a
2023-03-20,Tunisia,Tunis,RFR Line E,commuter rail,6.3,yes,yes,yes,1,no,,Line E Gare de Tunis – Bougatfa (6.3 km),,ffff1f0c
2023-03-26,India,Bengaluru,Purple Line,metro,12.9,no,yes,no,2,no,"default for the mode, not individually verified",Purple Line Krishnarajapura – Whitefield (Kadugodi) (12.9 km),,9b8e103d
2023-03-27,Japan,Fukuoka,Nanakuma Line,metro,1.6,no,yes,no,2,no,"default for the mode, not individually verified",Nanakuma Line Tenjin-minami – Hakata (1.6 km),,d6b393ab
2023-03-27,Spain,Málaga,Line 1,light rail,1.2,no,no,no,1,no,"default for the mode, not individually verified",L1 El Perchel – Atarazanas (1.2 km),,37c7b266
2023-03-27,Spain,Málaga,Line 2,light rail,0.6,no,no,no,1,no,"default for the mode, not individually verified",L2 El Perchel – Guadalmedina (0.6 km),,1c72094e
2023-03-31,Netherlands,Rotterdam,Line B (Hoekse Lijn),light rail,2.1,no,no,no,1,no,"default for the mode, not individually verified",Hoek van Holland Haven – Hoek van Holland Strand (2.1 km),,a181c83b
2023-04-07,China,Jinhua,Jinyi Line,suburban metro,12.0,no,yes,no,2,no,"default for the mode, not individually verified",Sports Center – Ming & Qing Dynasty Palaces (~12 km),,0fed5f59
2023-04-08,Turkey,Istanbul,M3,metro,6.2,no,yes,no,2,no,"default for the mode, not individually verified",M3 Basaksehir MetroKent – Kayasehir Merkez (6.2 km),,8e35eb68
2023-04-11,Spain,Vitoria-Gasteiz,,tram,2.4,no,no,no,0,no,"default for the mode, not individually verified",Florida – Salburua (2.4 km),,70d50378
2023-04-12,Turkey,Ankara,M4,metro,3.3,no,yes,no,2,no,"default for the mode, not individually verified",M4 Atatürk Kültür Merkezi – Kizilay (3.3 km),,69c738dd
2023-04-20,Turkey,İzmit,,tram,0.9,no,no,no,0,no,"default for the mode, not individually verified",Plajyolu – Kurucesme (0.9 km),,f8bef16a
2023-04-25,Uzbekistan,Tashkent,Circle Line,metro,7.4,no,yes,no,2,no,"default for the mode, not individually verified",Circle Line 7-Bekat – 12-Bekat (7.4 km),,00ee0d5f
2023-04-29,France,Bordeaux,,tram,4.7,no,no,no,0,no,"default for the mode, not individually verified",Ligne A Quatre Chemins – Mérignac Aéroport (4.7 km),,d86f8178
2023-05-01,Iran,Tehran,Line 4,metro,1.4,no,yes,no,2,no,"default for the mode, not individually verified",Line 4 Eram-e Sabz – Allameh Ja'fari (1.4 km),,34896f39
2023-05-09,China,Changsha,Dawangshan SkyShuttle,people mover,8.3,no,yes,yes,4,yes,CAMET: FAO (2023 summary),Changsha Dawangshan SkyShuttle Shantang – Guanyingang (8.3 km),,89b73946
2023-05-12,China,Zhengzhou,Line 14,metro,1.7,no,yes,no,2,no,"default for the mode, not individually verified",Line 14 Olympic Sports Center - Lianhu (1.7 km),,3118ea2e
2023-05-15,Poland,Wrocław,,tram,3.6,no,no,no,0,no,"default for the mode, not individually verified",Lines 18/19 Dmowskiego – Wejherowska (3.6 km),,f8a64a2a
2023-05-19,United States,"Washington, D.C.",Yellow Line,metro,,no,yes,no,2,no,"default for the mode, not individually verified",YL/BL Potomac Yard station,,adb4e6fa
2023-05-21,Germany,Hamburg,S1,commuter rail,,yes,no,no,1,no,"default for the mode, not individually verified",S1 Ottensen station,,cd42e31b
2023-05-27,Czechia,Prague,Line 17,tram,1.7,no,no,no,0,no,"default for the mode, not individually verified",Line 17 Levského – Libus (1.7 km),,52565eef
2023-06-06,China,Changchun,Line 4,light rail,4.5,no,yes,no,1,no,,Line 4 Tiangong Road – Tianxin Road (4.5 km),,4c755c57
2023-06-07,United Kingdom,Edinburgh,,tram,4.7,no,no,no,0,no,"default for the mode, not individually verified",St. Andrew Square – Newhaven (4.7 km),,c8a616a8
2023-06-11,Australia,Perth,Mandurah Line,commuter rail,,yes,no,no,1,no,"default for the mode, not individually verified",Mandurah Line Lakelands station,,59a62b3d
2023-06-14,Brazil,Salvador,Line 1,metro,1.5,no,yes,no,2,no,"default for the mode, not individually verified",Line 1 Pirajá – Campinas (1.5 km),,44f2fac2
2023-06-16,United States,Los Angeles,Regional Connector,light rail,3.0,no,no,no,1,no,"default for the mode, not individually verified","""Regional Connector"" Little Tokyo/Arts District – 7th St/Metro Center (3 km)",,bb43b9f9
2023-06-19,Thailand,Bangkok,Yellow Line,monorail,30.4,no,yes,yes,4,yes,unattended operation,Yellow Line Lat Phrao – Samrong (30.4 km),,9b888995
2023-06-24,China,Suzhou,Line 11 (S1),suburban metro,41.3,no,yes,yes,4,yes,CAMET: FAO (2023 summary),Line 11 Weiting – Huaqiao (41.3 km),,2c2beb8e
2023-06-24,France,Paris,T10,tram,6.8,no,no,yes,0,no,"default for the mode, not individually verified",T10 Antony-Croix de Berny – Jardin Parisien (6.8 km),,42a577c8
2023-06-27,China,Xi'an,Line 16,metro,15.1,no,yes,yes,4,yes,CAMET: FAO (2023 summary),Line 16 Shijingli – Qinchuangyuanzhongxin (15.1 km),,759637fd
2023-06-27,China,Xi'an,Line 2,metro,6.9,no,yes,no,2,no,"default for the mode, not individually verified",Line 2 Xi’anbeizhan – Caotan & Weiqunan – Changninggong (6.9 km),,1a224fd9
2023-06-28,China,Changsha,Xihuan Line,metro,17.3,no,yes,no,2,no,"default for the mode, not individually verified",Xihuan Line Shantang – Xiangtan North Railway Station (17.3 km),"Changzhutan West Ring, operated as the southern extension of Line 3",a9f22a69
2023-06-28,China,Nanjing,S4,suburban metro,44.2,no,yes,yes,2,no,"default for the mode, not individually verified",Line S4 Chahe – Chuzhou Railway Station (44.2 km),,db8d19fc
2023-06-29,China,Lanzhou,Line 2,metro,9.1,no,yes,yes,2,no,"default for the mode, not individually verified",Line 2 Dongfanghong Square – Yanbai Bridge (9.1 km),,9d1b4fa1
2023-06-30,United States,Honolulu,Skyline,metro,17.8,no,yes,yes,4,yes,unattended operation,Skyline Kualaka'i (East Kapolei) – Halawa (Aloha Stadium) (17.8 km),,9890af22
2023-07-01,China,Hefei,Line 1,metro,4.5,no,yes,no,2,no,"default for the mode, not individually verified",Line 1 Hefei Railway Station – Zhangwa (4.5 km),,c463d4b8
2023-07-01,South Korea,Seoul,Seohae Line,commuter rail,18.3,yes,yes,no,1,no,,Seohae Line Sosa – Daegok (18.3 km),,e0ebf846
2023-07-04,Italy,Milan,M4,metro,1.7,no,yes,no,4,yes,unattended operation,M4 Dateo – San Babila (1.7 km),,1fbc9063
2023-07-08,France,Angers,Angers Tramway Line B,tram,3.6,no,no,yes,0,no,"default for the mode, not individually verified",Centre de Congrès – Monplaisir (3.6 km),lines B and C opened together,72233632
2023-07-08,France,Angers,Angers Tramway Line C,tram,4.8,no,no,yes,0,no,"default for the mode, not individually verified",Belle-Beille Campus – Molière (4.8 km),lines B and C opened together,d105b716
2023-07-22,Poland,Gorzów Wielkopolski,,tram,1.0,no,no,no,0,no,"default for the mode, not individually verified",Lines 1/3 (Dowgielewiczowej –) Szarych Szeregów (ex Silwana) – Fieldorfa-Nila (1 km),,136fd4a6
2023-07-26,China,Shaoxing,Line 2,metro,10.8,no,yes,yes,4,yes,CAMET: FAO (2023 summary),Line 2 Jinghu Hospital - Tandu (10.8 km),,f33d41d0
2023-07-29,Qatar,Doha,Education City Tram Green Line,tram,,no,no,no,0,no,"default for the mode, not individually verified",Education City Tram Green Line Academy - Sidra,,2d0d4a09
2023-07-31,Canada,Montreal,REM,light metro,16.3,no,yes,yes,4,yes,unattended operation,REM Line A Gare Centrale – Brossard (16.3 km),,ee4628a0
2023-07-31,Taiwan,Taoyuan,Line A,airport express metro,0.8,no,yes,no,2,no,,Line A Huanbei – Laojie River (0.8 km),,89e19655
2023-08-01,India,Pune,Aqua Line,metro,5.1,no,yes,no,2,no,"default for the mode, not individually verified",Line 2 Garware College – Ruby Hall Clinic (5.1 km),,d3d45bfe
2023-08-01,India,Pune,Purple Line,metro,7.9,no,yes,no,2,no,"default for the mode, not individually verified",Line 1 Phugewadi – Civil Court (7.9 km),,664c1610
2023-08-07,Finland,Tampere,Line 3,tram,2.0,no,no,no,0,no,"default for the mode, not individually verified",Line 3 Pyynikintori – Santalahti (2 km),,cd0f58cf
2023-08-17,Russia,Moscow,MCD-3,commuter rail,,yes,no,no,1,no,"default for the mode, not individually verified",D3 (Zelenograd-Kryukovo – ) Rizhskaya – Elektrozavodskaya ( – Ippodrom),through-running service on existing mainline railways,8921ca5c
2023-08-18,Israel,Tel Aviv,Red Line,light rail,,no,no,yes,2,no,,Red Line Bat Yam (HaKomemiyut) – Kiryat Arye / Petah Tikva,,d398fef7
2023-08-26,China,Wenzhou,S2,suburban metro,63.0,no,yes,yes,2,no,"default for the mode, not individually verified",S2 Dongshan – Qingdong Road (63 km),,c0fb7a5e
2023-08-26,Japan,Utsunomiya,Utsunomiya Light Rail,tram,14.6,no,no,yes,0,no,"default for the mode, not individually verified",Utsunomiya Station East – Haga Takanezawa Industrial Park (14.6 km),,d1b240d4
2023-08-27,China,Fuzhou,Line 4,metro,24.0,no,yes,yes,4,yes,CAMET: FAO (2023 summary and 2025 table),Line 4 Fenghuangchi – Difengjiang (24 km),,4b504c7a
2023-08-27,China,Fuzhou,Line 5,metro,5.3,no,yes,no,2,no,"default for the mode, not individually verified",Line 5 Ancient Luozhou Town – Fuzhou South Station (5.3 km),,70992501
2023-08-28,China,Suzhou,T2,tram,1.8,no,no,no,0,no,"default for the mode, not individually verified",T2 Hangchuanbang – Nanjing University East (1.8 km),,165304fd
2023-08-28,Indonesia,Jakarta,Jabodebek LRT,light metro,42.0,no,yes,yes,3,yes,driverless with an attendant on board,Jabodebek LRT Dukuh Atas – Jati Mulya / Harjamukti (42 km),,b8479ed2
2023-08-30,Turkey,Istanbul,T5,tram,0.9,no,no,no,0,no,"default for the mode, not individually verified",T5 Cibali – Eminönü (0.9 km),,a1be0113
2023-09-01,Poland,Toruń,,tram,5.5,no,no,no,0,no,"default for the mode, not individually verified",Lines 3/6 Waly gen. Sikorskiego – Heweliusza (5.5 km),,6684862b
2023-09-03,Poland,Wrocław,,tram,4.6,no,no,no,0,no,"default for the mode, not individually verified",Lines 13/ 23 Park Biznesu – Wr.-Nowy Dwór P+R (4.6 km),,6722e0d7
2023-09-04,Nigeria,Lagos,Blue Line,metro,13.0,no,yes,yes,2,no,,Blue Line Marina – Mile 2 (13 km),,445a1704
2023-09-04,Poland,Kraków,,tram,3.6,no,no,no,0,no,"default for the mode, not individually verified",Lines 18/50 Krowodrza Górka – Papierni Pradnickich (3.6 km),,016b34e9
2023-09-06,Russia,Moscow,Line 8A Solntsevskaya,metro,6.2,no,yes,no,2,no,"default for the mode, not individually verified",Line 8A Rasskazovka – Aeroport Vnukovo (6.2 km),,5e81aac5
2023-09-07,Russia,Moscow,Line 10,metro,5.1,no,yes,no,2,no,"default for the mode, not individually verified",Line 10 Seligerskaya – Fiztekh (5.1 km),,cefa7cfc
2023-09-08,China,Zhengzhou,Line 3,metro,6.3,no,yes,no,2,no,"default for the mode, not individually verified",Line 3 Yinggang – Binhe Xincheng Nan (6.3 km),,bd5b0726
2023-09-09,Germany,Berlin,Line 10,tram,1.5,no,no,no,0,no,"default for the mode, not individually verified",Line 10 Hauptbahnhof – Turmstraße (1.5 km),,91b4ea67
2023-09-09,Russia,Moscow,MCD-4,commuter rail,,yes,no,no,1,no,"default for the mode, not individually verified",D4 (Aprelevka – ) Minskaya – Kurskaya ( – Zheleznodorozhnaya),through-running service on existing mainline railways,49d07a20
2023-09-14,Bolivia,Cochabamba,Mi Tren Red Line,light rail,0.9,no,no,no,1,no,,Red Line E.C. San Antonio – Estación Antigua de Cochabamba (0.9 km),,dd60726d
2023-09-15,Mexico,Mexico City,El Insurgente,commuter rail,18.2,no,yes,yes,2,no,,'El Insurgente' Lerma – Zinacantepec (18.2 km),new standalone Mexico City–Toluca commuter railway,75b6b190
2023-09-16,United States,Tacoma,,tram,3.8,no,no,no,0,no,"default for the mode, not individually verified",Theater District (> Old City Hall) – St. Joseph (3.8 km),,518f8e37
2023-09-17,India,Delhi,Orange Line,metro,2.0,no,yes,no,2,no,"default for the mode, not individually verified",Orange Line Dwarka Sector 21 – YashoBhoomi Dwarka Sector 25 (2 km),,51ce1d53
2023-09-17,United Kingdom,Birmingham,,tram,0.5,no,no,no,0,no,"default for the mode, not individually verified",The Royal – Wolverhampton Station (0.5 km),,cf9e65d1
2023-09-21,Bolivia,Cochabamba,Mi Tren Green Line,light rail,3.8,no,no,no,1,no,,Green Line Quillacollo – E.M. Vinto (3.8 km),,6077805a
2023-09-21,China,Xi'an,Line 1,metro,10.6,no,yes,no,2,no,"default for the mode, not individually verified",Line 1 Fenghesenlingongyuan – Xianyangxizhan (10.6 km),,4b60888e
2023-09-25,Chile,Santiago,Line 3,metro,3.8,no,yes,no,4,yes,unattended operation,Line 3 Los Libertadores – Plaza Quilicura (3.8 km),,adbeea3b
2023-09-26,China,Wuhan,Optics Valley Sky Rail,suspended monorail,10.0,no,yes,yes,4,yes,CAMET: FAO (2023 summary),Optics Valley Sky Rail Jiufengshan – Longquanshan (10 km),,ec4bfbd1
2023-09-28,China,Zhengzhou,Line 10,metro,21.9,no,yes,yes,2,no,"default for the mode, not individually verified",Line 10 Zhengzhou Railway Station – Zhengzhouxi Railway Station (21.9 km),,418ea4f3
2023-09-29,China,Harbin,Line 3,metro,3.3,no,yes,no,2,no,"default for the mode, not individually verified",Line 3 Taipingqiao – Chinese-baroque Block (3.3 km),,737ed91f
2023-09-29,China,Shenyang,Line 2,metro,14.2,no,yes,no,2,no,"default for the mode, not individually verified",Line 2 Quanyun Lu – Taoxian Jichang (14.2 km),,3c49abe4
2023-09-29,China,Shenyang,Line 4,metro,34.0,no,yes,yes,2,no,"default for the mode, not individually verified",Line 4 Zhengxin Lu – Chuangxin Lu (34 km),,e9a1e606
2023-10-09,India,Bengaluru,Purple Line,metro,2.0,no,yes,no,2,no,"default for the mode, not individually verified",Kengeri – Challaghatta (2 km),,47a93e7b
2023-10-09,India,Bengaluru,Purple Line,metro,2.8,no,yes,no,2,no,"default for the mode, not individually verified",Purple Line Baiyappanahalli – Krishnarajapura (2.8 km),,b7e8cc1c
2023-10-10,Iran,Tehran,Lines 6 and 7,metro,,no,yes,no,2,no,"default for the mode, not individually verified",Line 6 Shahid Sattari – Shahid Arman Aliverdi (Kouhsar) & Line 7 Shahid Dadman – Meydan-e Ketab,,4317d890
2023-10-13,Czechia,Prague,Line 4,tram,0.5,no,no,no,0,no,"default for the mode, not individually verified",Line 4/5 Holyne – Slivenec (0.5 km),,0cc92ad5
2023-10-20,France,Lyon,Line B,metro,2.4,no,yes,no,4,yes,converted to unattended operation in 2022,Ligne B Gare d’Oullins – Saint Genis-Laval Hôpital Lyon Sud (2.4 km),,916a2435
2023-10-20,India,Delhi,Namo Bharat (Delhi–Meerut RRTS),regional rail,17.0,no,yes,yes,2,no,,RapidX Sahibabad – Duhai (17 km),,bcb8882f
2023-10-21,Finland,Helsinki,Line 15 (Jokeri light rail),tram,25.0,no,no,yes,0,no,"default for the mode, not individually verified","Line 15 ""Jokeri"" Itäkeskus – Keilaniemi (25 km)",,f2a9b643
2023-10-23,Czechia,Prague,Line 20,tram,2.0,no,no,no,0,no,"default for the mode, not individually verified",Line 20/26 Divoka Sarka – Dedina (2 km),,1e3260ba
2023-10-26,China,Qingdao,Line 13,suburban metro,2.8,no,yes,no,2,no,"default for the mode, not individually verified",Line 13 Jinggangshan Road – Jialingjiang West Road (2.8 km),,3898ccbf
2023-10-28,Turkey,Kayseri,T4,tram,5.0,no,no,no,0,no,"default for the mode, not individually verified",T4 Sehit Mustafa Simsek – Izzet Bayraktar Camii (5 km),,ab76c6c0
2023-10-29,United States,Milwaukee,L,tram,0.6,no,no,no,0,no,"default for the mode, not individually verified",L Wisconsin Ave – Lakefront (0.6 km; Sun only!),,7cb519e0
2023-11-04,Canada,Edmonton,Valley Line,tram,13.0,no,no,yes,0,no,"default for the mode, not individually verified",Valley Line 102 Street – Mill Woods (13 km),,78276081
2023-11-05,Bangladesh,Dhaka,Line 6,metro,8.5,no,yes,no,2,no,,Line 6 Agargaon – Motijheel (8.5 km),,7754d15e
2023-11-06,Poland,Bydgoszcz,,tram,0.6,no,no,no,0,no,"default for the mode, not individually verified",Most Kazimierza Wielkiego – Torunska/Kazimierza Wielkiego (0.6 km),,251753c6
2023-11-15,Romania,Bucharest,M2,metro,1.6,no,yes,no,2,no,"default for the mode, not individually verified",M2 Berceni – Tudor Arghezi (1.6 km),,b6a83b66
2023-11-17,India,Navi Mumbai,Line 1,metro,11.1,no,yes,yes,2,no,"default for the mode, not individually verified",Line 1 Belapur – Pendhar (11.1 km),,4b0a42aa
2023-11-21,Thailand,Bangkok,Pink Line,monorail,34.5,no,yes,yes,4,yes,unattended operation,Pink Line Nonthaburi Civic Center – Min Buri (34.5 km),,9750e660
2023-11-22,Bolivia,Cochabamba,Mi Tren Green Line,light rail,8.9,no,no,no,1,no,,Green Line Estación Municipal Vinto - Estación Municipal Suticollo (8.9 km),,92dbbab4
2023-11-27,Chile,Santiago,Line 2,metro,5.2,no,yes,no,2,no,"default for the mode, not individually verified",Line 2 La Cisterna – Hospital El Pino (5.2 km),,84dca2af
2023-11-28,China,Chengdu,Line 19,suburban metro,43.2,no,yes,yes,2,no,CAMET: not FAO,Line 19 Jiujiang North – Tianfu Station (43.2 km),phase 2 opened before phase 1,97c362eb
2023-11-30,China,Chongqing,Line 10,metro,3.8,no,yes,no,2,no,"default for the mode, not individually verified",Line 10 Houbao – Lanhualu (3.8 km),,5cfe45eb
2023-11-30,China,Chongqing,Line 5,metro,4.7,no,yes,no,2,no,"default for the mode, not individually verified",Line 5 Dashiba – Shiqiaopu (4.7 km),,7d0e277b
2023-11-30,Iran,Tehran,Line 1 (airport branch),commuter rail,19.0,yes,no,no,1,no,"default for the mode, not individually verified",Line 1 Imam Khomeini Int'l Airport – Shahr-e Parand (19 km),,b580240e
2023-12-01,China,Wuhan,Line 5,metro,2.6,no,yes,no,4,yes,CAMET: FAO (2021 table),Line 5 Hubei Univ. of Chinese Medicine – Hongxia (2.6 km),,99ac9260
2023-12-01,Ecuador,Quito,Line 1,metro,22.6,no,yes,yes,2,no,,Line 1 El Labrador – Quitumbe (22.6 km),,29b4605e
2023-12-08,Macau,Macau,Taipa Line,light metro,3.3,no,yes,no,4,yes,unattended operation,Oceano – Barra (3.3 km),,6c9feafe
2023-12-10,France,Paris,T12,tram-train,20.0,no,no,yes,1,no,,T12 Evry – Massy-Palaiseau (20 km),,ef1ee5c3
2023-12-10,Germany,Hanover,Line 13,light rail,3.1,no,no,no,1,no,"default for the mode, not individually verified",Line 13 Wallensteinstraße – Hemmingen (3.1 km),,3038ec80
2023-12-10,Switzerland,Geneva,Line 15,tram,2.5,no,no,no,0,no,"default for the mode, not individually verified",Line 15 Palettes – ZIPLO (2.5 km),,dee9d187
2023-12-16,China,Guiyang,Line 3,metro,43.0,no,yes,yes,2,no,"default for the mode, not individually verified",Line 3 Luowan - Tongmuling (43 km),,c9242e17
2023-12-16,South Korea,Seoul,Line 1,commuter rail,17.8,yes,yes,no,1,no,,Line 1 Soyosan – Yeoncheon (17.8 km),,76183163
2023-12-17,Germany,Mannheim,Line 16,tram,1.6,no,no,no,0,no,"default for the mode, not individually verified",Line 16 Bensheimer Str. – Sullivan (1.6 km),,83a8fa92
2023-12-20,China,Zhengzhou,Line 12,metro,16.5,no,yes,yes,4,yes,CAMET: FAO (2023 summary),Line 12 Lianghu – Longzihu Dong (16.5 km),,af68521d
2023-12-21,Peru,Lima,Line 2,metro,5.0,no,yes,yes,4,yes,unattended operation,Line 2 Evitamiento – Mercado Santa Anita (5 km),,6d323e8d
2023-12-22,Poland,Katowice,Line 25,tram,0.6,no,no,no,0,no,"default for the mode, not individually verified",Line 25 Dab Huta Baildon – Katowice Dabrowski (0.6 km),,fb95eaeb
2023-12-22,Russia,Yekaterinburg,Line 1,tram,4.2,no,no,no,0,no,"default for the mode, not individually verified",Line 1 Volgogradskaya – Akademika Parina (4.2 km),,8389659b
2023-12-26,Brazil,Salvador,Line 1,metro,3.0,no,yes,no,2,no,"default for the mode, not individually verified",Line 1 Campinas – Águas Claras (3 km),,cf14f445
2023-12-26,China,Harbin,Line 3,metro,0.8,no,yes,no,2,no,"default for the mode, not individually verified",Line 3 Chinese-baroque Block – Beima Road (0.8 km),,145620a6
2023-12-26,China,Hefei,Line 2,metro,14.5,no,yes,no,2,no,"default for the mode, not individually verified",Line 2 Sanshibu – Cuozhen (14.5 km),,dc76f2a0
2023-12-26,China,Hefei,Line 3,metro,9.5,no,yes,no,2,no,"default for the mode, not individually verified",Line 3 Xingfuba – Sheng Ertong Yiyuan Xinqu (9.5 km),,6ac81f0d
2023-12-27,China,Nantong,Line 2,metro,20.9,no,yes,yes,2,no,"default for the mode, not individually verified",Line 2 Xingfu – Xianfeng (20.9 km),,d2f77b5a
2023-12-27,China,Shenzhen,Line 8,metro,8.0,no,yes,no,2,no,"default for the mode, not individually verified",Line 8 Yantian Road – Xiaomeisha (8 km),,698a857c
2023-12-28,China,Chongqing,Line 18,metro,29.0,no,yes,yes,2,no,"default for the mode, not individually verified",Line 18 Fuhualu – Tiaodengnan (29 km),,299a9372
2023-12-28,China,Guangzhou,Line 5,metro,9.8,no,yes,no,2,no,"default for the mode, not individually verified",Line 5 Wenchong – Huangpu New Port (9.8 km),,a7dffeb8
2023-12-28,China,Guangzhou,Line 7,metro,19.9,no,yes,no,2,no,CAMET: opened GoA2 in 2016; converted to FAO in December 2024,Line 7 Higher Education Mega Center South – Yanshan (19.9 km),,82c67027
2023-12-28,China,Nanjing,Line 7,metro,10.7,no,yes,no,4,yes,CAMET: FAO (2022 and 2024 tables),Line 7 Yingtiandajie – Xishanqiao (10.7 km),,55380f90
2023-12-28,China,Tianjin,Line 11,metro,13.7,no,yes,yes,2,no,"default for the mode, not individually verified",Line 11 Dongjiangdao – Dongliliujinglu (13.7 km),,9f157da1
2023-12-28,China,Zhengzhou,Zhengxu Line,suburban metro,67.1,no,yes,yes,2,no,"default for the mode, not individually verified",Zhengxu Line Chang’an Lu Bei – Xuchangdong (67.1 km),,7f5c3101
2023-12-30,China,Beijing,Line 11,metro,0.8,no,yes,no,4,yes,CAMET: FAO (2021 table),Line 11 Jin’anqiao – Moshikou (0.8 km),,d3f56e92
2023-12-30,China,Beijing,Line 16,metro,3.2,no,yes,no,2,no,"default for the mode, not individually verified",Line 16 Yushuzhuang – Wanpingcheng (3.2 km),,5133f28c
2023-12-30,China,Beijing,Line 17,metro,24.9,no,yes,no,4,yes,CAMET: FAO (2021 table),Line 17 Workers’ Stadium – Future Science City North (24.9 km),,52cb1781
2023-12-30,China,Wuhan,Line 19,metro,23.3,no,yes,yes,4,yes,CAMET: FAO (2023 summary),Line 19 West Square of Wuhan Railway Station - Xinyuexi Park (23.3 km),,57e17864
2023-12-30,Poland,Olsztyn,,tram,5.9,no,no,no,0,no,"default for the mode, not individually verified",Lines 4 & 5 Skwer Wakara – Pieczewo (5.9 km),,c03c7d65
2024-01-01,Egypt,Cairo,Line 3,metro,7.0,no,yes,no,2,no,"default for the mode, not individually verified",Line 3 Kit-Kat – Rod El Farag Corridor (7 km),,5728e1d5
2024-01-01,Taiwan,Kaohsiung,,tram,4.9,no,no,no,0,no,"default for the mode, not individually verified",Heart of Love River – Kaisyuan Park (4.9 km),,9799dd30
2024-01-08,Poland,Kraków,,tram,0.7,no,no,no,0,no,"default for the mode, not individually verified",Lines 18/50 Papierni Pradnickich – Gorka Narodowa (0.7 km),,618f9e02
2024-01-25,Latvia,Daugavpils,,tram,1.8,no,no,no,0,no,"default for the mode, not individually verified",Lines 3/5 Butlerova iela – Stropi ezers (1.8 km),,ff8153e5
2024-01-27,Turkey,İzmir,Çiğli Tram,tram,9.9,no,no,yes,0,no,"default for the mode, not individually verified",Çevre Yolu – Katip Çelebi Üniversitesi (9.9 km),,6b350915
2024-01-27,United States,Phoenix,Valley Metro Rail,light rail,2.6,no,no,no,1,no,"default for the mode, not individually verified",19th Ave/Dunlap – Metro Parkway (2.6 km),,8b6d08db
2024-01-29,Turkey,Istanbul,M11,airport express metro,3.5,no,yes,no,4,yes,unattended operation,M11 Kagithane – Gayrettepe (3.5 km),,2c96b3e7
2024-01-31,China,Wuxi,S1,suburban metro,30.4,no,yes,yes,2,no,"default for the mode, not individually verified",S1 Yanqiao – Jiangyin Bund (30.4 km),,ac124bbf
2024-02-17,Russia,Yekaterinburg,Line 9,tram,1.7,no,no,no,0,no,"default for the mode, not individually verified",Line 9 Ul. Musorskogo – Luchistaya ulitsa (1.7 km),,90172103
2024-02-24,Turkey,İzmir,M1,metro,6.3,no,yes,no,2,no,"default for the mode, not individually verified",Fahrettin Altay – Sehitlik (6.3 km),,62b428a1
2024-02-26,Brazil,Rio de Janeiro,Line 1,tram,0.4,no,no,no,0,no,"default for the mode, not individually verified",Line 1/4 Rodoviária – Terminal Intermodal Gentileza (0.4 km),,a00dd163
2024-03-04,Turkey,İzmir,M1,metro,0.7,no,yes,no,2,no,"default for the mode, not individually verified",Sehitlik – Kaymakamlik (0.7 km),,2c72dfa0
2024-03-05,Poland,Warsaw,,tram,1.8,no,no,no,0,no,"default for the mode, not individually verified",Reduta Wolska – Szpital Wolski (1.8 km),,23bb74d1
2024-03-06,India,Agra,Yellow Line,metro,,no,yes,yes,2,no,"default for the mode, not individually verified",(Yellow Line) Mankameshwar Mandir – Taj East Gate,,5818d57e
2024-03-06,India,Delhi,Namo Bharat (Delhi–Meerut RRTS),regional rail,17.0,no,yes,no,2,no,,RapidX Duhai – Modinagar North (17 km),,a04feea7
2024-03-06,India,Kochi,Line 1,metro,1.0,no,yes,no,2,no,"default for the mode, not individually verified",SN Junction – Thripunithura (1 km),,f53f2320
2024-03-06,India,Kolkata,Line 2,metro,,no,yes,no,2,no,"default for the mode, not individually verified",Line 2 Howrah Maidan – Esplanade & Line 3 Taratala – Majerhat (limited service),,4f264adf
2024-03-06,India,Kolkata,Line 6,metro,5.4,no,yes,yes,2,no,"default for the mode, not individually verified","Line 6 Kavi Subhash (New Garia) – Hemanta Mukhopadhay (Ruby) (5.4 km, limited service)",,7a532f30
2024-03-06,India,Pune,Aqua Line,metro,5.5,no,yes,no,2,no,"default for the mode, not individually verified",Line 2 Ruby Hall Clinic – Ramwadi (5.5 km),,98281431
2024-03-10,Turkey,Istanbul,M3,metro,8.4,no,yes,no,2,no,"default for the mode, not individually verified",M3 Kirazli – Bakirköy Sahil (8.4 km),,cec228f2
2024-03-11,Uzbekistan,Tashkent,Circle Line,metro,3.5,no,yes,no,2,no,"default for the mode, not individually verified",Circle Line Quruvchilar – Qipchoq (3.5 km),,a70d70f4
2024-03-16,Iran,Tehran,Line 4,metro,,no,yes,no,2,no,"default for the mode, not individually verified",Line 4 Allameh Ja'fari – Ayatollah Kashani,,fee9f2cd
2024-03-16,Turkey,Istanbul,M5,metro,6.5,no,yes,no,4,yes,unattended operation,M5 Çekmeköy – Samandira Merkez (6.5 km),,f8a3e6e6
2024-03-17,Turkey,İzmit,,tram,3.0,no,no,no,0,no,"default for the mode, not individually verified",Mehmet Ali Pasa – Sehir Hastanesi (3 km),,c09e5735
2024-03-18,Turkey,Istanbul,M9,metro,12.0,no,yes,no,4,yes,unattended operation,M9 Bahariye – Ataköy (12 km),,375efb4c
2024-03-19,Turkey,Istanbul,M11,airport express metro,8.5,no,yes,no,4,yes,unattended operation,M11 Kargo Terminali – Arnavutköy (8.5 km),,6f1e13c3
2024-03-23,Japan,Osaka,Kita-Osaka Kyuko (Namboku Line),metro,2.5,no,yes,no,2,no,"default for the mode, not individually verified",Kitakyu (Midosuji Line) Senri-Chuo – Minoh-Kayano (2.5 km),,0cd6b3f1
2024-03-28,China,Changchun,Line 6,metro,29.6,no,yes,yes,2,no,"default for the mode, not individually verified",Line 6 Shuangfeng – Changchun Movie Wonderland (29.6 km),,8396e6e2
2024-03-28,Turkey,Bursa,M1,metro,1.2,no,yes,no,2,no,"default for the mode, not individually verified",M1 Emek – Gecit/Balat (1.2 km),,f20846f3
2024-03-30,South Korea,Seoul,GTX-A,regional express rail,34.9,no,yes,yes,2,no,,GTX-A Suseo – Dongtan (34.9 km),,c99160d7
2024-03-31,China,Nanjing,Line 5,metro,12.9,no,yes,yes,2,no,"default for the mode, not individually verified",Line 5 Wenjinglu – Jiyindadao (12.9 km),,f6f759b3
2024-04-01,China,Shaoxing,Line 1,metro,4.1,no,yes,no,2,no,"default for the mode, not individually verified",Line 1 Huangjiu Town – Daqingsi (4.1 km),,758a6bf1
2024-04-05,France,Paris,T3b,tram,3.2,no,no,no,0,no,"default for the mode, not individually verified",T3b Porte d’Asnières – Porte Dauphine (3.2 km),,1a7cd8e1
2024-04-08,Qatar,Lusail,Lusail Tram,tram,,no,no,no,0,no,"default for the mode, not individually verified",Al Wessil - Rawdat Lusail & Tarfat South - Seef Lusail North,,002f532e
2024-04-25,Panama,Panama City,Line 1,metro,2.3,no,yes,no,2,no,"default for the mode, not individually verified",Line 1 San Isidro – Villa Zaita (2.3 km),,d81d8806
2024-04-26,China,Qingdao,Line 6,metro,30.5,no,yes,yes,4,yes,CAMET: FAO (2024 table),Line 6 Hengyunshan Road – Lingshan Bay (30.5 km),,8e2cf262
2024-04-27,United States,Seattle,2 Line,light rail,10.6,no,no,no,1,no,,Line 2 South Bellevue – Redmond Technology (10.6 km),,3adb018d
2024-05-01,China,Hefei,Line 4,metro,12.0,no,yes,no,2,no,"default for the mode, not individually verified",Line 4 Beiyanhu – Shaomaigang (12 km),,82867d79
2024-05-06,France,Paris,Line E,commuter rail,8.0,yes,no,no,1,no,"default for the mode, not individually verified","Line E Haussmann St-Lazare – Nanterre La Folie (8 km, shuttle service from Magenta)",,ee36167a
2024-05-14,Poland,Warsaw,Line 11,tram,2.1,no,no,no,0,no,"default for the mode, not individually verified",Line 11 Goworka – Sielce (Czerniakowska) (2.1 km),,f5df094f
2024-05-15,China,Dujiangyan,Dujiangyan M-TR Tram,tram,17.3,no,no,yes,0,no,"default for the mode, not individually verified",Bajiao Temple – Mt. Qingcheng / Zijingcheng (17.3 km),,ec7c6bd8
2024-05-15,Egypt,Cairo,Line 3,metro,7.1,no,yes,no,2,no,"default for the mode, not individually verified",Line 3 Kit-Kat – Giza University (7.1 km),,b91352be
2024-05-26,China,Guangzhou,Guangzhou–Foshan Circular Intercity (Foshan West–Dongguan West),intercity rail,,yes,yes,yes,1,no,mainline intercity,Guangdong Intercity Foshan West – Dongguan West,,ccfb5aa3
2024-06-03,Australia,Melbourne,Metro Tunnel / Pakenham line,commuter rail,1.9,yes,no,no,1,no,"default for the mode, not individually verified",Pakenham – East Pakenham (1.9 km),,35831c00
2024-06-13,France,Paris,M11,metro,5.4,no,yes,no,2,no,"default for the mode, not individually verified",M11 Mairie des Lilas – Rosny Bois-Perrier (5.4 km),,4c7b59e3
2024-06-16,United Kingdom,Blackpool,,tram,0.5,no,no,no,0,no,"default for the mode, not individually verified",North Pier – North Station (0.5 km),,19575d6a
2024-06-19,Spain,Seville,T1,tram,1.0,no,no,no,0,no,"default for the mode, not individually verified",T1 San Bernardo – Eduardo Dato (1 km),,d3f5dff1
2024-06-22,Denmark,Copenhagen,M4,metro,5.0,no,yes,no,4,yes,unattended operation,M4 København H – København Syd (5 km),,a0d8bc25
2024-06-23,Singapore,Singapore,Thomson–East Coast Line,metro,10.8,no,yes,no,4,yes,unattended operation,TEL Gardens by the Bay – Bayshore (10.8 km),,ba481f6d
2024-06-24,France,Paris,M14,metro,14.0,no,yes,no,4,yes,unattended operation,M14 Mairie de St-Ouen – St-Denis-Pleyel & Olympiades – Aéroport d'Orly (14 km),,be82d11f
2024-06-28,China,Changsha,Line 1,metro,9.9,no,yes,no,2,no,"default for the mode, not individually verified",Line 1 Kaifu District Government – Jinpenqiu (9.9 km),,25c6dc52
2024-06-28,China,Ningbo,Line 5,metro,,no,yes,no,4,yes,CAMET: FAO (2021 table),Line 5 Xingzhuang Road – Luotuo Bridge,,3ca0caf6
2024-06-28,Poland,Szczecin,Line 5,tram,0.8,no,no,no,0,no,"default for the mode, not individually verified",Line 5/7 Krzekowo – Osiedle Zawadzkiego (0.8 km),,49199691
2024-06-28,Portugal,Porto,Line D,light rail,3.1,no,no,no,1,no,"default for the mode, not individually verified",Line D Santo Ovídio – Vila d'Este (3.1 km),,b942cd13
2024-06-29,China,Suzhou,Line 6,metro,35.0,no,yes,yes,4,yes,CAMET: FAO (2024 table),Line 6 Suzhou Xinqu Railway Station – Sangtiandao (35 km),,a6d03702
2024-06-30,Taiwan,Kaohsiung,Red Line,metro,1.5,no,yes,no,2,no,,Red Line Kaohsiung Medical University Gangshan Hospital – Gangshan Railway Station (1.5 km),,0b07cc35
2024-07-01,China,Tianjin,Line 1,metro,,no,yes,no,2,no,"default for the mode, not individually verified",Line 1 Donggulu – Shuangqiaohe,,76374d06
2024-07-07,Luxembourg,Luxembourg,,tram,3.7,no,no,no,0,no,"default for the mode, not individually verified",Lycée Bouneweg – Stadion (3.7 km),,375109a3
2024-07-15,Australia,Perth,Joondalup Line,commuter rail,14.5,yes,no,no,1,no,"default for the mode, not individually verified",Joondalup Line Butler – Yanchep (14.5 km),,9a8979e3
2024-07-17,Italy,Naples,Line 6,metro,3.7,no,yes,no,2,no,"default for the mode, not individually verified",Line 6 [Mostra – ] Mergellina – Municipio (3.7 km),,3efee454
2024-07-21,Netherlands,Amsterdam,Line 25,tram,5.4,no,no,no,0,no,"default for the mode, not individually verified",Line 25 Amstelveen Westwijk – Uithoorn Centrum (5.4 km),,83bc214d
2024-07-22,Italy,Catania,Catania Metro,metro,1.3,no,yes,no,2,no,"default for the mode, not individually verified",Nesima – Monte Po (1.3 km),,8ab03408
2024-08-06,United States,Chicago,Green Line,metro,,no,yes,no,2,no,"default for the mode, not individually verified",Green Line Damen station,,27c3c4e6
2024-08-08,Vietnam,Hanoi,Line 3,metro,7.8,no,yes,yes,2,no,,Line 3 Nhon – Cau Giay (7.8 km),,4ab2249b
2024-08-10,South Korea,Seoul,Line 8,metro,12.4,no,yes,no,2,no,"default for the mode, not individually verified",Line 8 Amsa – Byeollae (12.4 km),,d6b15d7a
2024-08-12,China,Xi'an,Gaoxin SkyShuttle,people mover,17.2,no,yes,yes,4,yes,CAMET: FAO (2024 table),SkyShuttle Yuhuazhai – Hengye Dadao (17.2 km),,a14ffb5f
2024-08-12,Finland,Helsinki,Line 13,tram,4.3,no,no,no,0,no,"default for the mode, not individually verified",Line 13 Pasila (Maistraatintori) – Nihti (4.3 km),,b740b76d
2024-08-18,India,Delhi,Namo Bharat (Delhi–Meerut RRTS),regional rail,8.0,no,yes,no,2,no,,RapidX Modinagar North – Meerut South (8 km),,d32e056f
2024-08-19,Australia,Sydney,M1,metro,15.5,no,yes,no,4,yes,unattended operation,M1 Chatswood – Sydenham (15.5 km),,f0a74a4a
2024-08-23,China,Foshan,Line 3,metro,22.2,no,yes,no,2,no,"default for the mode, not individually verified",Line 3 Zhen’an – Zhongshan Park & Lianhe – Foshan University (22.2 km),,0666aa16
2024-08-30,United States,Seattle,1 Line,light rail,13.6,no,no,no,1,no,,Line 1 Northgate – Lynnwood (13.6 km),,03a4ddb8
2024-09-01,Mexico,Mexico City,El Insurgente,commuter rail,29.7,no,yes,no,2,no,,'El Insurgente' Lerma – Santa Fe (29.7 km),,86f24d85
2024-09-05,Russia,Moscow,Line 1,metro,1.9,no,yes,no,2,no,"default for the mode, not individually verified",Line 1 Novomoskovskaya (ex Kommunarka) – Potapovo (1.9 km),,760ed8d7
2024-09-07,Russia,Moscow,Line 16,metro,7.2,no,yes,yes,2,no,"default for the mode, not individually verified",Line 16 Novatorskaya – Tyutchevskaya (7.2 km),,02c06d8d
2024-09-10,China,Suzhou,Line 8,metro,35.5,no,yes,yes,4,yes,CAMET: FAO (2024 table),Line 8 Xijinqiao – Chefang (35.5 km),,d40c6e17
2024-09-17,India,Ahmedabad,Red Line,metro,15.4,no,yes,no,2,no,"default for the mode, not individually verified",Line 2 Motera – Gandhinagar Sector 1 / GIFT City (15.4 km + 5.4 km),,e18e5ff4
2024-09-23,Belgium,Brussels,Line 10,tram,4.4,no,no,no,0,no,"default for the mode, not individually verified",Line 10 Heembeek – Hôpital Militaire (4.4 km),,74e6b44a
2024-09-23,Russia,Moscow,Line 2,tram,0.8,no,no,no,0,no,"default for the mode, not individually verified",Line 2 Kostomarovskiy Most – Metro Ploschad Ilyicha (0.8 km),,9b0cbafc
2024-09-24,Morocco,Casablanca,T3,tram,14.1,no,no,yes,0,no,"default for the mode, not individually verified",T3 Gare de Casa-Port – Hay El Wahda (14.1 km),,4aa6dc68
2024-09-24,Morocco,Casablanca,T4,tram,12.5,no,no,yes,0,no,"default for the mode, not individually verified",T4 Parc de la Ligue Arabe – Mohammed Erradi (12.5 km),,916b6654
2024-09-26,China,Xi'an,Line 10,metro,34.4,no,yes,yes,4,yes,CAMET: FAO (2024 table),Line 10 Jingshangcun – Zhaohuiguangchang (34.4 km),,45b98ab7
2024-09-26,China,Xi'an,Line 5,metro,3.4,no,yes,no,2,no,"default for the mode, not individually verified",Line 5 Matengkong – Yanminghu (3.4 km),,f5ea08a5
2024-09-26,China,Xi'an,Line 6,metro,4.5,no,yes,no,2,no,"default for the mode, not individually verified",Line 6 Xi’an Int’l Medical Center – Xi’an South Railway Station (4.5 km),,c54d9145
2024-09-28,China,Tianjin,Jinjing Line,suburban metro,13.4,no,yes,yes,2,no,"default for the mode, not individually verified",Jinjing Line Jinghuadongdao – Tuanboyixueyuan,split from a combined UrbanRail entry,
2024-09-28,China,Tianjin,Line 5,metro,1.3,no,yes,no,2,no,"default for the mode, not individually verified",Line 5 Liqizhuangnan – Jinghuadongdao,,7992ba96
2024-09-29,China,Chengdu,Line S3 (Ziyang Line),metro,38.7,no,yes,yes,2,no,"default for the mode, not individually verified",Line S3 Futian – Ziyang Bei Station (38.7 km),,c081ee1f
2024-09-29,India,Pune,Purple Line,metro,3.3,no,yes,no,2,no,"default for the mode, not individually verified",Line 1 District Court – Swargate (3.3 km),,459de9d6
2024-10-01,China,Wuhan,Line 7,metro,15.1,no,yes,no,2,no,"default for the mode, not individually verified",Line 7 Hengdian – Huangpi Square (15.1 km),,b2a02a70
2024-10-07,India,Mumbai,Line 3,metro,12.7,no,yes,yes,2,no,UTO-ready but run with drivers,Line 3 Aarey JVLR – Bandra-Kurla Complex (12.7 km),,b8a80753
2024-10-12,Italy,Milan,M4,metro,7.8,no,yes,no,4,yes,unattended operation,M4 San Babila – San Cristoforo (7.8 km),,950540ef
2024-10-15,Nigeria,Lagos,Red Line,commuter rail,27.0,no,yes,yes,1,no,dedicated commuter railway,"Red Line Oyingbo – Agbado (27 km, limited service)",dedicated commuter railway alongside the Lagos–Kano corridor,3c55f3af
2024-10-18,Germany,Stuttgart,U5,light rail,0.7,no,no,no,1,no,"default for the mode, not individually verified",U5 Leinfelden Bahnhof – Leinfelden Neuer Markt (0.7 km),,21d2bf9b
2024-10-29,Poland,Warsaw,,tram,6.3,no,no,no,0,no,"default for the mode, not individually verified",Lines 14 & 16 Spacerowa – Miasteczko Wilanów (6.3 km),,50cf393c
2024-11-01,China,Guangzhou,Line 3,metro,9.6,no,yes,no,2,no,"default for the mode, not individually verified",Line 3 Panyu Square – Haibang (9.6 km),,f0456907
2024-11-01,Macau,Macau,Seac Pai Van Line,light metro,1.6,no,yes,yes,4,yes,unattended operation,Seac Pai Van Line Union Hospital – Seac Pai Van (1.6 km),,d85d2e50
2024-11-03,United States,Los Angeles,C & K Lines,metro,1.9,no,yes,no,2,no,"default for the mode, not individually verified",C & K Lines Aviation/LAX – Aviation/Century (1.9 km),,06c186e9
2024-11-07,India,Bengaluru,Green Line,metro,3.1,no,yes,no,2,no,"default for the mode, not individually verified",Green Line Nagasandra – Madavara (3.1 km),,3b849d7d
2024-11-10,Spain,Barcelona,T4,tram,1.8,no,no,no,0,no,"default for the mode, not individually verified",T4 Glòries – Verdaguer (1.8 km),,37170e0b
2024-11-16,Philippines,Manila,Line 1,light rail,6.4,no,yes,no,2,no,,Line 1 Baclaran – Dr. Santos (6.4 km),,00a91488
2024-11-18,Spain,Seville,T1,tram,0.5,no,no,no,0,no,"default for the mode, not individually verified",T1 Eduardo Dato – Luis de Morales (0.5 km),,2c7b7df5
2024-11-22,China,Jinan,Line 3,metro,12.7,no,yes,no,2,no,"default for the mode, not individually verified",Line 3 Tantou - Jinan Int'l Airport South (12.7 km),,d1a94e53
2024-11-26,China,Harbin,Line 3,metro,8.6,no,yes,no,2,no,"default for the mode, not individually verified",Line 3 Sports Park – Beima Road (8.6 km),,83c59270
2024-11-30,China,Shanghai,Line 17,metro,6.6,no,yes,no,2,no,CAMET: not FAO,Line 17 Oriental Land – Xicen (6.6 km),,e488eefa
2024-11-30,China,Zhengzhou,Line 6,metro,26.4,no,yes,no,2,no,"default for the mode, not individually verified",Line 6 Changzhuang – Qinghuafuzhong (26.4 km),,26882093
2024-11-30,Greece,Thessaloniki,Line 1,metro,9.6,no,yes,yes,4,yes,unattended operation,Line 1 New Railway Station – Nea Elvetia (9.6 km),,659da202
2024-12-01,China,Suzhou,Line 7,metro,24.3,no,yes,yes,2,no,CAMET: not FAO,Line 7 Hongzhuang – Changlou (24.3 km),,2a10f2fc
2024-12-01,Estonia,Tallinn,Line 2,tram,2.0,no,no,no,0,no,"default for the mode, not individually verified",Line 2 Suur Rannavärav (ex Linnahall) – Vanasadam – Paberi (2 km),,6461cddd
2024-12-01,Saudi Arabia,Riyadh,Blue Line,metro,36.7,no,yes,yes,4,yes,unattended operation,Blue Line SAB – Ad Dar Al Baida (36.7 km),,4b007886
2024-12-01,Saudi Arabia,Riyadh,Purple Line,metro,,no,yes,yes,4,yes,unattended operation,Purple Line KAFD – An Naseem,split from a combined UrbanRail entry,
2024-12-01,Saudi Arabia,Riyadh,Yellow Line,metro,,no,yes,yes,4,yes,unattended operation,Yellow Line KAFD – Airport T1-2,,9fbe0734
2024-12-02,Macau,Macau,Hengqin Line,light metro,2.2,no,yes,yes,4,yes,unattended operation,Hengqin Line Lótus – Hengqin (2.2 km),,781ae83c
2024-12-03,China,Xuzhou,Line 3,metro,6.6,no,yes,no,2,no,"default for the mode, not individually verified",Line 3 Xiadian – Zhenxingdadao (6.6 km),,1b816506
2024-12-03,China,Xuzhou,Line 3,metro,1.6,no,yes,no,2,no,"default for the mode, not individually verified",Gaoxinqunan – Yinshan (1.6 km),,6771dd03
2024-12-08,India,Ahmedabad,Blue Line,metro,1.3,no,yes,no,2,no,"default for the mode, not individually verified",Blue Line Thaltej – Thaltej Gam (1.3 km),,2be516d0
2024-12-09,Australia,Perth,Transperth,commuter rail,21.0,yes,no,no,1,no,"default for the mode, not individually verified",Bayswater – Ellenbrook (21 km),,a36dfa5e
2024-12-10,Singapore,Singapore,North East Line,metro,1.7,no,yes,no,4,yes,unattended operation,NEL Punggol – Punggol Coast (1.7 km),,abbe1106
2024-12-15,China,Beijing,Changping Line,metro,,no,yes,no,2,no,"default for the mode, not individually verified",Changping Line Xitucheng – Jimenqiao,,a45fce2c
2024-12-15,China,Beijing,Line 12,metro,26.8,no,yes,yes,4,yes,CAMET: FAO (2024 table),Line 12 Sijiqingqiao – Dongbabei (26.8 km),,23c5d7ba
2024-12-15,China,Beijing,Line 3,metro,14.7,no,yes,yes,4,yes,CAMET: FAO (2024 table),Line 3 Dongsi Shitiao – Dongbabei (14.7 km),,f3b76b42
2024-12-15,Saudi Arabia,Riyadh,Green Line,metro,12.6,no,yes,yes,4,yes,unattended operation,Green Line Ministry of Education – National Museum (12.6 km),,32166eb6
2024-12-15,Saudi Arabia,Riyadh,Red Line,metro,24.2,no,yes,yes,4,yes,unattended operation,Red Line King Saud University – King Fahad Stadium (24.2 km),,83743f8d
2024-12-18,China,Qingdao,Line 2,metro,,no,yes,no,2,no,"default for the mode, not individually verified",Line 2 Taishan Road – Sichuan Road,,b0d79aa9
2024-12-19,China,Chengdu,Line 27,metro,24.9,no,yes,yes,4,yes,CAMET: FAO (2024 table),Line 27 Shifo – Shuxin Road (24.9 km),,cb94f7b8
2024-12-19,China,Chengdu,Line 8,metro,7.6,no,yes,no,2,no,"default for the mode, not individually verified",Line 8 Guilong Road – Shilidian & Lianhua – Longgang (7.6 km),,4e9db565
2024-12-20,Australia,Sydney,Parramatta Light Rail L4,tram,12.0,no,no,yes,0,no,"default for the mode, not individually verified",L4 Parramatta Light Rail Westmead – Carlingford (12 km),,4eba0c50
2024-12-20,Canada,Vancouver,Canada Line,metro,,no,yes,no,4,yes,unattended operation,Canada Line Capstan station,,24880adc
2024-12-21,South Korea,Daegu,Line 1,metro,8.7,no,yes,no,2,no,"default for the mode, not individually verified",Line 1 Ansim – Hayang (8.7 km),,6e2c3721
2024-12-22,Vietnam,Ho Chi Minh City,Line 1,metro,19.7,no,yes,yes,2,no,,Ben Thanh – Suoi Tien (19.7 km),,f6794bc0
2024-12-26,China,Hefei,Line 8,metro,22.5,no,yes,yes,4,yes,CAMET: FAO (2024 table),Line 8 Yilijing – Beicheng Gaotiezhan (22.5 km),,0f1aba08
2024-12-26,China,Xi'an,Line 8,metro,50.0,no,yes,yes,4,yes,CAMET: FAO (2024 table),Line 8 Circle Line (50 km),,9c3bdfa5
2024-12-27,China,Shanghai,Airport Link Line,suburban metro,59.0,no,yes,yes,2,no,CAMET: not FAO,Airport Link Line Hongqiao Airport T2 – Pudong Airport T1&2 (59 km),,6f944651
2024-12-27,China,Wuhan,Line 11,metro,16.3,no,yes,no,2,no,"default for the mode, not individually verified",Line 11 Wuhandong Railway Station – Jiang'an Road (16.3 km),,ecb31ae5
2024-12-27,Russia,Saint Petersburg,Line 4,metro,3.6,no,yes,no,2,no,"default for the mode, not individually verified",Line 4 Spasskaya – Gornyi Institut (3.6 km),,ba282f60
2024-12-28,China,Guangzhou,Line 11,metro,44.2,no,yes,yes,4,yes,CAMET: FAO (2024 table),Line 11 Circle Line (44.2 km),,e151f41c
2024-12-28,China,Guiyang,S1,suburban metro,30.3,no,yes,yes,2,no,"default for the mode, not individually verified",S1 Wangchengpo – Zaojiaoba (30.3 km),,1817eefa
2024-12-28,China,Nanjing,Line 7,metro,,no,yes,no,4,yes,CAMET: FAO (2022 and 2024 tables),Line 7 Yingtiandajie – Mufuxilu,,dfd04742
2024-12-28,China,Shenzhen,Line 11,metro,4.4,no,yes,no,2,no,"default for the mode, not individually verified",Line 11 Gangxia North - Huaqiang South (4.4 km),,80aee140
2024-12-28,China,Shenzhen,Line 12,metro,8.2,no,yes,no,4,yes,CAMET: FAO (2022 table),Line 12 Waterlands Resort East - Songgang (8.2 km),,d30f99de
2024-12-28,China,Shenzhen,Line 13,metro,6.4,no,yes,yes,4,yes,CAMET: FAO (2024 table),Line 13 Shenzhen Bay Checkpoint - Hi-Tech Central (xx km),,3ca4a6ee
2024-12-28,China,Shenzhen,Line 3,metro,9.4,no,yes,no,2,no,"default for the mode, not individually verified",Line 3 Shuanglong - Pingdi Liulian (9.4 km),,2f8e7d39
2024-12-28,China,Shenzhen,Line 7,metro,2.5,no,yes,no,2,no,"default for the mode, not individually verified",Line 7 Xili Lake - SZU Lihu Campus (2.5 km),,dbb90276
2024-12-28,China,Tianjin,Line 11,metro,,no,yes,no,2,no,"default for the mode, not individually verified",Line 11 Dongjiangdao – Shuishanggongyuanxilu,,eeb84e54
2024-12-28,Russia,Moscow,Line 16,metro,,no,yes,no,2,no,"default for the mode, not individually verified",Line 16 Tyutchevskaya – Novomoskovskaya,,c432c10d
2024-12-28,South Korea,Seoul,GTX-A,regional express rail,,no,yes,no,2,no,,GTX-A Seoul Station – Unjeongjungang,,ff08fdd4
2024-12-29,China,Zhengzhou,Line 7,metro,26.8,no,yes,yes,2,no,CAMET: not FAO,Line 7 Dongzhao – Nangangliu (26.8 km),,991b48d2
2024-12-29,China,Zhengzhou,Line 8,metro,51.8,no,yes,yes,4,yes,CAMET: FAO (2024 table),Line 8 Tianjianhu – Lumiao (51.8 km),,b77f124d
2024-12-30,Belarus,Minsk,Line 3,metro,4.1,no,yes,no,2,no,"default for the mode, not individually verified",Line 3 Kavalskaya Slabada – Slutski Gastsinets (4.1 km),,90d6d7d6
2024-12-30,China,Shenyang,Line 3,metro,23.0,no,yes,yes,2,no,"default for the mode, not individually verified",Line 3 Lida – Nan Liguan (23 km),,ddf60b11
2025-01-01,China,Hangzhou,Line 5,metro,1.6,no,yes,no,2,no,"default for the mode, not individually verified",Line 5 Jinxing – East Nanhu (1.6 km),,e1c0fa86
2025-01-02,China,Chongqing,Bitong Line,suburban metro,37.5,no,yes,yes,2,no,CAMET: not FAO,Bitong Line Bishan – Tongliangxi (37.5 km),,9ef90d7a
2025-01-05,India,Delhi,Magenta Line,metro,2.0,no,yes,no,4,yes,opened with drivers; unattended since December 2020,Magenta Line Janakpuri West – Krishna Park Extension (2 km),,0e2df9be
2025-01-05,India,Delhi,Namo Bharat (Delhi–Meerut RRTS),regional rail,13.0,no,yes,no,2,no,,RapidX Sahibabad – New Ashok Nagar (13 km),,24b48057
2025-01-05,Saudi Arabia,Riyadh,Orange Line,metro,39.8,no,yes,yes,4,yes,unattended operation,Orange Line Jeddah Road – Khashm Al An (39.8 km),,a29676fc
2025-01-06,Qatar,Lusail,Turquoise Line,tram,0.8,no,no,no,0,no,"default for the mode, not individually verified",Turquoise Line Lusail QNB – Loop (0.8 km),,fe955888
2025-01-06,Turkey,Eskişehir,,tram,2.5,no,no,no,0,no,"default for the mode, not individually verified",Otogar – Opera (2.5 km),,4832bd90
2025-01-07,Finland,Tampere,,tram,4.6,no,no,no,0,no,"default for the mode, not individually verified",Santalahti – Pyhällönpuisto (4.6 km),,2efa317a
2025-01-10,China,Ningbo,Line 4,metro,1.7,no,yes,no,2,no,"default for the mode, not individually verified",Line 4 Cicheng – Cicheng West (1.7 km),,74c1c04b
2025-01-19,Japan,Osaka,Chuo Line,metro,3.2,no,yes,no,2,no,"default for the mode, not individually verified",Chuo Line Cosmosquare – Yumeshima (3.2 km),,e5de21d0
2025-01-25,Italy,Florence,T2,tram,1.8,no,no,no,0,no,"default for the mode, not individually verified",T2 Fortezza – San Marco-Università (1.8 km),,09f0cfe5
2025-01-27,Brazil,São Paulo,Line 9,commuter rail,1.8,yes,yes,no,1,no,,Line 9 Mendes-Vila Natal - Varginha (1.8 km),,a9174de0
2025-02-22,China,Taiyuan,Line 1,metro,28.7,no,yes,yes,4,yes,CAMET: FAO (2025 table),Line 1 Helongwan - Wusu 1hao/2hao Hangzhanlou (28.7 km),,af6e4940
2025-02-27,Israel,Jerusalem,,tram,2.0,no,no,no,0,no,"default for the mode, not individually verified",Heil Ha-Avir – Neve Ya'akov North (2.0 km),,66725f6d
2025-02-27,Israel,Jerusalem,Line 1,tram,4.9,no,no,no,0,no,"default for the mode, not individually verified",Line 1 Mount Herzl – Hadassah Ein Kerem (4.9 km),,63ce07b9
2025-03-02,Luxembourg,Luxembourg,,tram,3.9,no,no,no,0,no,"default for the mode, not individually verified",LuxExpo – Findel - Luxembourg Airport (3.9 km),,eb8b7dcc
2025-04-01,Italy,Naples,Line 1,metro,1.9,no,yes,no,2,no,"default for the mode, not individually verified",Line 1 Garibaldi – Centro Direzionale (1.9 km),,fde41165
2025-04-17,China,Ürümqi,Line 1,metro,3.9,no,yes,no,2,no,"default for the mode, not individually verified",Airport MRT International Airport – North International Airport (3.9 km),short airport branch,e7b84aaf
2025-04-21,Spain,Madrid,Line 3,metro,3.5,no,yes,no,2,no,"default for the mode, not individually verified",Line 3 Villaverde Alto – El Casar (3.5 km),,bf0aabad
2025-04-27,India,Ahmedabad,Red Line,metro,2.4,no,yes,no,2,no,"default for the mode, not individually verified",Line 2 Gandhinagar Sector 1 – Sachivalaya (2.4 km),,5a65f8a4
2025-04-28,Belgium,Liège,Liège Tramway,tram,11.0,no,no,yes,0,no,"default for the mode, not individually verified",T1 Standard – Place Coronmeuse / Liège Expo (11 km),,8a813c80
2025-05-03,Iran,Mashhad,Line 2,metro,,no,yes,no,2,no,"default for the mode, not individually verified",Line 2 Shahid Kaveh – Shahid Fakouri,,6669f583
2025-05-10,India,Mumbai,Line 3,metro,9.8,no,yes,no,2,no,UTO-ready but run with drivers,Line 3 Bandra-Kurla Complex – Acharya Atre Chowk (9.8 km),,38dee6b6
2025-05-10,United States,Seattle,2 Line,light rail,5.4,no,no,no,1,no,,Line 2 Redmond Technology – Downtown Redmond (5.4 km),,099d940d
2025-05-16,China,Ningbo,Line 4,metro,2.5,no,yes,no,2,no,"default for the mode, not individually verified",Line 4 Dongqian Lake - International Conference Center (2.5 km),,b074b5f2
2025-05-20,Thailand,Bangkok,Pink Line,monorail,2.8,no,yes,no,4,yes,unattended operation,Pink Line Mueang Thong Thani – Lake Mueang Thong Thani (2.8 km),,f9c1a9c6
2025-05-23,France,Nantes,Line 1,tram,1.4,no,no,no,0,no,"default for the mode, not individually verified",Line 1 Ranzay – Babinière (1.4 km),,356dca63
2025-05-30,India,Kanpur,Orange Line,metro,7.3,no,yes,no,2,no,"default for the mode, not individually verified",Orange Line Moti Jheel - Kanpur Central (7.3 km),,c116e51a
2025-05-31,India,Indore,Yellow Line,metro,5.9,no,yes,yes,2,no,"default for the mode, not individually verified",Yellow Line Veerangana Jhalkari Bai (Super Corridor 3) – Devi Ahilya Bai Holkar Terminal (Gandhinagar) (5.9 km),,ec359b4c
2025-06-06,United States,Los Angeles,K Line,light rail,1.9,no,no,no,1,no,,K/C Westchester/Veterans – Aviation/Century (1.9 km),,1fbffd7f
2025-06-07,United States,Phoenix,Line B,tram,7.7,no,no,no,0,no,"default for the mode, not individually verified",Line B Downtown Phoenix Hub – Baseline/Central Ave (7.7 km),,44c3d81a
2025-06-09,Australia,Perth,Transperth,commuter rail,14.5,yes,no,no,1,no,"default for the mode, not individually verified",Thornlie – Cockburn Central (14.5 km),,0ad77e28
2025-06-18,China,Tianshui,,tram,16.9,no,no,no,0,no,"default for the mode, not individually verified",Jingkunxijun Tianshui No.3 Middle School – Wulipu & Yangpo East – Tianshui Airport (16.9 km),,415d0617
2025-06-20,China,Guangzhou,Huangpu Tram Line 2,tram,4.9,no,no,yes,0,no,"default for the mode, not individually verified",Line 2 Xiangxue Subway Station – Kaiyuan Road East (4.9 km),,c69d59c0
2025-06-26,North Korea,Wonsan,Wonsan Tram,tram,10.7,no,no,yes,0,no,"default for the mode, not individually verified",Loop Line (10.7 km),,d88c38d4
2025-06-27,China,Chongqing,Line 6,metro,6.9,no,yes,no,2,no,"default for the mode, not individually verified",Line 6 Liujiaping – Chongqingdong Railway Station (6.9 km),,c0d2b13b
2025-06-28,China,Nanchang,Lines 1 and 2,metro,,no,yes,no,2,no,"default for the mode, not individually verified",Line 1 Shuanggang – Changbei Airport & Yaohu Lake West – Maqiu Line 2 Xinjia'an – Nanchang East Railway Station,,1a2a5491
2025-06-28,Poland,Warsaw,Line 19,tram,0.8,no,no,no,0,no,"default for the mode, not individually verified",Line 19 Sw. Bonifacego – Stegny (0.8 km),,21df88a7
2025-06-28,South Korea,Incheon,Line 1,metro,,no,yes,no,2,no,"default for the mode, not individually verified",Line 1 Gyeyang – Geomdan Lake Park,,40c9f251
2025-06-29,China,Guangzhou,Line 10,metro,17.2,no,yes,yes,4,yes,CAMET: FAO (2025 table),Line 10 Xilang – Yangji East,,5028410c
2025-06-29,China,Guangzhou,Line 12,metro,28.8,no,yes,yes,4,yes,CAMET: FAO (2025 table),Line 12 Xunfenggang – Guangzhou Gymnasium (west and east sections),split from a combined UrbanRail entry,
2025-06-30,China,Ningbo,Line 8,metro,23.3,no,yes,yes,4,yes,CAMET: FAO (2025 table),Line 8 Kaiyuan Road – Hansong Road (23.3 km),,26d68db8
2025-06-30,China,Shaoxing,Line 1,metro,3.2,no,yes,no,2,no,"default for the mode, not individually verified",Line 1 Daqingsi – Exhibition and Convention Center (3.2 km),,102d6f42
2025-06-30,China,Shenyang,Line 1,metro,,no,yes,no,2,no,"default for the mode, not individually verified",Line 1 Limingguangchang – Shuangma,,abfc11a1
2025-07-03,Spain,Palma,M1,metro,1.4,no,yes,no,2,no,"default for the mode, not individually verified",M1 UIB – ParcBit (1.4 km),,5640aad6
2025-07-08,China,Tianjin,Line 4,metro,19.9,no,yes,no,2,no,"default for the mode, not individually verified",Line 4 Xiaojie – Xizhan (19.9 km),,9aa37038
2025-07-27,Slovakia,Bratislava,Line 3,tram,3.9,no,no,no,0,no,"default for the mode, not individually verified",Line 3 Jungmannova – Juzne mesto (3.9 km),,e0abad8c
2025-08-03,Japan,Hiroshima,,tram,1.1,no,no,no,0,no,"default for the mode, not individually verified",Hijiyama-shita – Hiroshima Station (1.1 km),,de65a404
2025-08-06,China,Nanjing,Line 5,metro,24.0,no,yes,no,2,no,"default for the mode, not individually verified",Line 5 Wenjinglu – Fangjiaying (24 km),,010d9d0d
2025-08-10,India,Bengaluru,Yellow Line,metro,18.8,no,yes,yes,2,no,UTO-ready but run with drivers,Yellow Line Rashtreeya Vidyalaya Road – Delta Electronics Bommasandra (18.8 km),,3d55c381
2025-08-22,India,Kolkata,Yellow Line,metro,,no,yes,yes,2,no,"default for the mode, not individually verified",YL Noapara – Jai Hind Bimanbandar (Green and Orange lines extended the same day),split from a combined UrbanRail entry,5e9b71c0
2025-08-22,Turkey,İzmit,,tram,1.4,no,no,no,0,no,"default for the mode, not individually verified",Otogar – Sabanci MTAL (1.4 km),,f0d20cef
2025-08-29,China,Ningbo,Line 7,metro,39.4,no,yes,yes,4,yes,CAMET: FAO (2025 table),Line 7 Yufan – Yunlong (39.4 km),,0f23d023
2025-09-01,Austria,Vienna,Line 12,tram,2.0,no,no,no,0,no,"default for the mode, not individually verified",Line 12 Rebhanngasse – Hillerstraße (2 km),,afab0955
2025-09-05,Russia,Novosibirsk,Leninskaya Line,metro,,no,yes,no,2,no,"default for the mode, not individually verified",Leninskaya Sportivnaya station,,b3a0bacd
2025-09-06,Iran,Karaj,Line 2,metro,6.5,no,yes,no,2,no,"default for the mode, not individually verified",Line 2 Ayatallah Taleqani – Shahid Soltani (Karaj) (6.5 km),,c30d812e
2025-09-10,Russia,Moscow,Line 90,tram,1.6,no,no,no,0,no,"default for the mode, not individually verified",Line 90 <M> Chistye Prudy – <M> Komsomolskaya (1.6 km),,c2ac8518
2025-09-13,Russia,Moscow,Line 16,metro,9.7,no,yes,no,2,no,"default for the mode, not individually verified",Line 16 Novatorskaya – ZIL (9.7 km),,dac32845
2025-09-17,Bolivia,Cochabamba,,tram,3.0,no,no,no,0,no,"default for the mode, not individually verified",Linea Amarilla Aeropuerto – Maica (3 km),,b35df298
2025-09-17,China,Chengdu,Line 10,metro,5.9,no,yes,no,2,no,"default for the mode, not individually verified",Line 10 Taipingyuan – Wuhou Shrine (5.9 km),,b12e2279
2025-09-17,China,Chengdu,Line 17,metro,24.8,no,yes,no,2,no,"default for the mode, not individually verified",Line 17 Jitouqiao – Gaohong (24.8 km),,f3351ffc
2025-09-19,United States,Los Angeles,Line A,metro,14.7,no,yes,no,2,no,"default for the mode, not individually verified",Line A APU/Citrus College – Pomona North (14.7 km),,6da14cb9
2025-09-26,China,Nanning,Line 4,metro,4.5,no,yes,no,2,no,"default for the mode, not individually verified",Line 4 Lengtangcun – Longgang (4.5 km),,8bb9c69a
2025-09-26,China,Tianshui,Line 1,tram,,no,no,no,0,no,"default for the mode, not individually verified",Line 1 Tianshui Airport - Fenlukou,,11d67018
2025-09-28,China,Changchun,Line 2,metro,10.6,no,yes,no,2,no,"default for the mode, not individually verified",Line 2 Dongfang Square – Wukaihe Dajie (10.6 km),,9244864e
2025-09-28,China,Shenzhen,Line 16,metro,9.5,no,yes,no,4,yes,CAMET: FAO (2022 table),Line 16 Universiade – Yuanshanxikeng (9.5 km),,353d80a9
2025-09-28,China,Shenzhen,Line 6 Branch,metro,5.0,no,yes,no,4,yes,CAMET: FAO (2022 table),Line 6B Guangming – Guangmingcheng (5 km),,de94b77c
2025-09-28,China,Tianjin,Line 7,metro,21.8,no,yes,yes,2,no,"default for the mode, not individually verified",Line 7 Gulou – Saidalu (21.8 km),,40274da9
2025-09-28,China,Xuzhou,Line 6,metro,22.9,no,yes,yes,4,yes,CAMET: FAO (2025 table),Line 6 Xuzhou Tongshan District Hospital of TCM – Xuzhoudong Railway Station (22.9 km),,ded20a9b
2025-09-29,China,Fuzhou,Binhai Express,suburban metro,61.5,no,yes,yes,2,no,CAMET: not FAO,Binhai Express Fuzhou Railway Station – Wenling (61.5 km),,79d47254
2025-09-29,China,Guangzhou,Guangzhou East Ring Intercity,intercity rail,,yes,yes,yes,1,no,mainline intercity,Guangdong Intercity Baiyun Airport North – Panyu / Guangzhoulianhuashan,,c792df48
2025-09-29,China,Guangzhou,Lines 13 and 14,metro,,no,yes,no,2,no,"default for the mode, not individually verified",Line 13 Yuzhu – Tianhe Park & Line 14 Jiahewanggang – Lejia Road,,a8e581ee
2025-10-06,Austria,Vienna,Line 27,tram,2.1,no,no,no,0,no,"default for the mode, not individually verified",Line 27 Prinzgasse – Aspern Nord (2.1 km),,7a60bfc2
2025-10-06,India,Patna,Blue Line,metro,3.1,no,yes,yes,2,no,"default for the mode, not individually verified",Blue Line Bhootnath – New ISBT (3.1 km),,c6643dff
2025-10-09,India,Mumbai,Line 3,metro,11.0,no,yes,no,2,no,UTO-ready but run with drivers,Line 3 Acharya Atre Chowk – Cuffe Parade (11 km),,5f2d577a
2025-10-13,Australia,Perth,Transperth,commuter rail,6.9,yes,no,no,1,no,"default for the mode, not individually verified",(Beckenham – ) Armadale – Byford (6.9 km),,4cb8e07a
2025-10-14,Turkey,İzmit,,tram,2.6,no,no,no,0,no,"default for the mode, not individually verified",Sabanci MTAL – Kocaeli Stadyum (2.6 km),,718909cd
2025-10-16,Italy,Milan,Line 7,tram,1.4,no,no,no,0,no,"default for the mode, not individually verified",Line 7 Parmenide – Quartiere Adriano (Adriano/Vipiteno) (1.4 km),,d17f6dbe
2025-10-16,United States,Honolulu,Skyline,metro,8.5,no,yes,no,4,yes,unattended operation,Halawa – Kahauiki (8.5 km),,4d25e76e
2025-10-18,France,Montpellier,T1,tram,1.1,no,no,no,0,no,"default for the mode, not individually verified",T1 Odysséum – Gare Sud de France (1.1 km),,e6cf547a
2025-10-24,United States,Kansas City,,tram,5.5,no,no,no,0,no,"default for the mode, not individually verified",Union Station – UMKC (5.5 km),,06c7ce1e
2025-10-26,Denmark,Copenhagen,Hovedstadens Letbane,light rail,13.1,no,no,yes,1,no,,Letbane Ishøj – Rødovre Nord (13.1 km),,1061357a
2025-11-01,China,Shanghai,Line 2,metro,1.7,no,yes,no,2,no,"default for the mode, not individually verified",Line 2 National Exhibition and Convention Center – Panxiang Road (1.7 km),,e0e32cb7
2025-11-10,Italy,Naples,Line 7,commuter rail,,yes,no,no,1,no,"default for the mode, not individually verified",Line 7 Soccavo – Monte Sant’Angelo,,92904a36
2025-11-15,France,Strasbourg,Line F,tram,4.0,no,no,no,0,no,"default for the mode, not individually verified",Line F Comtes – Wolfisheim Henri Rendu (4 km),,f1867113
2025-11-17,Canada,Montreal,REM,light metro,29.7,no,yes,no,4,yes,unattended operation,REM A4 Gare Centrale – Deux-Montagnes (29.7 km),,66da5f75
2025-11-28,China,Dongguan,Line 1,metro,57.5,no,yes,yes,4,yes,CAMET: FAO (2025 table),Line 1 Dongguanxi Railway Station – Meitang (57.5 km),,082f06c4
2025-11-29,Austria,Graz,,tram,1.1,no,no,no,0,no,"default for the mode, not individually verified",Lines 16/17 Roseggerhaus – Jakominiplatz (1.1 km),,10f933a9
2025-11-30,Australia,Melbourne,Metro Tunnel / Pakenham line,commuter rail,9.0,yes,no,no,1,no,"default for the mode, not individually verified",Metro tunnel South Kensington – Hawksburn (9 km - limited service until 01 Feb 2026),,474b50f0
2025-12-01,Brazil,Santos,,tram,4.3,no,no,no,0,no,"default for the mode, not individually verified",Conselheiro Nébias – Valongo (4.3 km - limited service),,af4d6de4
2025-12-06,China,Jinan,Jinan SkyShuttle Line 1,people mover,30.7,no,yes,yes,4,yes,CAMET: FAO (2025 table),SkyShuttle Line 1 Pengjiazhuang – Shandong Polytechnic – Pengjiazhuang (30.7 km),,9cd10869
2025-12-06,United States,Seattle,1 Line,light rail,12.5,no,no,no,1,no,,Line 1 Angle Lake – Federal Way Downtown (12.5 km),,e9be5137
2025-12-07,Canada,Toronto,Line 6 Finch West,light rail,10.3,no,no,yes,1,no,,Line 6 Finch West – Humber Collage (10.3 km),,5b509947
2025-12-08,United States,Buffalo,Metro Rail,light rail,0.7,no,no,no,1,no,"default for the mode, not individually verified",Canalside – DL&W (0.7 km),,83662fd3
2025-12-10,China,Fuzhou,Line 4,metro,4.0,no,yes,no,4,yes,CAMET: FAO (2023 summary and 2025 table),Line 4 Fenghuangchi — Banzhou (4 km),,564fab5b
2025-12-14,Sweden,Gothenburg,,tram,2.2,no,no,no,0,no,"default for the mode, not individually verified",Lines 10/12 Frihamnen – Lindholmen (2.2 km),,fd3452e8
2025-12-15,Mexico,Guadalajara,Line 4,light rail,21.7,no,no,yes,1,no,,Line 4 Las Juntas Tlajomulco Centro (21.7 km),,c8651bd4
2025-12-16,China,Chengdu,Line 13,metro,29.1,no,yes,yes,4,yes,CAMET: FAO (2025 table),Line 13 Wayaotan — Long’an (29.1 km),,c00d670c
2025-12-16,China,Chengdu,Line 30,metro,28.0,no,yes,yes,4,yes,CAMET: FAO (2025 table),Line 30 East of T2 of Shuangliu Int’l Airport — Longquanyi Railway Station South (28 km),,1bed3e97
2025-12-16,Italy,Rome,Line C,metro,2.4,no,yes,no,4,yes,unattended operation,Line C San Giovanni – Colosseo (2.4 km),,bb30167b
2025-12-19,China,Nanjing,Line 10,metro,13.3,no,yes,no,2,no,"default for the mode, not individually verified",Line 10 Andemen — Dongqilu (13.3 km),,338bd6dd
2025-12-19,China,Nanjing,Line 3,metro,3.3,no,yes,no,2,no,"default for the mode, not individually verified",Line 3 Mozhoudonglu — Moling (3.3 km),,619868d1
2025-12-20,France,Montpellier,Montpellier Tramway T5,tram,,no,no,yes,0,no,"default for the mode, not individually verified",T5 Clapiers – Saint-Éloi - Docteur Pezet & Gambetta - Saint-Denis – Grés de Montpellier (4.4+6.3 km),,b2e35de4
2025-12-21,India,Bhopal,Orange Line,metro,7.5,no,yes,yes,2,no,"default for the mode, not individually verified",Orange Line Subash Nagar — AIIMS (7.5 km),,d1083562
2025-12-22,Poland,Warsaw,Line 19,tram,0.9,no,no,no,0,no,"default for the mode, not individually verified",Line 19 Goworka — Pole Mokotowskie (0.9 km),,106905a4
2025-12-24,Russia,Saint Petersburg,Line 2,tram,4.7,no,no,no,0,no,"default for the mode, not individually verified",Line 2 Metro Kupchino ( Balkanskiy) — Valdayskaya ulitsa (4.7 km),,12559c6a
2025-12-26,China,Hefei,Line 6,metro,34.4,no,yes,yes,4,yes,CAMET: FAO (2025 table),Line 6 (Qinglonggang – ) Beiyanhu – Longtang (34.4 km),,027b6770
2025-12-26,Russia,Saint Petersburg,Line 6,metro,,no,yes,yes,2,no,"default for the mode, not individually verified",Line 6 Putilovskaya — Yugo-Zapadnaya,,446edfe5
2025-12-27,China,Beijing,Line 17,metro,8.2,no,yes,no,4,yes,CAMET: FAO (2021 table),Line 17 Workers' Stadium – Shilihe (8.2 km),,5b3517d5
2025-12-27,China,Beijing,Line 18,metro,19.8,no,yes,yes,2,no,"default for the mode, not individually verified",Line 18 Malianwa – Tiantongyuandong (19.8 km),,2197fa80
2025-12-27,China,Beijing,Line 6,metro,2.1,no,yes,no,2,no,"default for the mode, not individually verified",Line 6 Lucheng – Luyang (2.1 km),,954365b9
2025-12-27,China,Jinan,Line 4,metro,40.3,no,yes,yes,4,yes,CAMET: FAO (2025 table),Line 4 Shandong First Medical University – Pengjiazhuang (40.3 km),,3bf0da91
2025-12-27,China,Jinan,Line 6,metro,19.5,no,yes,yes,4,yes,CAMET: FAO (2025 table),Line 6 Shandong University – Liangwang (19.5 km),,8f23e0bc
2025-12-27,China,Jinan,Line 8,metro,25.3,no,yes,yes,4,yes,CAMET: FAO (2025 table),Line 8 Xingcun Lijiaoqiao East – Qingyuan Dajie (25.3 km),,4cb7f513
2025-12-27,China,Shanghai,Line 18,metro,8.0,no,yes,no,4,yes,CAMET: FAO (2021 and 2025 tables),Line 18 South Changjiang Road - Kangwen Road (8 km),,19e0efe3
2025-12-28,China,Shenzhen,Lines 13 and 8,metro,,no,yes,no,2,no,"default for the mode, not individually verified",Line 13 Hi-Tech Central — Shangwu & Line 8 Xiaomeisha — Xichong,,e71d7dca
2025-12-28,China,Shenzhen,Lines 5 and 11,metro,,no,yes,no,2,no,"default for the mode, not individually verified",Line 5 Huangbeiling — Grand Theater & Line 11 Huaqiang South — Hongling South,,4e0ad476
2025-12-29,China,Guangzhou,Line 22,suburban metro,11.5,no,yes,no,4,yes,CAMET: FAO (2022 and 2025 tables),Line 22 Chentougang – Fangcun (11.5 km),,0101fbe0
2025-12-29,China,Xi'an,Line 15,metro,19.5,no,yes,yes,4,yes,CAMET: FAO (2025 table),Line 15 Xiliu – Dongzhaoyu (19.5 km),,dad14cfb
2025-12-30,China,Jinan,Jiyang Tram,tram,36.1,no,no,yes,0,no,,Jiyang Line Jinan North Railway Station – Jiyang North (36.1 km),,bff764b6
2026-01-07,France,Marseille,,tram,4.4,no,no,no,0,no,"default for the mode, not individually verified",Castellane – La Gaye (4.4 km),,e4200f27
2026-01-07,France,Marseille,T3,tram,1.6,no,no,no,0,no,"default for the mode, not individually verified",T3 Arenc – Capitaine Gèze (1.6 km),,ee0a3260
2026-01-11,India,Ahmedabad,Red Line,metro,5.4,no,yes,no,2,no,"default for the mode, not individually verified",Line 2 Sachivalaya – Mahatma Mandir (5.4 km),,c4f4f30c
2026-01-16,China,Ningbo,Line 6,metro,35.1,no,yes,yes,4,yes,CAMET: FAO (2026 H1 table),Line 6 Gulin – Honglian (35.1 km),,ff8fd639
2026-01-18,China,Tianjin,Line Z4,metro,23.7,no,yes,yes,2,no,"default for the mode, not individually verified",Line Z4 Beitang – Zhaishang (23.7 km),,5c720c49
2026-01-28,China,Guangzhou,Guangzhou–Qingyuan Intercity,intercity rail,,yes,yes,no,1,no,mainline intercity,Guangzhou-Qingyuan Intercity Huadu – Guangzhoubaiyun,,65759d82
2026-02-02,Mexico,Mexico City,El Insurgente,commuter rail,8.5,no,yes,no,2,no,,El Insurgente Santa Fe — Observatorio (8.5 km),,60713e44
2026-02-08,Canada,Toronto,Line 5,light rail,19.0,no,no,yes,1,no,,Line 5 Mount Dennis – Kennedy (19 km),,87eb4dd6
2026-02-09,Brazil,Belo Horizonte,Line 1,metro,1.5,no,yes,no,2,no,"default for the mode, not individually verified",Line 1 Eldorado — Novo Eldorado (1.5 km),,acb1977d
2026-02-10,China,Chongqing,Line 4,metro,10.0,no,yes,no,2,no,"default for the mode, not individually verified",Line 4 Min’andadao — Shimahelijiao (~10 km),,e6c6836b
2026-02-14,France,Brest,Line B,tram,5.1,no,no,yes,0,no,"default for the mode, not individually verified",Line B Gares – Hôpital Cavale (5.1 km),,6c5ec0d0
2026-02-14,France,Lyon,T6,tram,5.4,no,no,no,0,no,"default for the mode, not individually verified",T6 Hôpitaux Est-Pinel – La Doua (5.4 km),,d210ff5a
2026-02-22,India,Delhi,Meerut Metro,commuter rail,23.6,yes,no,yes,2,no,,Meerut Metro Meerut South – Modipuram (23.6 km),runs on the Namo Bharat RRTS tracks,929fa394
2026-02-22,India,Delhi,Namo Bharat (Delhi–Meerut RRTS),regional rail,5.3,no,yes,no,2,no,,New Ashok Nagar – Sarai Kale Khan (5.3 km),,136f1bfa
2026-02-25,Dominican Republic,Santo Domingo,Line 2,metro,6.5,no,yes,no,2,no,"default for the mode, not individually verified",Line 2 María Montez — Pablo Adón Guzmán (6.5 km),,2a5023e8
2026-02-27,Germany,Munich,Line 14,tram,1.5,no,no,no,0,no,"default for the mode, not individually verified",Line 14 Fürstenrieder Straße — Ammerseestraße (1.5 km),,d3bb2665
2026-03-08,India,Delhi,Magenta Line,metro,9.5,no,yes,no,4,yes,opened with drivers; unattended since December 2020,Magenta Line Majlis Park – Deepali Chowk (9.5 km),,b995b772
2026-03-08,India,Delhi,Pink Line,metro,12.3,no,yes,no,4,yes,opened with drivers; unattended since November 2021,Pink Line Majlis Park – Maujpur-Babarpur (12.3 km),,10ce54d8
2026-03-14,India,Chennai,MRTS,commuter rail,4.5,yes,no,no,1,no,"default for the mode, not individually verified",MRTS Velachery — St Thomas Mount (4.5 km),,e11a6f46
2026-03-20,Egypt,Cairo,East Nile Monorail,monorail,56.5,no,yes,yes,4,yes,unattended operation,East Nile Monorail Cairo Stadium — New Capital (56.5 km - regular service since 6 May 2026),,8f78f972
2026-03-28,Germany,Berlin,S15,commuter rail,2.2,yes,no,no,1,no,"default for the mode, not individually verified",S15 Wedding – Hauptbahnhof (2.2 km),,a5062a73
2026-03-28,United States,Seattle,2 Line,light rail,12.8,no,no,no,1,no,,Line 2 International District/Chinatown — South Bellvue (12.8 km),,2f60aef6
2026-03-31,Brazil,São Paulo,Line 17,monorail,6.0,no,yes,yes,4,yes,unattended operation,Line 17 Morumbi — Aeroporto de Congonhas (6 km; limited service),,8b2fb83f
2026-04-05,United Kingdom,Birmingham,,tram,0.5,no,no,no,0,no,"default for the mode, not individually verified",Bull St/Corporation St — Millennium Point (0.5 km),,f3a578ea
2026-04-08,India,Mumbai,Line 2B,metro,5.4,no,yes,no,2,no,"default for the mode, not individually verified",Line 2B Diamond Garden — Mandale (5.4 km),,ea398fee
2026-04-08,India,Mumbai,Line 9,metro,3.6,no,yes,no,2,no,"default for the mode, not individually verified",Line 9 Dahisar East — Kashigaon (3.6 km),,87b7e23f
2026-04-18,Czechia,Prague,,tram,0.5,no,no,no,0,no,"default for the mode, not individually verified",Lihovar — Dvorce/Kublov (0.5 km),,437d8ade
2026-04-22,China,Nanjing,S2,suburban metro,54.2,no,yes,yes,2,no,"default for the mode, not individually verified",S2 Xishanqiao — Taibai (54.2 km),,db797a9e
2026-04-26,China,Jinhua,Jinyi Line,suburban metro,3.6,no,yes,no,2,no,"default for the mode, not individually verified",Lingyun — Yiwu Railway Station (3.6 km),,77378f52
2026-05-01,China,Wuhan,Line 12,metro,35.3,no,yes,yes,4,yes,CAMET: FAO (2026 H1 table),Line 12 Gangduhuayuan — Moshuihu Park (35.3 km),,7793730c
2026-05-08,United States,Los Angeles,Line D,metro,6.2,no,yes,no,2,no,"default for the mode, not individually verified",Line D Wilshire/Western — Wilshire/La Cienega (6.2 km),,bee5e73d
2026-05-16,Kazakhstan,Astana,Astana LRT,light rail,21.3,no,yes,yes,2,no,,Nurly Zhol — Airport (21.3 km),,bcd10fd3
2026-05-18,Canada,Montreal,REM,light metro,8.6,no,yes,no,4,yes,unattended operation,REM Bois Franc – Anse à l'Orme (8.6 km),,50940344
2026-05-18,United States,Kansas City,,tram,1.2,no,no,no,0,no,"default for the mode, not individually verified",River Market North — Riverfront (1.2 km),,a4ef64e2
2026-05-22,Turkey,Istanbul,M5,metro,4.4,no,yes,no,4,yes,unattended operation,M5 Samandira Merkez — Sultanbeyli (4.4 km),,53679bba
2026-06-01,Latvia,Riga,Line 7,tram,1.8,no,no,no,0,no,"default for the mode, not individually verified",Line 7/14 Eglaines iela/Dole (ex Kengarags) — Kengarags (1.8 km),,dd60dabf
2026-06-15,Germany,Berlin,S15,commuter rail,2.1,yes,no,no,1,no,"default for the mode, not individually verified",S15 Wedding — Hauptbahnhof (2.1 km),,3842e14a
2026-06-18,China,Foshan,Line 3,metro,4.0,no,yes,no,2,no,"default for the mode, not individually verified",Line 3 Lianhe — Zhongshan Park (4 km),,781ac263
2026-06-19,Turkey,Istanbul,M11,airport express metro,21.7,yes,no,no,4,yes,unattended operation,M11 Arnavutköy Hastane — Halkali (21.7 km),,a2c8bef7
2026-06-28,China,Shenzhen,Line 13,metro,19.3,no,yes,no,4,yes,CAMET: FAO (2024 table),Line 13 Shangwu — Lisonglang (19.3 km),,046bc07b
2026-06-29,Malaysia,Kuala Lumpur,Shah Alam Line (Line 11),light metro,37.8,no,yes,yes,4,yes,unattended operation,Line 11 Bandar Utama — Johan Setia (37.8 km),,146d6a35
2026-06-30,Brazil,São Paulo,Line 17,monorail,0.5,no,yes,no,4,yes,unattended operation,Line 17 Brooklin Paulista — Washington Luís (0.5 km; limited service),,a8c52d1b
2026-06-30,China,Shenyang,Line 3,metro,14.0,no,yes,no,2,no,"default for the mode, not individually verified",Line 3 Nan Liguan — Fangjialan (14 km),,e54ba281
2026-06-30,China,Xi'an,Line 5,metro,1.8,no,yes,no,2,no,"default for the mode, not individually verified",Line 5 Yanminghu — Xi'andongzhan (1.8 km),,90cd60c8
2026-06-30,Taiwan,Taipei,Sanying Line,metro,13.8,no,yes,yes,4,yes,driverless medium-capacity line,Sanying Line Yingtao Fude — Dingpu (13.8 km),,791f5769
2026-07-01,China,Hefei,Line 7,metro,,no,yes,yes,4,yes,news reports at opening: GoA4 fully automatic operation,Line 7 Feicui Gongyuan — Sheng Wenhuahefeiyiguan,,90483b89
2026-07-02,Brazil,São Paulo,Line 6,metro,,no,yes,yes,4,yes,designed for unattended operation,Line 6 João Paulo I — Perdizes,,4a398525
2026-07-02,India,Patna,Blue Line,metro,,no,yes,no,2,no,"default for the mode, not individually verified",BL Bhootnath — Malahi Pakri,,c538e186
2026-07-03,Brazil,Belo Horizonte,Linha 2,metro,,no,yes,yes,2,no,"default for the mode, not individually verified",Linha 2 Nova Suíça — Amazonas  (limited service),,5e574c66
2026-07-12,Singapore,Singapore,Circle Line,metro,,no,yes,no,4,yes,unattended operation,Circle Line Harbour Front — Marina Bay,,4cd279e4
2026-07-18,Spain,San Sebastián,Euskotren Metro Donostialdea,commuter rail,2.1,yes,no,no,1,no,"default for the mode, not individually verified",Altza — Galtzaraborda (2.1 km),,2af88c45
2026-07-31,China,Guangzhou,Guangzhou–Shenzhen Intercity,intercity rail,48.2,yes,yes,no,1,no,mainline intercity,Guangzhou-Shenzhen Intercity Zhuliao – Xintang South (48.2 km),,4be7dadc
2026-08-09,Australia,Gold Coast,,tram,6.8,no,no,no,0,no,"default for the mode, not individually verified",Broadbeach South — Burleigh Heads (6.8 km),,2234ac5f
2026-08-10,Germany,Mainz,,tram,0.3,no,no,no,0,no,"default for the mode, not individually verified",Hauptbahnhof West — Münsterplatz (0.3 km),,85fc36f7
2026-08-13,India,Mumbai,Line 2B,metro,1.0,no,yes,no,2,no,"default for the mode, not individually verified",Line 2B Diamond Garden – Chembur (1 km),,b8a36dd6
2026-08-14,Bulgaria,Sofia,M3,metro,3.2,no,yes,no,2,no,,M3 Hadzhi Dimitar — Gen. Vladimir Vazov (3.2 km),,0cdb4254
2026-08-21,Israel,Jerusalem,Line 3,tram,7.0,no,no,no,0,no,"default for the mode, not individually verified",L3 HaTurim — Malha Menachat (7 km),,d0c60764
2026-08-22,Denmark,Copenhagen,,tram,13.9,no,no,no,0,no,"default for the mode, not individually verified",Letbane Rødovre Nord — Lundtofte (13.9 km),,9052e41c
2026-08-26,China,Changchun,Line 7,metro,23.2,no,yes,yes,2,no,no fully automatic operation reported at opening; not yet in a CAMET table,Line 7 Qiche Gongyuan — Donghuanchenglu (23.2 km),,dc0da961
2026-08-27,Greece,Thessaloniki,Line 2,metro,4.8,no,yes,yes,4,yes,unattended operation,L2 25 Martiou — Micra (4.8 km),"Kalamaria branch, run as a separate line sharing the Line 1 trunk",9a257bad
2026-08-30,Brazil,Salvador,,tram,0.7,no,no,no,0,no,"default for the mode, not individually verified",Calçada — São Joaquim (0.7 km),,854377b8
2026-08-30,Taiwan,Taipei,Red Line,metro,1.4,no,yes,no,2,no,,Red Line Xiangshan — Guangci/Fengtian Temple (1.4 km),,f9444c94
2026-08-31,Netherlands,Amsterdam,Line 26,tram,1.6,no,no,no,0,no,"default for the mode, not individually verified",[26] Theo van Goghpark (ex IJburg) — IJburg Franz Kafkastraat (1.6 km),,faef3529
2026-09-04,China,Changsha,Line 2,metro,11.0,no,yes,no,2,no,"default for the mode, not individually verified",[2] West Meixi Lake — Longhuling (11 km),,dd1b7e85
2026-09-04,Germany,Düsseldorf,U80,light rail,1.8,no,no,no,1,no,"default for the mode, not individually verified",[U80/81] Freiligrathplatz — Flughafen Terminal (1.8 km),,3a06efb7
2026-09-05,Austria,Vienna,Line 18,tram,2.2,no,no,no,0,no,"default for the mode, not individually verified",[18] Schlachthausgasse — Stadion U/Handelskai (2.2 km),,63bf74e8
2026-09-05,Russia,Moscow,Line 17 (Rublyovo-Arkhangelskaya),metro,5.2,no,yes,yes,2,no,"default for the mode, not individually verified",[17] (Delovoy Tsentr — ) Shelepikha — Bul. Generala Karbysheva (~5.2 km),,4f5db9de
2026-09-06,India,Indore,Yellow Line,metro,11.2,no,yes,no,2,no,"default for the mode, not individually verified",Yellow Line Veerangana Jhalkari Bai — Malviya Nagar Chowraha (Radisson Sq) (11.2 km),,df9a2b02
2026-09-09,Turkey,Konya,Line 2,tram,1.4,no,no,no,0,no,"default for the mode, not individually verified",[2] Adliye — Sehir Hastanesi (1.4 km),,1cfd5236
2026-09-13,New Zealand,Auckland,City Rail Link,commuter rail,3.5,yes,no,no,1,no,"default for the mode, not individually verified",City Rail Link Waitemata — Maungawhau (3.5 km),new mainline tunnel,074e3a6d
2026-09-15,Turkey,İzmit,,tram,1.4,no,no,no,0,no,"default for the mode, not individually verified",Kocaeli Stadyum — Kartepe (1.4 km),,9e099de6
2026-09-16,China,Xiamen,Line 4,metro,,no,yes,yes,4,yes,news reports at opening: fully automatic operation,[4] Jimei Software Park North — Qianwu,,35adaf57
2026-09-16,China,Xiamen,Line 6,metro,,no,yes,yes,4,yes,news reports at opening: GoA4 fully automatic operation,[6] Jiaojiang Road — Huaqiao University,,86bd8f14
2026-09-16,Indonesia,Jakarta,Jakarta LRT Line 1,light rail,6.0,no,yes,no,2,no,,LRT Velodrome — Manggarai (6.0 km),,ab1b50b4
2026-09-22,China,Ningbo,Line 12,suburban metro,61.5,no,yes,yes,2,no,no fully automatic operation reported at opening; not yet in a CAMET table,[12] Xiaoyangjiang — Damuwan (61.5 km),,5ec5aecf
2026-09-22,China,Qingdao,Line 8,suburban metro,,no,yes,no,2,no,"default for the mode, not individually verified",[8] Qingdao North Railway Station — May 4th Square,,101b3f97
2026-09-26,Poland,Kraków,Line 9,tram,4.3,no,no,no,0,no,"default for the mode, not individually verified",[9·12 · 16] TAURON Arena Kraków — Mistrzejowice (4.3 km),,f52463aa
2026-09-27,Bosnia and Herzegovina,Sarajevo,Line 11,tram,6.2,no,no,no,0,no,"default for the mode, not individually verified",[11] Ilidza — Hrasnica (6.2 km),,58c6287a
2026-09-28,China,Changchun,Line 5,metro,19.5,no,yes,yes,2,no,no fully automatic operation reported at opening; not yet in a CAMET table,[5] Zhuoyue Dajie — Dongdaqiao (19.5 km),,77e33fd8
2026-09-28,Senegal,Dakar,TER Dakar,commuter rail,19.0,yes,no,no,1,no,,TER Diamniadio — Aéroport International Blaise Diagne (19 km),,c6443b05
2026-09-29,China,Nanjing,Line 6,metro,32.4,no,yes,yes,2,no,no fully automatic operation reported at opening; not yet in a CAMET table,[6] Qixiashan — Nanjing South Railway Station (32.4 km),,e3e8ed1c
2026-10-05,Netherlands,The Hague,Line 19,tram,2.5,no,no,no,0,no,"default for the mode, not individually verified",Line 19 Delft Station — TU Delft Schoemakerstraat (2.5 km),,84591c42
