id,date,urbanrail_mode,city,line,new_build,include,km,description,note
167907eb,2016-01-16,tram,Budapest,T19,no,yes,,T19/41 Margit híd - Batthyány tér 2015:,
f92054ed,2016-01-16,tram,Bydgoszcz,,no,yes,9.3,Fordonska/Wyscigowa - Loskon (9.3 km),
fa7d6dfb,2016-01-23,tram,Seattle,First Hill Streetcar,yes,yes,,First Hill Streetcar Capitol Hill - Occidental Mall,
e8b7ffd9,2016-01-28,metro,Chongqing,Line 6,no,yes,,Line 6 Jiangbeicheng station,in-fill station
72ca9b9f,2016-01-29,metro,Dalian,Line 1,no,yes,,Line 1 Fuguojie - Exhibition Center,
526146c6,2016-01-30,metro,Seoul,Shinbundang Line,no,yes,,Shin Bundang Line Jeongja - Gwanggyo,
2f2c076f,2016-02-03,metro,Incheon,Incheon Airport Maglev,yes,yes,,Airport Maglev Incheon Int'l Airport - Yongyu,
677b4acc,2016-02-06,metro,Mashhad,Line 1,no,yes,,Line 1 Ghadir - Airport,
f63942aa,2016-02-06,s-bahn,İzmir,Izban South Line,no,yes,22.0,Izban South Line Cumaovasi - Tepeköy (22 km),
3c2e5b2d,2016-02-10,metro,Tehran,Line 3,no,yes,,M3 Mirzaye Shirazi station,in-fill station
7fb6e79a,2016-02-11,metro,Shiraz,Line 1,no,yes,,Motahari station,in-fill station
9a938cac,2016-02-12,metro,Barcelona,Line 9 Sud,yes,yes,20.0,L9 Sud Zona Universitària - Aeroport T1 (20 km),L9 Sud runs as a separate line from L9 Nord (opened 2009); counted as new
6656cf9a,2016-02-17,s-bahn,Palermo,Passante,no,yes,,"Passante Lolli , Guadagna & Maredolce stations",in-fill station
c1665f40,2016-02-20,tram,Düsseldorf,Wehrhahn tunnel,no,yes,3.4,tram tunnel Wehrhahn - Bilk (3.4 km),
a8fd4332,2016-02-26,tram,Linz,Line 3,no,yes,,Line 3 Doblerholz - Traunerkreuzung,
a99cc08c,2016-02-27,s-bahn,Incheon,Suin Line,no,yes,,Suin Line Songdo - Incheon,
4a0bd235,2016-02-27,tram,"Washington, D.C.",H/Benning Streetcar,yes,yes,3.3,H/Benning Streetcar Union Station - Oklahoma Ave/Benning Rd (3.3 km),
81acdc33,2016-02-29,metro,Singapore,Punggol LRT,no,yes,,Punggol LRT Sam Kee station,in-fill station
88487e92,2016-03-05,tram,Los Angeles,Gold Line,no,no,,Gold Line Sierra Madre Villa - APU/Citrus College,duplicate of a5a16a4c
a5a16a4c,2016-03-05,tram,Los Angeles,Gold Line,no,yes,18.4,Gold Line Sierra Madre Villa - APU/Citrus College (18.4 km),
5ade5427,2016-03-05,tram,Qingdao,Chengyang tram,yes,yes,9.0,Chengyang Wholesale Market - Qianwangtuan (9 km),
948a8e4d,2016-03-15,metro,Tehran,Line 4,no,yes,,Line 4 Bimeh station and Mehr Abad Airport branch,
ee9ccc8e,2016-03-19,metro,Ningbo,Line 1,no,yes,25.3,Line 1 Donghuan South Road - Xiapu (25.3 km),
64120854,2016-03-19,tram,Phoenix,,no,no,5.1,Montebello/19th - 19th Ave/ Dunlap (5.1 km),duplicate of 7c863179
7c863179,2016-03-19,tram,Phoenix,Valley Metro Rail,no,yes,5.1,Montebello/19th - Dunlap Ave (5.1 km),
9aab842c,2016-03-19,tram,Seattle,1 Line,no,yes,5.0,Light Rail Westlake - University of Washington (5 km),
9147c803,2016-03-26,metro,Incheon,AREX,no,yes,,AREX Yeongjong station,in-fill station
085e5937,2016-03-31,metro,Kuala Lumpur,Sri Petaling Line,no,yes,,Sri Petaling Line (4) - Kinrara BK5 - Bandar Puteri,
c95c0b98,2016-03-31,metro,Kuala Lumpur,Ampang Line,no,yes,,Ampang Line (4) - Kinrara BK5 - Putra Heights,
8f17bb59,2016-03-31,tram,Medellín,Ayacucho tram (T-A),yes,yes,4.0,T1 San Antonio - Estación Oriente (4 km),
0527efc1,2016-04-03,metro,Oslo,Løren line,no,yes,,Sinsen - Økern,new link between existing lines
8fc18fb4,2016-04-13,metro,Lisbon,Blue Line,no,yes,,Blue Line Amadora Este - Reboleira,
2599cac1,2016-04-18,metro,Tehran,Line 1,no,yes,5.5,Line 1 Shahed - Shahr-e Aftab (5.5 km),
f6240843,2016-04-19,metro,Baku,M3 Purple Line,yes,yes,,M3 Memar Acami - Avtovagzal,
125e23e4,2016-04-22,s-bahn,Denver,A Line,yes,yes,,Line A Union Station - Denver Airport,
e118c11d,2016-04-23,tram,Strasbourg,Line A,no,yes,1.8,Line A Lixenbuhl - Graffenstaden (1.8 km),
e1f6f030,2016-04-26,metro,Shanghai,Line 11,no,yes,,Line 11 Kangxin Highway - Disney Resort,
02987005,2016-04-28,metro,Hangzhou,Line 2,no,yes,,Line 2 Qianjiang Century City station,in-fill station
5aa913c0,2016-04-30,metro,Bengaluru,Purple Line,no,yes,,Purple Line Magadi Road - M.G. Road,
f68ad89c,2016-04-30,s-bahn,Seoul,Gyeongui–Jungang Line,no,yes,,Gyeongui–Jungang Line Hyochang Park station,in-fill station
c5e167b3,2016-05-06,metro,Changsha,Changsha Maglev Express,yes,yes,18.5,Maglev Line Changsha South Railway Station - Huanghua Airport (18.5 km),
0923eed3,2016-05-06,tram,Kansas City,KC Streetcar,yes,yes,,Union Station - River Market,
1b05b9b6,2016-05-13,tram,Stuttgart,U12,no,yes,,U12 Wallgraben - Dürrlewang,
e448e5bc,2016-05-18,metro,Fuzhou,Line 1,yes,yes,,Line 1 Sanchajie - Fuzhou South Railway Station,
38f9649d,2016-05-20,tram,Los Angeles,Expo Line,no,yes,10.6,Expo Line Culver City - Downtown Santa Monica (10.6 km),
5530213d,2016-05-27,metro,Dongguan,Line 2,yes,yes,,Line 2 Dongguan Railway Station - Humen Railway Station,
42124704,2016-05-28,tram,Paris,T6,no,yes,,T6 Robert Wagner - Viroflay Rive-Droite,
f93b785d,2016-05-30,tram,Birmingham,,no,yes,,Bull Street - Grand Central (New Street),
9428a37e,2016-06-05,tram,Rio de Janeiro,VLT Carioca Line 1,yes,yes,,Parada dos Museus - Santos Dumont,
9f8dfbc5,2016-06-06,metro,Tehran,Line 3,no,yes,,Line 3 Khajeh Abdollah-e Ansari station,in-fill station
bb53f51f,2016-06-08,tram,Antalya,AntRay T2,yes,yes,19.0,Meydan - EXPO / Havalinami (Airport) (19 km),"second light rail line, Meydan - Expo/Airport"
da218ab7,2016-06-12,tram,Mannheim,Line 4,no,yes,6.4,Line 4 Lange Rötterstr. - Waldfriedhof / Käfertaler Wald (6.4 km),
989e1dc4,2016-06-28,metro,Changsha,Line 1,yes,yes,,Line 1 Kaifu District Government - Shangshuangtang,
144998fc,2016-06-28,metro,Nanning,Line 1,yes,yes,,Line 1 Nanhu - Nanning East Railway Station,
d02c450f,2016-06-28,metro,Shenzhen,Line 11,yes,yes,,Line 11 Futian - Bitou,
2ee103be,2016-06-30,metro,Kuala Lumpur,Sri Petaling Line,no,yes,,Sri Petaling Line (4) - Bandar Puteri - Putra Heights,
c1263557,2016-06-30,metro,Kuala Lumpur,Kelana Jaya Line,no,yes,,Kelana Jaya Line (5) - Kelana Jaya - Putra Heights,
e1d9087d,2016-07-02,tram,Montpellier,Line 4,no,yes,1.2,Line 4 Louis Blanc - Saint-Denis (1.2 km),
60139ec3,2016-07-09,tram,Bratislava,,no,yes,2.0,Safarikovo nam. - Jungmanova (2 km),
5a180928,2016-07-12,metro,Buenos Aires,Line H,no,yes,,Line H Santa Fe station,in-fill station
ea0d82b8,2016-07-20,metro,Sofia,M2,no,yes,1.3,M2 James Bourchier - Vitosha (1.3 km),
3b06b238,2016-07-25,s-bahn,Denver,Line B,yes,yes,,Line B Union Station - Westminster,
8c78c1c9,2016-07-30,metro,Incheon,Line 2,yes,yes,,Line 2 Oryu-dong - Unyeon,
d23aaeec,2016-07-31,metro,Chengdu,Line 3,yes,yes,,Line 3 Chengdu Junqu General Hospital - Taipingyuan,
8ecde6ae,2016-08-01,metro,Rio de Janeiro,Line 4,yes,yes,,Line 4 Ipanema/General Osório - Jardim Oceânico  (Limited Olympic service!),
4cb1709c,2016-08-06,metro,Bangkok,Purple Line,yes,yes,23.0,Purple Line Tao Poon - Khlong Bang Phai (23 km),
86d69675,2016-08-06,metro,Tianjin,Line 6,yes,yes,,Line 6 Changhong Gongyuan - Nancuiping,
b3157d70,2016-08-08,metro,Tehran,Line 3,no,yes,,Line 3 Sohraverdi station,in-fill station
4768c279,2016-08-15,tram,Bergen,,no,yes,4.8,Lagunen - Birkelandsskiftet (4.8 km),
23953eec,2016-08-19,metro,Zhengzhou,Line 2,yes,yes,,Line 2 Liuzhuang - Nansihuan,
1e628201,2016-08-25,metro,Kharkiv,M3,no,yes,,M3 Oleksiivska - Peremoha,
ef351b15,2016-08-26,tram,Samsun,,no,yes,,Gar - Balikci,
0dab75fa,2016-08-28,metro,Shiraz,Line 1,no,yes,,Avini station,in-fill station
e4f34812,2016-09-08,metro,Daegu,Line 1,no,yes,,Line 1 Daegok - Seolhwa-Myeonggok,
c44a7f6e,2016-09-09,tram,Cincinnati,,yes,yes,,The Banks - Brewery District,
bcb483e5,2016-09-10,tram,Linz,Line 3,no,yes,,Line 3 Trauner Kreuzung - Schloss Traun,
2102e341,2016-09-10,s-bahn,Moscow,Line 14 Moscow Central Circle,no,yes,,"Line 14 ""Moscow Central Ring""","new passenger line on the rebuilt Moscow Railway freight ring, not new-build"
405dbf27,2016-09-12,s-bahn,Barcelona,FGC S2,no,yes,,FGC S2 Can Feu | Gràcia (ex Sabadell Estació) - Sabadell Plaça Major,
8820d98f,2016-09-12,s-bahn,San Sebastián,Euskotren Metro Donostialdea,no,yes,,Herrera - Altza,
e922dae4,2016-09-14,metro,Tehran,Line 3,no,yes,,Line 3 Shahid Ghoddoosi station,in-fill station
9da8fccf,2016-09-16,metro,Moscow,Line 10,no,yes,,Line 10 Mar'ina Roshcha - Petrovsko-Razumovskaya,
068e3091,2016-09-21,metro,Chennai,Blue Line,yes,yes,,Blue Line Little Mount - Chennai International Airport,
e29e40f1,2016-09-24,tram,Seattle,1 Line,no,yes,,SeaTac/Airport - Angle Lake,
5c1bfea0,2016-09-24,s-bahn,Seoul,Gyeonggang Line,yes,yes,55.0,Gyeonggang Line Pangyo - Yeoju (55 km),
19f8fa66,2016-09-24,metro,Suzhou,Line 2,no,yes,,Line 2 Suzhou North Railway Station - Qihe and Baodaiqiao South - Sangtian Dao,
1e6e4f1e,2016-10-02,tram,New Orleans,,no,yes,2.2,Canal Street & Rampart - Elysian Fields Avenue (2.2 km),
9f1c5873,2016-10-04,s-bahn,Brisbane,Redcliffe Peninsula line,yes,yes,,Petrie - Kippa-Ring (Redcliffe Peninsula Line),new branch of the Queensland Rail network
fc41f22b,2016-10-10,metro,Istanbul,M4,no,yes,4.5,M4 Kartal - Tavsantepe (4.5 km),
19f66c63,2016-10-10,tram,Samsun,,no,yes,,Balikci - Tekkeköy,
0387c318,2016-10-14,metro,Chennai,Green Line,no,yes,1.3,Green Line Alandur - St. Thomas Mount (1.3 km),
fe9f347e,2016-10-23,metro,Hong Kong,Kwun Tong Line,no,yes,3.0,Kwun Tong Line Yau Ma Tei - Whampoa (3 km),
28967ff6,2016-10-24,tram,Dallas,Blue Line,no,yes,4.1,Blue Line Ledbetter - UNT Dallas (4.1 km),
bc4876de,2016-10-28,metro,Shenzhen,Line 9,yes,yes,25.3,Line 9 Hongshuwan South - Wenjin (25.3 km),
d938d1fa,2016-10-28,metro,Shenzhen,Line 7,yes,yes,30.3,Line 7 Xili Lake - Tai'an (30.3 km),
53cfe7a8,2016-11-02,metro,Isfahan,Line 1,no,yes,0.8,Line 1 Shohada - Takhti (0.8 km),
e3685e31,2016-11-02,metro,Isfahan,Line 1,no,yes,,"+ Baharestan , Golestan and Shahid Chamran stations",in-fill stations
aa7dacf8,2016-11-06,tram,Ghent,Line 21,no,yes,2.0,Line 21 Gestichtstraat - Zwijnaarde Bibliotheek (2 km),
e38f9573,2016-11-07,metro,Tehran,Line 3,no,yes,,Line 3 Shahid Sayyad-e Shirazi station,in-fill station
0c6ff5df,2016-11-08,metro,Xi'an,Line 3,yes,yes,39.0,Line 3 Yuhuazhai - Baoshuiqu (39 km),
5f1597aa,2016-11-17,tram,Lviv,Line 8,no,yes,3.9,Line 8 Akademiya Mistetstv - Kinoteatr im. Dozhenka (3.9 km),
7461416f,2016-12-02,metro,Vancouver,Millennium Line Evergreen Extension,no,yes,11.0,ML Lougheed Town Centre - Lafarge Lake-Douglas (11 km),
c6089354,2016-12-05,metro,Salvador,Line 2,yes,yes,2.3,Line 2 Acesso Norte - Rodoviária (2.3 km),
ae76cfcc,2016-12-11,tram,Mainz,,no,yes,9.2,Hauptbahnhof West - Lerchenberg/Hindemithstr. (9.2 km),
0431534c,2016-12-11,tram,Munich,Line 25,no,yes,2.8,Line 25 Max-Weber-Platz - Berg am Laim Bf. (2.8 km),
3d17d3b9,2016-12-11,tram,Nuremberg,Line 4,no,yes,2.4,Line 4 Thon - Am Wegfeld (2.4 km),
b1eec7d6,2016-12-12,metro,Tehran,Line 3,no,yes,,Line 3 Hossein Abad station,in-fill station
e00f515a,2016-12-16,metro,Kuala Lumpur,Line 9,yes,yes,21.0,Line 9 Sungai Buloh - Semantan (21 km),
f0761d65,2016-12-17,tram,Bordeaux,Line C,no,yes,7.2,Line C Cracovie - Gare de Blanquefort (7.2 km),
3bb15e98,2016-12-18,metro,Qingdao,Line 3,no,yes,12.8,Line 3 Shuangshan - Qingdao Zhan (12.8 km),
350d3656,2016-12-20,metro,Catania,Catania Metro,no,yes,1.9,Galatea - Stesicoro (1.9 km),
abd57fd5,2016-12-26,metro,Hefei,Line 1,yes,yes,24.6,Line 1 Hefei Railway Station - Jiulianwei (24.6 km),
7ea267d2,2016-12-26,metro,Kunming,Line 1,no,yes,4.7,Line 1 Chunrong Street - Kunming South Railway Station (4.7 km),
4bd22992,2016-12-28,metro,Chongqing,Line 3,no,yes,,Line 3 Bijin - Jurenba,
0039c6eb,2016-12-28,metro,Guangzhou,Guangfo Line,no,yes,,GF Line Kuiqi Lu - Xinchengdong,
df2a034f,2016-12-28,metro,Guangzhou,Line 6,no,yes,,Line 6 Changban - Xiangxue,
x3805a11,2016-12-28,metro,Guangzhou,Line 7,yes,yes,18.6,Line 7 Guangzhou South Railway Station - Higher Education Mega Center South,split from a combined UrbanRail entry
cd7e2c6e,2016-12-28,metro,Hong Kong,South Island Line,yes,yes,7.0,South Island Line Admiralty - South Horizons (7 km),
6b5363e5,2016-12-28,metro,Nanning,Line 1,no,yes,20.9,Line 1 Nanhu - Shibu (20.9 km),
15d10e5b,2016-12-28,metro,Wuhan,Line 2,no,yes,,Line 2 Jinyintan - Tianhe Int'l Airport,
x7581e3d,2016-12-28,metro,Wuhan,Line 6,yes,yes,35.95,Line 6 Jinyinhu Park - Dongfeng Motor Corporation,split from a combined UrbanRail entry
e85231ec,2016-12-31,metro,Beijing,Line 16,yes,yes,,Line 16 Beianhe - Xiyuan,
700706bf,2016-12-31,metro,Tianjin,Line 6,no,yes,,Line 6 Changhong Gongyuan - South Sunzhuang,
72163266,2017-01-01,metro,New York City,Q (Second Avenue Subway),no,yes,,Q Line 57th St/7th Av - Lexington Av/63rd - 96th (Second Avenue Subway; 4.4 km)) 2016:,"Second Avenue Subway phase 1, an extension of the Q"
7831c69a,2017-01-05,metro,Ankara,M4,yes,yes,,M4 Atatürk Kültür Merkezi - Sehitler-Gazino,
815106e9,2017-01-05,metro,Ankara,M4,no,no,,M4,duplicate of 7831c69a
241269b8,2017-01-06,metro,Fuzhou,Line 1,no,yes,15.1,Line 1 Sanchajie - Xiangfeng (15.1 km),
11707f22,2017-01-11,tram,Houston,Green Line,no,yes,1.8,Green Line Altic - Magnolia Park (1.8 km),
afc36383,2017-01-12,metro,Zhengzhou,Line 1,no,yes,15.7,Line 1 Xiliuhu - Henan University of Technology and Zhengzhou Sports Center - New Campus of Henan University (15.7 km),
ec3b5636,2017-01-12,metro,Zhengzhou,Chengjiao Line,yes,yes,42.0,Suburban Line (Line 2 South) Nansihuan - Xinzheng International Airport (42 km),suburban line through-running with Line 2
92514d54,2017-01-18,metro,Nanjing,Line 4,yes,yes,33.8,Line 4 Longjiang - Xianlinhu (33.8 km),
ecd4d3b9,2017-01-18,metro,Nanjing,Line 4,no,no,,Line 4,duplicate of 92514d54
9656dbe6,2017-01-20,metro,Fuzhou,Line 1,no,no,,Line 1 Sanchajie - Xiangfeng,duplicate of 241269b8
d9d15c72,2017-01-26,metro,Harbin,Line 3,yes,yes,4.0,Line 3 Yidaeryuan - Harbinxizhan (4 km),
85123bec,2017-01-31,tram,Santos,,no,yes,,Bernardino - Porto and Mascarenhas de Moraes - Barreiros,
ddca9c82,2017-02-04,metro,Tehran,Line 3,no,yes,,Line 3 Heravi station,in-fill station
f2c7795f,2017-02-06,tram,Rio de Janeiro,VLT,no,yes,,VLT Saara - Praça XV,
93ae4d0e,2017-02-20,metro,Mashhad,Line 2,yes,yes,,Line 2 Shohada - Kashfrood,
8da56946,2017-02-24,tram,Denver,R Line,yes,yes,16.8,Line R Nine Mile - Peoria (16.8 km),
7265ab0e,2017-02-26,tram,Manchester,,no,yes,0.7,Exchange Square - St. Peter's Square (0.7 km),
70742b2e,2017-02-27,tram,Warsaw,Line 2,no,yes,1.3,Line 2 Mehoffera - Nowodwory (1.3 km),
6fce747a,2017-03-02,metro,Taoyuan,Airport MRT,yes,yes,,Airport MRT Taipei Main Station - Taoyuan International Airport - Huanbei,
9a3e6065,2017-03-16,metro,Moscow,Line 8A Solntsevskaya,no,yes,,Line 8A Park Pobedy - Ramenki,
5ea3b317,2017-03-17,s-bahn,Santiago,Metrotrén Nos,yes,yes,,Metrotrén Nos Alameda - Nos,new commuter service on the Santiago–Nos mainline corridor
d2bcfb30,2017-03-25,metro,San Francisco,BART Fremont–Warm Springs,no,yes,,BART Fremont - Warm Springs/South Fremont,
ded72ae9,2017-03-31,metro,Bucharest,M4,no,yes,2.1,M4 Parc Bazilescu - Straulesti (2.1 km),
6e4f1cf6,2017-03-31,metro,Catania,Catania Metro,no,yes,3.1,Borgo - Nesima (3.1 km),
da4560b9,2017-03-31,metro,Gurugram,Rapid Metro,no,yes,7.0,Sikanderpur - Sector 55-56 (7 km),
7156c458,2017-04-03,metro,Bangkok,BTS Sukhumvit Line,no,yes,,Sukhumvit Line Bearing (E14) - Samrong (E15),
d1889346,2017-04-08,metro,Bilbao,Line 3,yes,yes,5.9,Line 3 Matiko - Kukullaga (5.9 km),
2f02001a,2017-04-11,tram,İzmir,Karşıyaka Tram,yes,yes,8.8,Karsiyaka Tram Mavisehir - Alaybey (8.8 km),
49e2857c,2017-04-15,tram,Lviv,Line 8,no,yes,1.5,Line 8 Kinoteatr im. Dovzhenka - Vernads'kogo (1.5 km),
1965ccdc,2017-04-15,tram,Samarkand,Line 1,yes,yes,6.4,Line 1 Temir Yo'l Vokzali - Sartepa Massivi (6.4 km),
90fb80e8,2017-04-15,metro,Suzhou,Line 4,yes,yes,42.0,Line 4 Longdaobang - Tongli (42 km),
b6f059ca,2017-04-15,metro,Suzhou,Line 4,no,yes,10.8,branch Hongzhuang - Muli (10.8 km),"branch of Line 4, opened together with it"
2e8345fb,2017-04-20,metro,Busan,Line 1,no,yes,8.0,Line 1 Sinpyeong - Dadaepo Beach (8 km),
8ef417eb,2017-04-20,metro,Shiraz,Line 1,no,yes,,Line 1 Namazi - Zandiyeh (without intermediate stations),
33fb258d,2017-04-22,tram,Bergen,,no,yes,2.2,Birkelandsskiftet - Bergen lufthavn Flesland (2.2 km),
af8aa768,2017-04-23,s-bahn,Perth,Mandurah Line,no,yes,,Aubin Grove station,in-fill station
0d85bbe6,2017-04-29,tram,Strasbourg,Line D,no,yes,,Line D Aristide Briand - Kehl Bahnhof,
9c1fa623,2017-05-12,tram,Detroit,QLine,yes,yes,5.3,QLine Congress Street - Grand Blvd (5.3 km),
50336459,2017-05-14,metro,Chennai,Green Line,no,yes,8.0,Green Line Koyambedu - Nehru Park (8 km),
3a113f14,2017-05-15,metro,Fortaleza,Linha Sul,no,yes,,Linha Sul Juscelino Kubitschek station,in-fill station
1c92e541,2017-05-22,metro,Nuremberg,U3,no,yes,1.2,U3 Friedrich-Ebert-Platz - Nordwestring (1.2 km),
cd92752c,2017-05-23,metro,Salvador,Line 2,no,yes,6.0,Line 2 Rodoviária - Pituaçu (6.0 km),
bf107d2b,2017-05-28,metro,Delhi,Violet Line,no,yes,5.2,Violet Line ITO - Kashmere Gate (5.2 km),
cfb05eea,2017-06-01,metro,Dalian,Line 1,no,yes,,L1 Huananbei station,in-fill station
c033d63a,2017-06-02,metro,Chengdu,Line 4,no,yes,21.0,Line 4 Intangible Cultural Heritage Park - Wansheng and Wannianchang - Xihe (21 km),
b44ee7a2,2017-06-03,tram,Antwerp,Line 8/10,no,yes,0.8,Line 8 & 10 Astrid - ramp - Stadspark (0.8 km),
ec71715d,2017-06-03,tram,Antwerp,Line 6,no,yes,2.0,Line 6 Kinepolis - P+R Luchtbal (2 km),
0566e1f1,2017-06-07,metro,Dalian,Line 12,no,yes,2.1,L12 Hekou - Caidaling (2.1 km),
43594d06,2017-06-07,metro,Dalian,Line 1,no,yes,9.1,L1 Convention & Exhibition Center - Hekou (9.1 km),
9e7606d0,2017-06-07,metro,Dalian,Line 2,no,yes,3.8,L2 Huiyizhongxin - Haizhiyun (3.8 km),
0e997c23,2017-06-10,metro,Tehran,Line 7,yes,yes,22.0,Line 7 Meydan-e San'at- Basij (22 km - 7 stations),
1192c47d,2017-06-13,tram,Zhuhai,Zhuhai Tram Line 1,yes,yes,8.9,Shangchong - Haitian Garden (8.9 km ),
8bf224f3,2017-06-17,metro,Kochi,Line 1,yes,yes,13.0,Line 1 Aluva – Palarivattom (13 km),
b49bbce0,2017-06-18,metro,Bengaluru,Green Line,no,yes,10.5,Green Line Sampige Road - Yelachenahalli (10.5 km),
82f5a3c3,2017-06-18,metro,Singapore,East–West Line,no,yes,7.5,EW Line Joo Koon - Tuas Link (7.5 km),
1c405187,2017-06-27,metro,Shijiazhuang,Line 3,yes,yes,6.4,Line 3 Shierzhong - Shijiazhuang (6.4 km),
3347fd79,2017-06-27,metro,Shijiazhuang,Line 1,yes,yes,23.9,Line 1 Xiwang - Xiaohedadao (23.9 km),
d1e400f6,2017-06-30,metro,Changchun,Line 1,yes,yes,16.3,Line 1 Beihuan - Hongzuzi (16.3 km),
682ad189,2017-07-01,tram,Paris,T11,yes,yes,10.6,T11 Epinay-sur-Seine - Le Bourget (10.6 km),
243b9901,2017-07-03,metro,Hangzhou,Line 2,no,yes,11.5,Line 2 Qianjianglu - Gucuilu (11.5 km),
29c25511,2017-07-10,s-bahn,Stockholm,Citybanan,no,yes,,"""Citybanan"" Stockholm Södra - Solna/Sundbybergs centrum",new mainline commuter tunnel through central Stockholm
96a4a589,2017-07-17,metro,Kuala Lumpur,Line 9,no,yes,30.0,Line 9 Semantan - Kajang (30 km),
9c08f439,2017-07-20,s-bahn,Barcelona,FGC S2,no,yes,,S2 Sabadell Pl. Major - Sabadell Parc del Nord,
564b1338,2017-07-20,metro,Isfahan,Line 1,no,yes,,Line 1 Takhti - Azadi,
4df87500,2017-07-25,tram,Sidi Bel Abbès,T1,yes,yes,14.5,T1 Gare - Gare Routière Sud (14.5 km),
d1bdfe0d,2017-07-28,tram,Wuhan,T1,yes,yes,16.8,T1 Chelun Square - Deshenggang (16.8 km),
382a1b68,2017-08-05,tram,Antwerp,Line 7,no,yes,,Line 7 Klapdorp - Eilandje MAS,
07a02ee9,2017-08-07,metro,Tehran,Line 8,no,yes,26.2,Line 8 Shahr-e Aftab - Imam Khomini International Airport (26.2 km),
b1239fb9,2017-08-11,metro,Bangkok,Blue Line,no,yes,,Blue Line Bang Sue - Tao Poon,
5d3bb22e,2017-08-18,metro,Nanchang,Line 2,yes,yes,19.6,Line 2 Metro Central - Nanlu (19.6 km),
270f03af,2017-08-18,metro,Shiraz,Line 1,no,yes,,Line 1 Vali-e Asr - Shahid Dastgheyb,
1d719173,2017-08-29,metro,Kunming,Line 6,no,yes,,and Line 6 (full operation),full operation of an existing line
861c760b,2017-08-29,metro,Kunming,Line 3,yes,yes,23.4,Line 3 Western Hills Park - East Coach Station (23.4 km),
ac6dfcd2,2017-09-01,tram,Tallinn,Line 4,no,yes,,Line 4 Ülemiste - Lennujaam (Airport),
ff3eb90e,2017-09-02,metro,Seoul,Ui LRT,yes,yes,11.4,Ui LRT Sinseol-dong - Bukhansan Ui (11.4 km),
d64ea9cd,2017-09-02,metro,Vienna,U1,no,yes,4.6,U1 Reumannplatz - Oberlaa (4.6 km),
dc2b6736,2017-09-06,metro,Chengdu,Line 10,yes,yes,10.9,Line 10 Taipingyuan - Airport Terminal 2 (10.9 km),
f93860ee,2017-09-06,metro,Lucknow,Red Line,yes,yes,8.5,Charbagh - Transport Nagar (8.5 km),
27c75bd0,2017-09-06,metro,São Paulo,Line 5,no,yes,2.8,L5 Adolfo Pinheiro - Brooklin (2.8 km),
26ac9cc5,2017-09-11,metro,Salvador,Line 2,no,yes,7.5,Line 2 Pituaçu - Mussurunga (7.5 km),
78e1290f,2017-09-16,tram,Antwerp,Line 10,no,yes,,Line 10 Zegel - ramp - Hof ter Lo,
bb3d3967,2017-09-21,tram,Granada,Metro de Granada,yes,yes,15.9,Albolote - Armilla (15.9 km),
2b872b92,2017-09-26,tram,Kaohsiung,Circle Line,no,yes,1.1,Circle Line Dayi Pier-2 - Hamasen (1.1 km),
0d0afa1c,2017-10-02,tram,Stockholm,Line 22,no,yes,0.6,"L22 ""Tvärbana"" Sickla udde - Sickla (0.6 km)",
7730b821,2017-10-03,metro,Kochi,Line 1,no,yes,5.0,Line 1 Palarivattom - Maharaja’s College (5 km),
392d9337,2017-10-07,tram,Bochum,,no,yes,2.5,Unterstraße - S Langendreer (2.5 km),
4af47577,2017-10-16,metro,Tbilisi,Line 2 (Saburtalo),no,yes,1.0,Vazha Pshavela - State University (1 km),
a6048525,2017-10-21,tram,Rio de Janeiro,VLT Line,no,yes,1.9,VLT Line 2 Saara - Gamboa/Pereira Reis (1.9 km),
15814a1a,2017-10-21,metro,Singapore,NEW,no,no,,[NEW BOOK] 20 Oct 2017: TRAM ATLAS POLAND,not an opening
801838a4,2017-10-21,metro,Singapore,Downtown Line,no,yes,21.0,DTL Chinatown - Expo (21 km),
de3ff979,2017-10-28,tram,Shenzhen,Longhua Tram,yes,yes,11.3,Longhua Tram (11.3 km),
7734c64e,2017-10-31,tram,Nanjing,Qilin Tram,yes,yes,9.0,Qilin Tram Maqun - Shiyang Road (9 km),
0a921f02,2017-11-02,metro,Santiago,Line 6,yes,yes,15.3,L6 Cerrillos - Los Leones (15.3 km),
b3e08d4b,2017-11-18,metro,Helsinki,Länsimetro,no,yes,14.0,Ruoholahti - Matinkylä (14 km),western extension of the M1/M2 metro
c020295e,2017-11-28,metro,Hyderabad,Blue Line,yes,yes,17.0,Line 3 Ameerpet - Nagole (17 km),
ddd5886c,2017-11-28,metro,Hyderabad,NEW,no,no,,"[NEW BOOK] 27 Nov 2017: Berliner U-Bahn-Linien: U2 - Die ""City-Linie"" über Zoo und Alex",not an opening
f4099b54,2017-11-28,metro,Hyderabad,Red Line,yes,yes,13.0,Line 1 Miyapur - Ameerpet (13 km),
acf28c5c,2017-12-06,metro,Chengdu,Line 7,yes,yes,38.6,Circular Line 7 Chengdu North Railway Station - Chengdu South Railway Station (38.6 km),
0a99e5b6,2017-12-06,metro,Nanjing,S3,yes,yes,,S3 Nanjing South Railway Station - Gaojiachong,
46e38974,2017-12-06,metro,Nanjing,S3,yes,no,,"S3 Nanjing South Railway Station - Gaojiachong  [NEW BOOK] 27 Nov 2017: Berliner U-Bahn-Linien: U2 - Die ""City-Linie"" über Zoo und Alex [NEW BOOK] 20 Oct 2017: TRAM ATLAS POLAND",duplicate of 0a99e5b6
7fd201a2,2017-12-09,tram,Dublin,Green Line,no,yes,6.0,Green Line St. Stephen's Green - Broombridge (6 km),
feb3d28e,2017-12-10,tram,Basel,Line 3,no,yes,2.7,Line 3 Burgfelderhof - Gare de St. Louis (2.7 km),
3b90ff19,2017-12-10,tram,Chemnitz,Line 3,no,yes,1.5,Line 3 Stadlerplatz - Technopark (1.5 km),
6b97e50a,2017-12-10,tram,Innsbruck,Line 3,no,yes,3.0,Line 3 Höttinger Au/West - Technik West & Peerhofsiedlung (3 km),
c19c5fc9,2017-12-10,tram,Luxembourg,T1,yes,yes,3.5,T1 Luxexpo - Pafendall-Rout Bréck (3.5 km),
c5da0812,2017-12-10,tram,Potsdam,Line 96,no,yes,1.0,Line 96 Viereckremise - Campus Jungfernsee (1 km),
0fcf3d9e,2017-12-10,metro,Qingdao,Line 2,yes,yes,21.2,Line 2 Zhiquanlu - Licun Gongyuan (21.2 km),
f4b1a33a,2017-12-10,tram,Stuttgart,U12,no,yes,1.2,U12 Hallschlag - Wagrainäcker (1.2 km),
d9a763f7,2017-12-10,tram,Zürich,Line 8,no,yes,0.7,Line 8 Hardplatz - Schiffbau (0.7 km),
9b56cce8,2017-12-11,tram,Yekaterinburg,,no,yes,2.0,Lines 2 & 18 Pl. Kommunarov - Krasnouralskaya (-VIZ) (2 km),
542fe393,2017-12-15,metro,Istanbul,M5,yes,yes,10.5,M5 Üsküdar - Yamanevler (10.5 km),
f998b143,2017-12-17,tram,Gold Coast,,no,yes,7.3,Gold Coast University Hospital - Helensvale (7.3 km),
cef9d271,2017-12-17,metro,Toronto,Line 1,no,yes,8.6,Line 1 Sheppard West - Vaughan Metropolitan Centre (8.6 km),
dffacf17,2017-12-21,tram,Aarhus,Aarhus Letbane,yes,yes,6.5,L2 Aarhus H - Aarhus Universitetshospitalet (6.5 km),
d747601c,2017-12-25,metro,Delhi,Magenta Line,yes,yes,12.6,Magenta Line Kalkaji Mandir - Botanical Garden (12.6 km),
af12b489,2017-12-26,metro,Hefei,Line 2,yes,yes,30.0,Line 2 Nangang - Sanshibu (30 km),
195433fa,2017-12-26,metro,Wuhan,Line 1,no,yes,3.6,Line 1 Dongwu Boulevard - Jinghe (3.6 km),
6aede000,2017-12-26,s-bahn,Wuhan,Yangluo Line,yes,yes,35.0,Yangluo Line Houhu Boulevard - Jintai (35 km),
cdca6b93,2017-12-26,metro,Wuhan,Line 8,yes,yes,16.7,Line 8 Jintan Road - Liyuan (16.7 km),
758769b0,2017-12-27,metro,Hangzhou,Line 2,no,yes,13.3,Line 2 Gucuilu - Liangzhu (13.3 km),
340a6066,2017-12-28,metro,Chongqing,Line 10,yes,yes,34.0,Line 10 Wangjiazhuang - Liyuchi (34 km),
3875495a,2017-12-28,metro,Chongqing,Line 5,yes,yes,17.0,Line 5 The Expo Garden Center - Dalongshan (17 km),
245af43f,2017-12-28,s-bahn,Guangzhou,Line 14,yes,yes,21.9,Line 14 Xinhe - Zhenlong (21.9 km),
76aa87a3,2017-12-28,metro,Guangzhou,Line 9,yes,yes,20.1,Line 9 Gaozeng - Fei'eling (20.1 km),
7fdcadd4,2017-12-28,metro,Guangzhou,Line 4,no,yes,12.6,Line 4 Jinzhou - Nansha Passenger Port (12.6 km),
df3425d9,2017-12-28,metro,Guangzhou,Line 13,yes,yes,27.0,Line 13 Yuzhu - Xinsha (27 km),
1b788344,2017-12-28,metro,Guiyang,Line 1,yes,yes,12.9,Line 1 Xiamaixi - Guiyang North Railway Station (12.9 km),
fb23bbf0,2017-12-28,metro,Nanning,Line 2,yes,yes,21.0,Line 2 Xijin - Yudong (21 km),
afce9093,2017-12-30,metro,Beijing,Mentougou Line,yes,no,9.8,Mentougou Line (Maglev) Pingguoyuan - Shimenying (9.8 km),superseded by ca52f00e
bc42d7cd,2017-12-30,metro,Beijing,Fangshan Line,no,yes,1.0,Fangshan Line Suzhuang - Yancun Dongdi (1.0 km),
c9fdad87,2017-12-30,tram,Beijing,Western Suburban Line,yes,yes,8.6,Western Suburban Line (8.6 km),
ca52f00e,2017-12-30,metro,Beijing,Line S1,yes,yes,9.0,Mentougou Line (Maglev) Jin'anqiao - Shimenying (9 km),
x967bd30,2017-12-30,metro,Beijing,Yanfang Line,yes,yes,13.4,Yanfang Line Yancun Dongdi - Yanshan (13.4 km),split from a combined UrbanRail entry
a4d55ae6,2017-12-30,s-bahn,Nanjing,S9,yes,yes,51.7,S9 Xiangyulunan - Gaochun (51.7 km),
5a8e663d,2017-12-30,metro,Shanghai,Line 9,no,yes,12.1,Line 9 Middle Yanggao Rd - Caolu (12.1 km),
899764fc,2017-12-30,s-bahn,Shanghai,Line 17,yes,yes,,Line 17 Hongqiao Railway Station - Oriental Land,
c287c886,2017-12-30,metro,Shanghai,Line 9,no,no,,Line 9 Middle Yanggao Rd - Cao Road Huochezhan,duplicate of 5a8e663d
168de1b7,2017-12-31,metro,Moscow,Line 2,no,yes,,Line 2 Rechnoy Vokzal - Khovrino (without Belomorskaya ),
1eb22df2,2017-12-31,metro,Xiamen,Line 1,yes,yes,30.3,Line 1 Yannei - Zhenhai Road (30.3 km),
140ed1a4,2018-01-07,tram,Düsseldorf,Line 2017,no,no,,2017:,not an opening
c05e4bd6,2018-01-07,tram,Düsseldorf,U70/U76 Line 701,no,yes,1.8,Line 701 Rath - Am Hülserhof (1.8 km),
7c7eb48d,2018-01-09,metro,Hangzhou,Line 4,no,yes,11.1,Line 4 Jinjiang - Puyan (11.1 km),
d292c5f0,2018-01-23,metro,São Paulo,Line 4,no,yes,,Line 4 Higienópolis-Mackenzie station,in-fill station
95d4d015,2018-02-26,metro,Moscow,Line 11 Big Circle Line,yes,yes,10.5,Line 11 Delovoy Tsentr - Petrovskiy Park (10.5 km),
b198bd54,2018-03-02,metro,São Paulo,Line 5,no,yes,2.9,Line 5 Brooklin - Eucaliptos (2.9 km),
8dd8e02f,2018-03-14,metro,Delhi,Pink Line,yes,yes,21.6,Line 7 (Pink Line) Majlis Park – Durgabai Deshmukh South Campus (21.6 km),
8fe90cfe,2018-03-16,light-rail,Charlotte,Blue Line,no,yes,14.9,Blue Line 7th Street - UNC Charlotte Main (14.9 km),
3326d8cc,2018-03-18,metro,Chengdu,Line 1,no,yes,17.0,Line 1 Shengxian Lake - Weijianian; Guangdu - Wugensong; Sihe - Science City (17 km),
cb107a48,2018-03-18,tram,Samarkand,Line 2,no,yes,5.0,Line 2 Temir Yo'l Vokzali - Siab Bazaar (5 km),
749d1e46,2018-03-20,tram,Ouargla,Ouargla Tramway,yes,yes,9.8,T1 Hai Nasr - Cité Administrative (9.8 km),
697ca70d,2018-03-22,metro,Moscow,Line 10,no,yes,4.2,Line 10 Petrovsko-Razumovskaya - Seligerskaya (4.2 km),
7df82726,2018-03-24,tram,İzmir,Konak Tram,yes,yes,12.8,Konak Tram Halkapinar - Fahrettin Altay (12.8 km),
1b417652,2018-03-31,metro,Shanghai,APM Pujiang Line,yes,yes,6.7,APM Pujiang Line Shendu Highway - Huizhen Road (6.7 km),
5ee8c5ad,2018-03-31,s-bahn,São Paulo,Line 13 Jade,yes,yes,12.2,Line 13 Engenheiro Goulart - Aeroporto Guarulhos (12.2 km),
731dd47f,2018-03-31,s-bahn,São Paulo,,no,no,,- limited service,not an opening
d850db29,2018-04-01,light-rail,Wuhan,Optics Valley Tram L1,yes,yes,30.0,Optics Valley Tram L1 Huazhong University - Fozuling,
xa059ff6,2018-04-01,light-rail,Wuhan,Optics Valley Tram L2,yes,yes,,Optics Valley Tram L2 Tangxunhu City Railway Station - Optics Valley Botanical Garden,split from a combined UrbanRail entry
cc558983,2018-04-04,metro,São Paulo,Line 4,no,yes,,Line 4 Oscar Freire station,in-fill station
563d9dc7,2018-04-05,metro,São Paulo,Line 5,no,yes,1.0,Line 5 Eucaliptos - Moema (1 km),
3626249d,2018-04-06,metro,São Paulo,Line 15,no,yes,,Line 15 Oratório - Vila União,
03a9fd64,2018-04-08,metro,Shenyang,Line 2,no,yes,4.9,Line 2 Hangkonghangtiandaxue - Putianlu (4.9 km),
c9b7e10e,2018-04-10,metro,Algiers,Line 1,no,yes,,Tafourah (Grande Poste) - Place des Martyrs (without intermediate station) & Haï El Badr - Ain Naadja,
d9c780a6,2018-04-23,s-bahn,Qingdao,Line 11,yes,yes,54.6,Line 11 Miaoling Lu - Qiangu Mountain (54.6 km),
d94cd4a9,2018-04-24,tram,Lisbon,Line 24,no,yes,2.7,Line 24 Praça Luis Camoes - Campolide (2.7 km - reopened!),
a910844f,2018-04-26,metro,Guangzhou,Line 3,no,yes,1.2,Line 3 Airport South - Airport North (1.2 km),
a56a4383,2018-04-26,metro,Salvador,Line 2,no,yes,3.5,Line 2 Mussurunga - Aeroporto (3.5 km),
3cb587ae,2018-04-26,metro,Tianjin,Line 6,no,yes,19.0,Line 6 Nancuiping - Meilinlu (19 km),
40d3b8e2,2018-04-28,tram,Suzhou,SND Tram 1,no,yes,7.6,SND Tram 1 Longkang Road - Xiyang Mountain (7.6 km),
10acf964,2018-05-01,s-bahn,Kuala Lumpur,KTM Skypark Link,yes,yes,,Line 10 Subang Jaya - Terminal Skypark (limited service),new airport branch on the KTM network
730c304e,2018-05-07,metro,Mashhad,Line 2,no,yes,2.0,Line 2 Shohada - Shariati (2 km),
35c26519,2018-05-08,tram,Sétif,Sétif Tramway,yes,yes,14.7,Berchi Abid / Oucissa Laid - 11 Déc 1960 (14.7 km),
179200d6,2018-05-12,metro,Rome,Line C,no,yes,0.6,Line C Lodi - San Giovanni (0.6 km),
244547cd,2018-05-17,metro,Buenos Aires,Line H,no,yes,0.8,Line H Las Heras - Julieta Lanteri-Facultad de Derecho (0.8 km),
ea4b7d6e,2018-05-25,metro,Chennai,Blue Line,no,yes,4.8,Blue Line Little Mount – AG-DMS (4.8 km),
eb70496a,2018-05-25,metro,Chennai,Green Line,no,yes,2.6,Green Line Nehru Park - Central (2.6 km),
50b21eb6,2018-05-26,s-bahn,Nanjing,S1,no,yes,31.8,S1/ S7 Lukou International Airport - Wuxiangshan (31.8 km),
76726a0a,2018-05-26,metro,Saint Petersburg,M3,no,yes,5.0,M3 Primorskaya - Begovaya (~5 km),
22842d63,2018-05-29,metro,Delhi,Magenta Line,no,yes,24.8,Magenta Line Janakpuri West – Kalkaji Mandir (24.8 km),
bd60096a,2018-06-13,metro,Nizhny Novgorod,Line 2,no,yes,2.5,Moskovskaya - Strelka (2.5 km),
658587d7,2018-06-16,s-bahn,Seoul,Seohae Line,yes,yes,22.0,Seohae Line Sosa - Wonsi (22.0 km),
93604660,2018-06-24,metro,Delhi,Line 5,no,yes,11.2,Line 5 Mundka - Bahadurgarh City Park (11.2 km),
6f34cf63,2018-06-28,metro,Dalian,Line 2,no,yes,,Line 2 Airport - Xinzhaizi,
d908a606,2018-06-30,tram,Nice,T2,no,yes,7.0,T2 CADAM - Magnan (7 km),
3c6f5af6,2018-07-10,metro,Isfahan,Line 1,no,yes,,Line 1 Azadi - Soffeh; + Imam Hossein & Enghelab stations,
c961d78e,2018-07-12,metro,Abuja,Abuja Light Rail Line 1,yes,yes,26.7,Airport - Abuja Station (26.7 km),
f0ac53f7,2018-07-16,tram,Florence,T1,no,yes,,T1 Alamanni-Stazione - Careggi-Ospedale,
b69ebcd2,2018-07-22,metro,Amsterdam,M52,yes,no,,M52 Noord - Station Zuid,duplicate of e5a9b4bb
e5a9b4bb,2018-07-22,metro,Amsterdam,M52,yes,yes,9.8,M52 Noord - Zuid (9.8 km ),
abd9adf0,2018-07-27,tram,Luxembourg,T1,no,yes,1.6,T1 Pafendall-Rout Bréck - Stäreplaz/Place de l'Étoile (1.6 km),
443d31cc,2018-08-01,metro,Palembang,,no,no,,(limited service),not an opening
e7940f93,2018-08-01,metro,Palembang,Palembang LRT,yes,yes,22.5,LRT Bandara (Airport) - OPI (22.5 km),
c3d11244,2018-08-06,metro,Delhi,Line 7,no,yes,8.1,Line 7 Durgabai Deshmukh South Campus - Lajpat Nagar (8.1 km),
3cc9e19e,2018-08-09,metro,Santo Domingo,Line 2,no,yes,3.6,Line 2 Eduardo Brito - Concepción Bona (3.6 km),
2cecb157,2018-08-25,tram,Aarhus,Line 2,no,yes,3.5,L2 Aarhus Universitetshospitalet - Lisbjergskolen (3.5 km),
4315bc86,2018-08-25,tram,Aarhus,Aarhus Letbane (Odder line),no,yes,27.0,"Aarhus H - Odder (27 km, tram-train)",conversion of the existing Odder railway to tram-train
b9deedf3,2018-08-26,s-bahn,Melbourne,Mernda line,no,yes,8.0,South Morang - Mernda (8 km),
6c102043,2018-08-27,light-rail,Cologne,Line 3,no,yes,0.6,Line 3 Ollenhauerring - Görlinger-Zentrum (0.6 km),
99bc4d26,2018-08-30,metro,Changchun,Line 2,yes,yes,20.5,Line 2 Shuangfeng - Dongfang Square (20.5 km),
fc6dcd90,2018-08-30,metro,Kazan,Line 1,no,yes,1.0,Line 1 Pros. Pobedy - Dubravnaya (1 km),
a8069913,2018-08-30,metro,Moscow,Line 8A Solntsevskaya,no,yes,14.0,Line 8A (Solntsevskaya) Ramenki - Rasskazovka (14 km),
60335958,2018-08-31,tram,Suzhou,SND Tram 2,yes,yes,,SND Tram 2 Longkang Road - Suzhou New District Railway Station / Wenchang Road,
1c5561ba,2018-08-31,metro,São Paulo,Line 5,no,yes,,Line 5 Moema - AACD-Servidor,
bef398db,2018-09-01,tram,Brussels,Line 9,no,yes,3.2,Line 9 Miroir - Arbre Ballon (3.2 km),
169da945,2018-09-01,tram,Gmunden,Traunseetram,no,yes,,Franz-Josef-Platz - Klosterplatz ( - Vorchdorf-Eggenberg > Tram-train),
aa1432c5,2018-09-03,tram,Stockholm,Line 7,no,yes,0.4,Line 7 Kungsträdgarden - T-Centralen (0.4 km),
b323170f,2018-09-08,metro,Barcelona,Line 10 Sud,yes,yes,2.4,Line 10 Sud Can Trias | Gornal - Foc (including intermediate station Foneria ) (2.4 km),L10 Sud services began over the L9 Sud trunk plus a new branch to Foc
34799ddc,2018-09-08,tram,Milan,Line 15,no,yes,1.6,Line 15 Viale Romagna (Rozzano) - Rozzano Via Guido Ross a (1.6 km),
198cc050,2018-09-15,tram,Antwerp,Line 70,no,yes,2.9,Line 70 Eilandje MAS - Kinepolis (2.9 km),
967f640f,2018-09-24,metro,Hyderabad,Red Line,no,yes,17.3,Red Line Ameerpet - LB Nagar (17.3 km),
44699042,2018-09-28,metro,São Paulo,Line 5,no,yes,3.0,Line 5 AACD Servidor - Chácara Klabin (3 km),
d6651a63,2018-09-29,tram,Brussels,Line 8,no,yes,2.0,Line 8 (ex 94) Musée du Tram - <M> Roodebeek (2 km),
784673f5,2018-10-01,metro,Wuhan,Line 11,yes,yes,19.7,Line 11 Optics Valley Railway Station - Zuoling (19.7 km),
e5777697,2018-10-01,metro,Wuhan,Line 7,yes,yes,30.9,Line 7 Garden Expo North - Yezhihu (30.9 km),
8dc4a56e,2018-10-13,tram,Adelaide,,no,yes,,Rundle Mall - Botanic Gardens / Festival Plaza,
255fda25,2018-10-21,metro,Istanbul,M5,no,yes,9.5,M5 Yamanevler - Çekmeköy-Sancaktepe (9.5 km),
cd140be4,2018-10-22,metro,Tianjin,Line 5,yes,yes,30.0,Line 5 Danhebeidao - Zhongyiyifuyuan (~30 km),
cf7c7c34,2018-10-25,tram,Sheffield,Sheffield Supertram tram-train,no,yes,5.6,Tram-train Meadowhall South - Rotherham Parkgate (5.6 km),tram-train onto an existing mainline
ba705ace,2018-10-25,metro,Ürümqi,Line 1,yes,yes,16.6,Line 1 Balou – Ürümqi International Airport (16.6 km),
3d5066c0,2018-10-27,metro,São Paulo,Line 4,no,yes,2.5,Line 4 Butantã - São Paulo-Morumbi (2.5 km),
323268c1,2018-10-30,light-rail,Changchun,Line 8,yes,yes,13.3,Line 8 North Huancheng Road - Guangtong Road (13.3 km),
bd75a593,2018-10-31,metro,Delhi,Pink Line,no,yes,17.8,Pink Line Shiv Vihar - Trilokpuri-Sanjay Lake (17.8 km),
b11b36dc,2018-11-02,tram,Milwaukee,The Hop,yes,yes,,Milwaukee Intermodal Station - Burns Commons,
f1d49661,2018-11-09,tram,El Paso,El Paso Streetcar,yes,yes,7.7,Streetcar loops (7.7 km),
4b4b08c9,2018-11-16,tram,St. Louis,Loop Trolley,yes,yes,3.5,Loop Trolley MHM/Forest Park - University City Library (3.5 km),
8ff3eaac,2018-11-16,tram,St. Louis,,no,no,,(limited service),not an opening
dcfcbbb4,2018-11-19,metro,Delhi,Violet Line,no,yes,3.2,Violet Line Escorts Mujesar - Ballabhgarh (3.2 km),
2ec54688,2018-11-23,light-rail,Guadalajara,Line 1,no,yes,1.0,L1 Periférico Norte - Auditorio (1 km),
fe210163,2018-11-23,tram,Strasbourg,Line D,no,yes,1.2,Line D Kehl Bahnhof - Kehl Rathaus (1.2 km),
dfcf7c7f,2018-11-24,tram,Paris,T3b,no,yes,4.3,T3b Porte de la Chapelle – Porte d'Asnières (4.3 km),
0222bf61,2018-12-01,metro,Guiyang,Line 1,no,yes,22.3,Line 1 Guiyang North Railway Station - Xiaomeng Industrial Park (22.3 km),
fe51197c,2018-12-01,metro,Seoul,Line 9,no,yes,10.0,Line 9 Sports Complex - VHS Medical Center (10 km),
d6aa01d4,2018-12-03,metro,Tianjin,Line 1,no,yes,,Line 1 Shuanglin (now underground) - Lilou,
05cb3e17,2018-12-06,metro,Bangkok,BTS Sukhumvit Line,no,yes,10.0,BTS Sukhumvit Line Samrong - Kheha (10 km),
2a176061,2018-12-07,metro,Hamburg,U4,no,yes,1.3,U4 Hafencity Universität - Elbbrücken (1.3 km),
871c6732,2018-12-09,tram,Heidelberg,,no,yes,1.0,Lines 22/26 Gadamerplatz - Montpellierbrücke (1 km),
fe752cc5,2018-12-09,tram,Ulm,Line 2,no,yes,8.8,Line 2 Kuhberg Schulzentrum - Etlinger Tor and Theater - Science Park II (8.8 km),
f4ee5c50,2018-12-14,tram,Oklahoma City,Loop Line,yes,yes,8.0,Loop Line (8 km),
09ff344d,2018-12-15,tram,Nice,Line 2,no,yes,1.7,Line 2 Grand Arénas (Pôle Intermodal) - Aéroport T2 (1.7 km),
1cc1b52e,2018-12-20,metro,Moscow,Line 2,no,yes,,Line 2 Belomorskaya station,in-fill station
a8788ff4,2018-12-24,metro,Chongqing,Line 5,no,yes,,Line 5 Dalongshan - Dashiba,
575b8490,2018-12-24,light-rail,New Taipei,Danhai LRT,yes,yes,7.3,Danhai LRT Hongshulin – Kanding (7.3 km),
9853bbaa,2018-12-26,tram,Chengdu,Chengdu Tram Line 2,yes,yes,13.5,T2 Chenguang – Hexin Road (13.5 km),
ab4e1110,2018-12-26,metro,Chengdu,Line 10,no,yes,17.4,Taipingyuan - Shuangliu West Station (17.4 km),
eb833bcc,2018-12-26,metro,Chengdu,Line 3,no,yes,12.7,Line 3 Chengdu Junqu General Hospital - Chengdu Medical College (12.7 km),
d0b196c1,2018-12-26,s-bahn,Qingdao,Line 13,yes,yes,66.8,Line 13 Jinggangshan Road - Dongjiakou Railway Station (66.8 km),
823c153f,2018-12-26,tram,Shanghai,Songjiang Tram T2,yes,yes,13.9,Songjiang Tram T2 Canghua Road - Zhongchen Road (13.9 km),
6f2a0139,2018-12-26,metro,Xi'an,Line 4,yes,yes,35.2,Line 4 Xi'an North Railway Station - Hangtian Xincheng (35.2 km),
7b814a5a,2018-12-28,metro,Chongqing,Loop Line,yes,yes,,Loop Line Chongqing Library - Haixialu via North Railway Station ( 34.3 km ),
c992c211,2018-12-28,metro,Chongqing,Line 4,yes,yes,15.6,Line 4 North Station - Tangjiatuo (15.6 km),
4fbf7aea,2018-12-28,s-bahn,Guangzhou,Line 14,no,yes,53.9,Line 14 Jiahewanggang - Dongfeng (53.9 km),
94fc1da1,2018-12-28,metro,Guangzhou,Guangfo Line,no,yes,,GuangFo Line Yangang - Lijiao,
f33e5a60,2018-12-28,s-bahn,Guangzhou,Line 21,yes,yes,25.2,Line 21 Zhenlongxi - Zengcheng Square (25.2 km),
c57c2cd6,2018-12-28,metro,Wuhan,Line 7,no,yes,17.0,Line 7 Yezhi Lake - Qinglongshan Ditiexiaozhen (17 km),
1d459596,2018-12-30,metro,Beijing,Line 8,no,yes,,Line 8 Nanluoguxiang - National Art Museum,
8a728990,2018-12-30,metro,Beijing,Line 6,no,yes,10.6,Line 6 Haidian Wuluju - Jin'anqiao (10.6 km),
aba975e4,2018-12-30,metro,Beijing,Line 8,no,yes,10.3,Line 8 Zhushikou - Yinghai (10.3 km),
1dbdd9c4,2018-12-30,metro,Moscow,Line 8A Solntsevskaya,no,yes,1.8,L8A/11 Petrovsiky Park - Savyolovskaya (1.8 km),
bc53fb97,2018-12-30,metro,Shanghai,Line 13,no,yes,16.0,Line 13 Shibo Avenue - Zhangjiang Road (16 km),
ecda45a5,2018-12-30,metro,Shanghai,Line 5,no,yes,16.4,Line 5 Dongchuan Road - Fengxian Xincheng (16.4 km),
9aeb9bc0,2018-12-31,metro,Delhi,Pink Line,no,yes,9.7,Pink Line Lajpat Nagar - Mayur Vihar Pocket-1 (9.7 km),
97bd4e1a,2019-01-01,tram,Sanya,,no,no,,(limited service!) 2018:,not an opening
a8338d95,2019-01-01,tram,Sanya,Sanya Tram,yes,yes,3.9,Sanya Railway Station - Jiefang Road (3.9 km),
4ff44cec,2019-01-11,metro,Chongqing,Line 4,no,yes,,Line 4 North Station - Min'andadao (+ Loop station),
731916b9,2019-01-22,metro,Santiago,Line 3,yes,yes,20.0,L3 Los Libertadores - Fdo. Castillo Velasco (20 km),
2689b2f3,2019-01-23,s-bahn,Wenzhou,S1,yes,yes,34.4,S1 Tongling - Olympic Center (34.4 km),
7eb19a82,2019-01-24,tram,Casablanca,T2,yes,yes,16.5,T2 Anoual - Sidi Bernoussi and T1 Facultés - Lissasfa (16.5 km),T1 was extended at the same time
3336cba9,2019-01-25,metro,Noida,Aqua Line,yes,yes,29.7,Aqua Line Sector 51 - Depot Station (29.7 km),
a4942411,2019-01-26,tram,Innsbruck,,no,yes,3.5,Lines 2/5 Leipziger Platz - Josef-Kerschbaumer-Straße & Terminal Marktplatz - Klinik/Uni (3.5 km),
2f1825e9,2019-01-31,metro,Tianjin,Line 5,no,yes,2.0,Line 5 Danhebeidao - Beichenkejiyuanbei (2 km),
32c5fe35,2019-02-02,tram,Bordeaux,Line C,no,yes,1.4,Line C Vaclav Havel – Villenave Pyrénées (1.4 km),
cb1dd7cc,2019-02-10,metro,Chennai,Blue Line,no,yes,9.7,Blue Line AG-DMS - Washermanpet (9.7 km),
1f3a4025,2019-02-11,tram,Florence,T2,yes,yes,5.0,T2 Unità - Peretola Aeroporto (5 km),
8b98fc89,2019-02-11,tram,İzmit,,no,yes,2.2,SekaPark - Plajyolu (2.2 km),
fa8a738e,2019-02-12,tram,Florence,T2,no,no,,T2 Unità - Peretola Aeroporto,duplicate of 1f3a4025
92760a67,2019-02-17,tram,Newcastle,Newcastle Light Rail,yes,yes,2.6,Newcastle Interchange - Pacific Park (2.6 km),
cad5f88c,2019-02-17,tram,Newcastle,,yes,no,2.6,Newcastle Interchange - Newcastle Beach (2.6 km),duplicate of 92760a67
aaec6497,2019-02-19,metro,Wuhan,Line 2,no,yes,13.4,Line 2 Optics Valley Square - Fozuling (13.4 km),
b7259892,2019-03-02,metro,Barcelona,Line 10 Sud,no,yes,,L10S Provençana station,in-fill station
1cf937fa,2019-03-03,metro,Mumbai,Mumbai Monorail,no,yes,10.7,Monorail Wadala Depot - Jacob Circle (10.7 km),
b8d6a3d2,2019-03-04,metro,Ahmedabad,Blue Line,yes,yes,6.5,Line 1 Vastral Gam - Apparel Park (6.5 km),
87975588,2019-03-08,metro,Delhi,Red Line,no,yes,9.4,Red Line Dilshad Garden-New Bus Adda (9.4 km),
d2212b0c,2019-03-08,metro,Delhi,Blue Line,no,yes,6.6,Blue Line Noida City Centre - Noida Electronic City (6.6 km),
9c2e2139,2019-03-08,metro,Lucknow,Red Line,no,yes,2.6,Transport Nagar - Chaudhary Charan Singh Int'l Airport (2.6 km),
d758d265,2019-03-08,metro,Lucknow,Red Line,no,yes,12.6,Red Line Charbagh - Munshipulia (12.6 km),
1d4ba367,2019-03-08,metro,Nagpur,Orange Line,yes,yes,13.5,Sitabuldi - Khapri (13.5 km - limited service),
4d90b5a4,2019-03-10,tram,Eskişehir,,no,yes,3.0,Açelya - Sehir Hastanesi (3 km),
0a37e9fa,2019-03-12,s-bahn,Istanbul,Marmaray,no,yes,76.6,Marmaray Gebze - Halkali (76.6 km),"upgraded mainline commuter rail, the Bosphorus tunnel section opened in 2013"
9c65fe6f,2019-03-12,s-bahn,Istanbul,,no,no,,reopening,not an opening
7a463429,2019-03-16,tram,Freiburg,,no,yes,1.9,Reiterstraße - Siegesdenkmal (1.9 km),
cf53d8aa,2019-03-16,tram,Freiburg,,no,yes,1.9,Heinrich-von-Stephan-Str. - Europaplatz (1.9 km),
88b27d34,2019-03-20,metro,Hyderabad,Blue Line,no,yes,10.0,Blue Line Ameerpet - Hitec City (10 km),
64437e17,2019-03-23,metro,Madrid,Line 7,no,yes,,Line 7 Arroyofresno station,in-fill station
ea69fe22,2019-03-24,metro,Jakarta,MRT North–South Line,yes,yes,15.7,MRT Bunderan HI - Lebak Bulus (15.7 km),
ec158dfd,2019-04-01,s-bahn,Jinan,Line 1,yes,yes,26.2,Fangte - Gongyanyuan (26.2 km),
a7bd8d91,2019-04-07,metro,Tehran,Line 6,yes,yes,9.0,Line 6 Shohada Square - Dowlat Abad (9 km),
4266e300,2019-04-10,metro,Harbin,Line 1,no,yes,,Line 1 Harbin South Railway Station - Xinjiang Street,
f5d94430,2019-04-20,tram,Canberra,Canberra Light Rail,yes,yes,12.0,Gungahlin Place - Alinga Street (12 km),
7543a7f7,2019-04-25,metro,Panama City,Line 2,yes,yes,22.0,Line 2 San Miguelito - Nuevo Tocumen (22 km),
b6cc6b64,2019-04-26,s-bahn,Denver,Line G,yes,yes,11.5,Line G Union Station - Wheat Ridge-Ward (11.5 km),
bef6ce89,2019-04-26,metro,Fuzhou,Line 2,yes,yes,30.0,Line 2 Suyang - Yangli (30 km),
9cb54eb9,2019-04-30,tram,Aarhus,Aarhus Letbane (Grenaa line),no,yes,,Aarhus H - Grenaa & Lisbjerg - Lystrup,conversion of the Grenaa railway plus a short extension
3ba88182,2019-05-07,light-rail,Mendoza,Metrotranvía,no,yes,5.1,Las Heras - Panquehua (Avellaneda) (5.1 km),
494d7710,2019-05-08,metro,Doha,Red Line,yes,yes,,Red Line Al Qassar - Al Wakra,
900495a1,2019-05-17,tram,Denver,,no,yes,3.7,Lincoln Station - RidgeGate (3.7 km),
ac952b31,2019-05-18,tram,Phoenix,Valley Metro Rail,no,yes,3.0,Mesa Drive - Gilbert Rd/Main St (3 km),
52db9e8b,2019-05-19,light-rail,The Hague,Line 4,no,yes,2.0,Line 4 Javalaan - Lansingerland-Zoetermeer (2 km),
144f54e2,2019-05-20,metro,Zhengzhou,Line 5,yes,yes,40.0,Line 5 Circle Line (40 km),
2760dec0,2019-05-25,metro,Shenyang,Line 9,yes,yes,29.0,Line 9 Nujianggongyuan - Jianzhudaxue (29 km),
b19401fa,2019-05-26,metro,Changsha,Line 4,yes,yes,33.5,Line 4 Guanziling - Dujiaping (33.5 km),
ba59e240,2019-05-26,metro,Sydney,Sydney Metro North West,yes,yes,36.0,NW Metro Chatswood - Tallawong (36 km),
f2acfd8a,2019-06-03,metro,Buenos Aires,Line E,no,yes,2.0,Line E Bolívar - Retiro (2 km),
f077ac59,2019-06-03,tram,Constantine,T1,no,yes,6.9,T1 Zouaghi Slimane - Chahid Kadri Brahim (6.9 km),
2367206f,2019-06-03,metro,Moscow,Line 15,yes,yes,5.3,Line 15 Kosino - Nekrasovka (5.3 km),
eab02895,2019-06-06,metro,Nanning,Line 3,yes,yes,27.9,Line 3 Keyuan Dadao - Pingliang Overpass (27.9 km),
356fec85,2019-06-11,metro,Jakarta,Jakarta LRT Line 1,yes,yes,5.8,LRT Velodrome - Kelapa Gading Mall (5.8 km),
5486192c,2019-06-15,metro,Cairo,Line 3,no,yes,4.0,Line 3 Al Ahram - El Shams Club (4 km),
eb3d19a8,2019-06-17,tram,Strasbourg,Line E,no,yes,1.6,Line E Boecklin - Robertsau L'Escale (1.6 km),
3d9f63ec,2019-06-20,metro,Moscow,Line 1,no,yes,8.5,Line 1 Salaryevo - Kommunarka (~8.5 km),
ab092a49,2019-06-21,tram,Kitchener–Waterloo,ION,yes,yes,19.0,Conestoga - Fairway (19 km),
daa41510,2019-06-22,tram,Wrocław,Line 16,no,yes,0.9,Line 16 Pulaskiego/Kosciuszki - Hubska/Prudnicka (0.9 km),
9fa7e9b4,2019-06-23,metro,Lanzhou,Line 1,yes,yes,26.8,Line 1 Chenguanying - Donggang (26.8 km),
7df04b8d,2019-06-24,metro,Hangzhou,Line 5,yes,yes,16.2,Line 5 Liangmu Road - Shanxian (16.2 km),
a2a4b5e0,2019-06-26,metro,Shijiazhuang,Line 1,no,yes,10.4,Line 1 Xiaohedadao - Fuze (10.4 km),
40904b47,2019-06-28,tram,Nice,Line 2,no,yes,2.0,Line 2 Magnan - Jean Médecin (2 km),
e7a6de90,2019-06-28,metro,Ürümqi,Line 1,no,yes,10.7,Line 1 Balou - Santunbei (10.7 km),
3ca188fc,2019-06-30,metro,Nanchang,Line 2,no,yes,11.9,Line 2 Metro Central - Xinjia'an (11.9 km),
b8f395d9,2019-06-30,metro,Ningbo,Line 3,yes,yes,16.7,Line 3 Datong Bridge - Gaotang Bridge (16.7 km),
6a4a874f,2019-07-05,tram,Belgrade,,no,yes,,Lines 11/13 Hipodrom/Gosp. Mehana - ZS Novi Beograd (via Ada Bridge; 3.3 km),
4c3255e4,2019-07-05,tram,Samsun,,no,yes,6.0,OMÜ Rektörlük (ex Üniversite) - Yurtlar (6 km),
9619a26f,2019-07-09,tram,Budapest,Line 1,no,yes,1.5,Line 1 Etele út/Fehérvári út - Kelenföld vasútállomás (1.5 km),
d2e1a191,2019-07-27,tram,Caen,Caen Tramway T1–T3,yes,yes,16.4,Lines T1-T3 rebuilt tram (16.4 km),three new tram lines replacing the TVR guided bus
f9d3f1d6,2019-07-27,metro,Mashhad,Line 2,no,yes,,Line 2 Shariati - Shahid Kaveh,
4fc71ca5,2019-08-09,metro,Bangkok,BTS Sukhumvit Line,no,yes,1.4,BTS Sukhumvit Line Mo Chit - Ha Yaek Lat Phrao (1.4 km),
c3d7983e,2019-08-10,tram,Shanghai,Songjiang Tram T2,no,yes,12.7,Songjiang Tram T2 Full circle (12.7 km),
495bb04d,2019-08-11,light-rail,Antalya,AntRay T3,yes,yes,13.0,T3 Atatürk - Varsak (13 km),
a03665e4,2019-08-12,metro,Bangkok,Blue Line,no,yes,13.9,MRT Blue Line Hua Lamphong - Lak Song (13.9km),
f653255d,2019-08-26,metro,São Paulo,Line 15,no,yes,,Line 15 Vila União - Jardim Planalto,
9e8cd477,2019-09-01,tram,Saint Petersburg,Line 59,no,yes,,Line 59 Pros. Nastavnikov - Ul. Elektropul'tovchev,
f3204f43,2019-09-02,tram,Zürich,Line 2,no,yes,2.9,Line 2 Farbhof - Schlieren Geisswand (2.9 km),
b50ff4a6,2019-09-04,metro,Kochi,Line 1,no,yes,5.5,Maharaja’s College - Thykoodam (5.5 km),
49ab76a0,2019-09-14,light-rail,Ottawa,NEW,no,no,,NEW LIGHT RAIL!,not an opening
b6e996d9,2019-09-14,light-rail,Ottawa,Confederation Line,yes,yes,12.5,Confederation Line Blair - Tunney’s Pasture (12.5 km),
9d7aa5a9,2019-09-15,metro,Warsaw,M2,no,yes,3.1,M2 Dw. Wilenski - Trocka (3.1 km),
32ceb38d,2019-09-19,metro,Zhengzhou,Line 14,yes,yes,,Line 14 Tielu - Olympic Sports Center (xx km),
c8886005,2019-09-21,metro,Bangkok,Blue Line,no,yes,8.0,MRT Blue Line Bang Wa - Lak Song (8 km),
cad3c641,2019-09-21,metro,Changzhou,Line 1,yes,yes,34.2,Line 1 Forest Park - Nanxiashu (34.2 km),
df1f6792,2019-09-25,metro,Wuhan,Line 4,no,yes,16.0,Line 4 Huangjinkou - Bolin (16 km),
5fc70da0,2019-09-26,s-bahn,Beijing,Daxing Airport Express,yes,yes,41.4,Daxing Airport Express Cao Qiao - Daxing Airport (41.4 km),
8c2707b0,2019-09-26,metro,Xi'an,Line 1,no,yes,6.1,Line 1 Houweizhai - Fenghesenlingongyuan (6.1 km),
f64ced85,2019-09-28,metro,Gimpo,Gimpo Gold Line,yes,yes,23.5,Gimpo Gold Line Gimpo Airport - Yangchon (23.5 km),
37359c1d,2019-09-28,metro,Ningbo,Line 3,no,yes,5.6,Line 3 (Ningfeng Line) Gaotang Bridge - Minghui Rd (5.6 km),
0c2738fc,2019-09-28,metro,Shenzhen,Line 5,no,yes,7.6,Line 5 Qianhaiwan - Chiwan (7.6 km),
62292851,2019-09-28,metro,Tehran,Line 6,no,yes,1.0,Line 6 Shohada Square - Emam Hossein (1 km),
9fcae6de,2019-09-28,s-bahn,Wenzhou,S1,no,yes,19.1,S1 Olympic Center - Shuang'ou Avenue (19.1 km),
2ad18fba,2019-09-28,metro,Wuxi,Line 1,no,yes,5.2,Line 1 Changguangxi - Nanfangquan (5.2 km),
870881d4,2019-09-28,metro,Xuzhou,Line 1,yes,yes,22.0,Line 1 Luwo - Xuzhou East Railway Station (22 km),
2e48d15d,2019-09-29,metro,Copenhagen,M3,yes,yes,15.5,M3 Cityringen (15.5 km),
5e2019d5,2019-09-29,metro,Xi'an,Airport Intercity Line,yes,yes,29.3,"Airport Intercity Line Beikezhan (North Railway Station) - Airport West (T1, T2, T3) (29.3 km)",
ef95324b,2019-09-30,metro,Rotterdam,Line B (Hoekse Lijn),no,yes,24.0,Schiedam Centrum - Hoek van Holland Haven (24 km),conversion of the Hoek van Holland mainline branch to metro
e633d9e2,2019-10-01,metro,Naha,Okinawa Monorail,no,yes,4.1,Monorail Shuri - Tedako-Uranishi (4.1 km),
5d43a2d3,2019-10-03,metro,Saint Petersburg,Line 5,no,yes,6.1,Line 5 Mezhdunarodnaya - Shushary (6.1 km),
09c8e89c,2019-10-04,metro,Delhi,Grey Line,yes,yes,4.3,Grey Line Dwarka - Najafgarh (4.3 km),
62c23340,2019-10-12,tram,Paris,T1,no,yes,0.8,T1 Asnières Les Courtilles – Asnières Quatre Routes (0.8 km),
b4f8bb9d,2019-10-19,tram,Avignon,Avignon Tramway T1,yes,yes,5.2,T1 Saint Roch – Saint Chamand (5.2 km),
8326603d,2019-10-26,tram,Rio de Janeiro,T3,no,yes,1.0,T3 Candelária - Cristiano Ottoni (1 km),
9f042947,2019-11-02,metro,Singapore,North–South Line,no,yes,,NSL Canberra station,in-fill station
46dc18fb,2019-11-06,metro,Wuhan,Line 8,no,yes,4.8,Line 8 Yezhi Lake - Military Athletes’ Village (4.8 km),
60317a15,2019-11-13,tram,Nice,Line 3,no,yes,3.8,Line 3 Digue des Français - Saint-Isidore (3.8 km),
d0b107d6,2019-11-16,tram,Saint-Étienne,T3,no,yes,4.2,T3 Châteauxcreux Gare - Roger Rocher (4.2 km),
855f924e,2019-11-18,tram,Kazan,Line 5,no,yes,1.0,Line 5 Solnechniy Gorod - Ul. Midkhata Bulatova (1 km),
48d252cc,2019-11-21,metro,Doha,Gold Line,yes,yes,14.0,Gold Line Al Aziziyah - Ras Bu Abboud (14 km),
c3126d7d,2019-11-21,metro,Zhengzhou,Line 1,no,yes,1.4,Line 1 Wenyuanbeilu - New Campus of Henan University (1.4 km),
d3a67c95,2019-11-22,tram,Lyon,Line B,no,yes,6.7,Line T6 Debourg - Hôpitaux Est Pinel (6.7 km),
8e80dde9,2019-11-29,metro,Hyderabad,Blue Line,no,yes,1.5,Blue Line Hitec City - Raidurg (1.5 km),
b8daa366,2019-12-02,tram,Vienna,Line D,no,yes,1.1,Line D Hauptbahnhof Ost - Absberggasse (1.1 km),
83479530,2019-12-04,metro,Bangkok,BTS Sukhumvit Line,no,yes,3.3,Sukhumvit Line Ha Yaek Lat Phrao - Kasetsart University (3.3 km),
53e1ed45,2019-12-08,tram,Antwerp,Line 1,no,yes,3.5,Line 1/24 Stadspark - Havenhuis (3.5 km),
6e93379b,2019-12-08,metro,Shenzhen,Line 9,no,yes,10.8,Line 9 Hongshuwan South - Qianwan (10.8 km),
da3c19ac,2019-12-09,metro,Hamburg,U1,no,yes,,U1 Oldenfelde station,in-fill station
a1761b03,2019-12-10,metro,Doha,Green Line,yes,yes,22.0,Green Line Al Riffa - Al Mansoura (22 km),
b75e0888,2019-12-10,metro,Doha,Red Line,no,yes,20.0,Red Line Al Qassar - Lusail & Airport branch (~20 km),
57472e7a,2019-12-10,metro,Macau,Taipa Line,yes,yes,9.3,Linha da Taipa Oceano - Terminal Marítimo da Taipa (9.3 km),
23f29ea2,2019-12-11,tram,Birmingham,,no,yes,0.7,Grand Central - Library /Centenary Square (0.7 km),
e3bc9867,2019-12-14,tram,Bordeaux,Line D,no,yes,3.5,Line D Quinconces - Mairie du Bouscat (3.5 km),
837d5c73,2019-12-14,tram,Nice,Line 2,no,yes,1.6,Line 2 Jean Médecin - Port Lympia (1.6 km),
535d25bd,2019-12-14,tram,Paris,T4,no,yes,,T4 Gargan - Arboretum (Montfermeil),
f25b3e03,2019-12-14,tram,Sydney,Line 2,no,yes,7.3,L2 Circular Quay - Randwick (7.3 km),
a237fddf,2019-12-15,s-bahn,Frankfurt,S8,no,yes,,S8/S9 Gateway Gardens station,in-fill station
2c3eb7a0,2019-12-15,s-bahn,Geneva,Léman Express (CEVA),yes,yes,,Léman Express Genève Cornavin - Annemasse,new mainline cross-border link through Geneva
41d971c6,2019-12-15,tram,Geneva,Line 17,no,yes,2.0,Line 17 Moillesulaz - Annemasse-Parc-Montessuit (2 km),
982cf0fb,2019-12-15,s-bahn,Hamburg,S3,no,yes,,S3/S31 Elbbrücken station,in-fill station
2068bbd4,2019-12-16,metro,Marseille,Line 2,no,yes,,Line 2 Bougainville - Gèze,
c9ee0075,2019-12-16,tram,Plzeň,Line 4,no,yes,1.4,Line 4 Bory - Univerzita (1.4 km),
b86f43be,2019-12-16,metro,Qingdao,Line 2,no,yes,,Line 2 Zhiquan Road - Taishan Road,
4135f15b,2019-12-16,metro,São Paulo,Line 15,no,yes,,Line 15 Jardim Planalto - São Mateus (limited service),
b57f483c,2019-12-16,tram,Utrecht,Line 22,no,yes,8.0,Line 22 Utrecht Centraal - P+R Science Park (8 km),
a735d433,2019-12-20,s-bahn,Guangzhou,Line 21,no,yes,35.3,Line 21 Yuancun - Zhenlongxi (35.3 km),
bf165dbd,2019-12-21,tram,Grenoble,Line A,no,yes,1.0,Line A Échirolles/Denis-Papin - Pont-de-Claix/L’Étoile (1.0 km),
c02782f6,2019-12-21,metro,Seoul,Line 6,no,yes,1.3,Line 6 Bonghwasan - Sinnae (1.3 km),
24687f35,2019-12-24,tram,Doha,Education City Tram,yes,yes,2.4,Education City Tram Stadium North - Qatar Academy (2.4 km loop line),
e402efc2,2019-12-25,metro,Suzhou,Line 3,yes,yes,45.3,Line 3 Suzhou Xinqu Railway Station - Weiting (45.3 km),
ba5f4ddf,2019-12-25,metro,Xiamen,Line 2,yes,yes,41.6,Line 2 Wuyuanwan - Tianzhushan (41.6 km),
84d4fa69,2019-12-26,metro,Hefei,Line 3,yes,yes,37.2,Line 3 Xiangcheng Road - Xingfuba (37.2 km),
3a37b5d3,2019-12-27,tram,Chengdu,T2,no,yes,,T2 three sections,
b14317e1,2019-12-27,metro,Chengdu,Line 5,yes,yes,49.0,Line 5 Huagui Rd - Huilong (49 km),
eec623aa,2019-12-27,metro,Chengdu,Line 10,no,yes,25.8,Line 10 Shuangliu Int’l Airport Terminal 2 - Xinping (25.8 km),
8af59966,2019-12-28,metro,Beijing,Line 7 / Batong Line,no,yes,,Line 7 Jiaohuachang - Huazhuang and Batong Line Tuqiao - Huazhuang + Line 13 Qinghe station,
80f5ae82,2019-12-28,metro,Guangzhou,Line 8,no,yes,1.8,Line 8 Fenghuang Xincun - Cultural Park (1.8 km),
cd41e506,2019-12-28,metro,Guiyang,Line 1,no,yes,1.1,Line 1 Xiamaixi - Douguan (1.1 km),
ab3a6dcf,2019-12-28,metro,Jinan,Line 3,yes,yes,21.6,Line 3 Tantou - Longdong (21.6 km),
6f4898ad,2019-12-28,metro,Tianjin,Line 1,no,yes,,Line 1 Lilou - Donggulu,
a2e3d746,2019-12-28,metro,Zhengzhou,Line 2,no,yes,10.3,Line 2 Liuzhuang - Jiahe (10.3 km),
65cbbeb3,2019-12-29,metro,Hohhot,Line 1,yes,yes,21.7,Line 1 Yili Health Valley - Bayan (Airport) (21.7 km),
06ecdb42,2019-12-30,metro,Chongqing,Loop Line,no,yes,9.5,Loop Line Haixialu - Erlang (9.5 km),
f85b4abb,2019-12-30,metro,Chongqing,Line 1,no,yes,,Line 1 Jiandingpo - Bishan,
e5496685,2019-12-30,tram,Doha,Msheireb Tram,yes,yes,,Msheireb Tram (circle line),
79e2ff8d,2019-12-30,tram,Foshan,Gaoming Tram,yes,yes,6.6,Gaoming Tram Zhihu - Cangjiang Road (6.6 km),
d03d8845,2019-12-30,tram,Shanghai,Songjiang Tram,no,yes,3.9,Songjiang Tram Xinmiaosan Road - Xinqiao Railway Station (3.9 km),
dd360376,2019-12-31,tram,Magnitogorsk,,no,yes,2.2,Pros. Karla Marksa/ul. Truda - K/p Zelenyi Log (2.2 km),
4f63b0d5,2020-01-10,tram,Port Louis,Line 2019,no,no,,2019,not an opening
94ce6353,2020-01-10,tram,Port Louis,Metro Express,yes,yes,12.6,Port Louis Victoria - Rose Hill (12.6 km),
9b5d6eea,2020-01-20,metro,Shijiazhuang,Line 3,no,yes,5.4,Line 3 Shierzhong – Xisanzhuang (5.4 km),
563aa654,2020-01-28,metro,Nagpur,Aqua Line,yes,yes,9.7,"Aqua Line Lokmanya Nagar - Sitabuldi (9.7 km, 6 stations only)",first opening of the Aqua Line
862bb950,2020-01-31,metro,Singapore,Thomson–East Coast Line,yes,yes,3.2,TEL Woodlands North – Woodlands South (3.2 km),
9ebb83f3,2020-01-31,metro,Singapore,TEL,yes,no,,TEL Woodlands North - Woodlands South,duplicate of 862bb950
d1376607,2020-01-31,metro,Taipei,Circular Line,yes,yes,15.4,Yellow (Circular) Line New Taipei Industrial Park – Dapinglin (15.4 km),
76dcc49a,2020-02-01,metro,Barcelona,Line 10,no,yes,1.7,L10 S Foc - Zona Franca (1.7 km),
ed734e55,2020-02-05,tram,Daugavpils,T3,no,yes,,T3 Bralu kapi - Stropu ezers via Ciekuru iela (new route via hospital; 2.1 km),
b67b8c25,2020-02-07,metro,Hyderabad,Green Line,yes,yes,11.0,Green Line JBS Parade Ground – Mahatma Gandhi Bus Station (11 km),
99f94c4d,2020-02-13,metro,Kolkata,Line 2 East–West,yes,yes,5.0,Line 2 Salt Lake Sector V – Salt Lake Stadium (5 km),
d6cb3d1a,2020-02-13,metro,Tabriz,Line 1,no,yes,7.2,Line 1 Meydan-e Sa'at – Nur (7.2 km),
d0a8a3f7,2020-02-14,s-bahn,Hong Kong,Tuen Ma Line,no,yes,6.8,Tuen Ma Line (Ma On Sha Line) Tai Wai – Kai Tak (6.8 km),
d67c06a5,2020-02-15,metro,Bangkok,Blue Line,no,yes,,Blue Line Tao Poon - Tha Phra (free shuttle service),
b9de7222,2020-02-15,tram,Vitoria-Gasteiz,Euskotren Tranbia,no,yes,1.5,Angulema – Universidades (1.5 km),
69aa8f78,2020-02-29,tram,Bordeaux,Line D,no,yes,5.5,Line D Mairie du Bouscat – Eysines Cantinolle (5.5 km),
e44768c4,2020-02-29,tram,Bordeaux,Line D,no,no,5.5,Line D Mairie du Bouscat - Cantinolle (5.5 km),duplicate of 69aa8f78
4b749977,2020-03-22,tram,Manchester,Trafford Park Line,no,yes,5.4,Pomona – intu Trafford Centre (5.4 km),
ba8df583,2020-03-27,metro,Moscow,Line 15,no,yes,14.4,Line 15 (Nekrasovskaya) Kosino – Lefortovo (14.4 km),
77d544d1,2020-03-28,metro,Copenhagen,M4,yes,yes,2.2,M4 Østerport – Orientkaj (2.2 km),"new M4 service with its own Nordhavn branch, sharing the M3 Cityringen tunnel"
b9062821,2020-04-03,tram,Sydney,Line 3,no,yes,3.1,L3 Moore Park – Juniors Kingsford (3.1 km),
08334910,2020-04-04,metro,Warsaw,M2,no,yes,3.4,M2 Rondo Daszynskiego - Ksiecia Janusza (3.4 km),
4a52a6e1,2020-04-23,metro,Hangzhou,Line 5,no,yes,38.4,L5 Liangmu Road – Jinxing & Shanxian – Guniangqiao (38.4 km),
ba0407f3,2020-04-23,metro,Hangzhou,Line 16,yes,yes,35.0,L16 Lüting Road – Jiuzhou Street (35 km),
70de004b,2020-04-29,metro,Shenyang,Line 10,yes,yes,27.2,L10 Dingxianghu – Zhangshabu (27.2 km),
32f422a1,2020-05-01,tram,Tianshui,Tianshui Tram,yes,yes,13.0,Wulipu – Tianshui Railway Station (13 km),
dadb39b6,2020-05-25,tram,Cuenca,Cuenca Tramway,yes,yes,11.0,Control Sur - Parque Industrial (11 km),
09eb7279,2020-05-30,metro,Ningbo,Line 2,no,yes,5.6,Line 2 Qingshuipu – Congyuan Road (5.6 km),
f2179700,2020-06-05,metro,Bangkok,BTS Sukhumvit Line,no,yes,4.3,Sukhumvit Line Kasetsart University – Wat Phra Sri Mahathat (4.3 km),
77c0f3a6,2020-06-06,metro,Tokyo,Hibiya Line,no,yes,,Hibiya Line Toranomon Hills station,in-fill station
4723bd98,2020-06-13,metro,San Francisco,BART,no,yes,16.0,BART Warm Springs/South Fremont – Berryessa/North San José (16 km),
2150c20e,2020-06-28,metro,Changsha,Line 3,no,yes,36.4,Line 3 Shantang – Guangsheng (36.4 km),
968d12ca,2020-06-28,metro,Changsha,Line 5,yes,yes,22.5,Line 5 Shuiduhe – Maozhutang (22.5 km),
6a2734be,2020-06-30,tram,Gdańsk,Line 12,no,yes,3.2,Line 12 Migowo – Lawendowe Wzgórze (3.2 km),
b3181a1c,2020-07-01,tram,Guangzhou,Huangpu Tram Line 1,yes,yes,7.0,Huangpu Tram Changping Subway Station – Xinfeng Lu (7 km),
574cc206,2020-07-07,metro,Athens,Line 3,no,yes,4.0,Line 3 Ag. Marina – Nikaia (4 km),
b19a718d,2020-07-25,tram,Szczecin,Line 3,no,yes,,Line 3 Las Arkonski – Rondo Olszewskiego,
662f0cd2,2020-08-08,metro,Seoul,Line 5,no,yes,4.4,Line 5 Sangil-dong – Hanam Pungsan (4.4 km),
db12e915,2020-08-16,metro,Cairo,M3,no,yes,7.5,M3 El Shams Club - Adly Mansour (7.5 km),
0eb23883,2020-08-18,metro,Shenzhen,Line 10,yes,yes,28.9,Line 10 Futian Checkpoint – Shuangyong Street (28.9 km),
33c99f8c,2020-08-18,metro,Shenzhen,Line 6,yes,yes,49.1,Line 6 Science Museum – Songgang (49.1 km),
66aa5a21,2020-08-26,metro,Shijiazhuang,Line 2,yes,yes,15.5,Line 2 Liuxinzhuang – Jiahualu (15.5 km),
ff4a6891,2020-08-26,metro,Sofia,M3,yes,yes,7.8,M3 Krasno Selo – Hadzhi Dimitar (7.8 km),
789dd664,2020-08-29,tram,Kazan,Line 5 (Boriskovo),no,yes,7.7,reopening Railway Station – Boriskovo (7.7 km),reopening of a closed tram line
7e916064,2020-08-29,tram,Kazan,Line 5,no,yes,1.8,Line 5 Ul. Midkhata Bulatova – Boriskovo loop (1.8 km),
266b0075,2020-08-29,tram,Strasbourg,Line F,no,yes,1.7,Line F Faubourg National – Comtes (1.7 km),
f7943575,2020-08-29,metro,Tashkent,Yunusobod Line,no,yes,,Yunusobod Line Shahriston – Turkeston,
79c1d867,2020-08-30,metro,Tashkent,Circle Line,yes,yes,11.0,Circle Line Do'stlik-2 – Qo'ylik (11 km),
afbb0eb4,2020-08-31,tram,Paris,T4,no,yes,0.9,T4 Arboretum – Hôpital de Montfermeil (0.9 km),
b4f676b4,2020-08-31,tram,Toulouse,T1,no,yes,0.6,T1 Aéroconstellation – Meett (0.6 km),
f6e4e32f,2020-08-31,tram,Toulouse,T1,no,no,,T1 Aéroconstellation – Meett,duplicate of b4f676b4
714fed51,2020-09-01,tram,Poznań,Line 5,no,yes,0.7,Line 5 Zegrze I – Unii Lubelskieij (0.7 km),
afb2d332,2020-09-07,metro,Kochi,Line 1,no,yes,1.1,Thykoodam - Petta (1.1 km),
475c3a2f,2020-09-12,metro,Guadalajara,Line 3,yes,yes,19.8,L3 Arcos de Zapopan – Central de Autobuses (19.8 km),
bda54a41,2020-09-12,s-bahn,Seoul,Suin-Bundang Line,no,yes,18.8,Suin-Bundang Line Hanyang University at Ansan – Suwon (18.8 km),
4e527387,2020-09-15,metro,Bucharest,M5,yes,yes,7.2,M5 Eroilor – Valea Ialomitei / Raul Doamnei (7.2 km),
0b5411d5,2020-09-21,s-bahn,Denver,N Line,yes,yes,21.0,N Line Union Station – Eastlake/124th (21 km),
361c1ead,2020-09-23,metro,Jaipur,Pink Line,no,yes,2.3,Pink Line Chandpole – Badi Chaupar (2.3 km),
59ad9312,2020-09-23,metro,Kunming,Line 4,yes,yes,43.4,Line 4 Jinchuan Road – Kunming South Railway Station (43.4 km),
d19daa40,2020-09-23,metro,Kunming,Line 6,no,yes,7.3,Line 6 East Coach Station – Tangzixiang (7.3 km),
a07cc4af,2020-09-27,s-bahn,Chengdu,Line 18,yes,yes,48.2,Line 18 South Railway Station – Sancha (48.2 km),
84276e0a,2020-09-27,s-bahn,Ningbo,Line 3 (Ningfeng section),no,yes,15.9,Yinfeng Line Minghui Road – Jinhai Road (15.9 km),Ningfeng intercity section operated as part of Line 3
8d7ef6c2,2020-10-01,metro,Hohhot,Line 2,yes,yes,28.2,Line 2 Talidonglu – A'ershanlu (28.2 km),
7c2b4740,2020-10-01,tram,Mengzi,Honghe Tram,yes,yes,13.0,Honghe Tram Mengzi North Railway Station – Bus Station (13 km),
41cf4f28,2020-10-03,tram,Vienna,Line O,no,yes,0.8,Line O Nordbahnstraße – Bruno-Marek-Allee (0.8 km),
1d8b7551,2020-10-04,tram,Oslo,Line 13,no,yes,0.7,13/19 Björvika – Oslo Hospital (0.7 km; replaces St. Halvards plass - Jernbanetorget ),
3d97a95b,2020-10-05,metro,Kolkata,Line 2,no,yes,1.7,Line 2 Salt Lake Stadium – Phoolbagan (1.7 km),
cbd4bd35,2020-10-10,tram,Sanya,,no,yes,4.5,Jiefang Road - Jiangang Road (4.5 km),
0d7b5c28,2020-10-15,metro,Nuremberg,U3,no,yes,0.9,U3 Gustav-Adolf-Straße – Großreuth bei Schweinau (0.9 km),
2d8b136c,2020-10-25,metro,Lahore,Orange Line,yes,yes,27.1,Orange Line Ali Town – Dera Gujran (27.1 km),
9c313dc0,2020-10-26,s-bahn,Berlin,S9,no,yes,8.0,S9/S45 Flughafen BER Terminal 5 – Flughafen BER Terminal 1-2 (8 km),
afa9106b,2020-10-28,metro,Istanbul,M7,yes,yes,16.7,M7 Mahmutbey – Sisli-Mecidiyeköy (16.7 km),
3188ba31,2020-10-28,metro,Shenzhen,"Lines 2/8, 3, and others",no,yes,,Line 2/8 Xinxiu - Yantian Road ; Line 3 Yitian - Futian Bonded Area ; Line 4 Qinghu - Niuhu,"several extensions, including Line 8 phase 1, operated as part of Line 2 until 2023"
8118e389,2020-10-28,metro,Wuxi,Line 3,yes,yes,28.5,Line 3 Sumiao – Sunan Shuofang International Airport (28.5 km),
7c6d31c8,2020-11-01,tram,Bochum,Line 309,no,yes,2.0,309/310 Langendreer Markt - Papenholz (2 km; replaces Unterstr. - Papenholz ),
ede5b088,2020-11-07,metro,Minsk,Line 3,yes,yes,3.5,Line 3 Yubileynaya Ploshchad' – Koval'skaya Sloboda (3.5 km),
107b40fd,2020-11-15,light-rail,New Taipei,Danhai LRT,no,yes,2.4,Danhai Light Rail Binhai Shalun – Tamsui Fisherman's Wharf (2.4 km),
18ff9469,2020-11-23,metro,Nanning,Line 4,no,yes,20.7,Line 4 Hongyun Lu – Lengtangcun (20.7 km),
2bc3396d,2020-11-23,metro,Nanning,Line 2,no,yes,6.3,Line 2 Yudong – Tanze (6.3 km),
ac6567e3,2020-11-26,metro,Guangzhou,Line 8,no,yes,16.3,Line 8 Cultural Park – Jiaoxin (16.3 km),
7bf6bc6f,2020-11-28,tram,Karlsruhe,Line 2,no,yes,1.6,Line 2 Siemensallee – Knielingen Nord (1.6 km),
051b4c41,2020-11-28,metro,Xuzhou,Line 2,yes,yes,24.2,Line 2 Keyunbeizhan – Xinchengqudong (24.2 km),
5617c902,2020-12-04,metro,Berlin,U5,no,yes,2.2,U5 Brandenburger Tor – Alexanderplatz (2.2 km; without Museumsinsel station),
f5d8bef9,2020-12-04,metro,Berlin,,no,no,,>>> Special Gallery &,not an opening
b3decf79,2020-12-06,tram,Bydgoszcz,,no,yes,0.7,Rondo Kujawskie – Zbozowy Rynek (0.7 km),
2ff013cb,2020-12-12,metro,Incheon,Line 1,no,yes,0.9,Line 1 International Business District – Songdo Moonlight Festival Park (0.9 km),
e81e601b,2020-12-13,tram,Freiburg,Line 4,no,yes,1.0,Line 4 Technische Fakultät – Messe (1 km),
5610e35b,2020-12-13,tram,Lund,Lund Tram,yes,yes,5.5,Lund C – ESS (5.5 km),
fc1e2dd6,2020-12-13,tram,Luxembourg,T1,no,yes,2.0,T1 Stäreplaz/Étoile – Gare Centrale (2 km),
b22c6a35,2020-12-14,metro,Paris,M14,no,yes,5.8,M14 Saint-Lazare – Mairie de Saint-Ouen (5.8 km; without Porte de Clichy station),
db0c50b2,2020-12-16,metro,Bangkok,BTS Sukhumvit Line,no,yes,9.8,Sukhumvit Line Wat Phra Sri Mahathat – Khu Khot (9.8 km),
faae767a,2020-12-16,metro,Bangkok,Gold Line,yes,yes,1.8,Gold Line (APM) Krung Thona Buri – Khlong San (1.8 km),
fd98efce,2020-12-16,tram,Magdeburg,,no,yes,1.1,Raiffeisenstraße – Warschauer Straße (1.1 km),
15d85d4b,2020-12-18,s-bahn,Chengdu,Line 18,no,yes,19.7,Line 18 Sancha – Tianfu International Airport North (19.7 km),
1b2323bb,2020-12-18,metro,Chengdu,Line 8,yes,yes,28.8,Line 8 Lianhua – Shilidian (28.8 km),
232b9dbf,2020-12-18,metro,Chengdu,Line 9,yes,yes,21.8,Line 9 Huangtianba – Financial City East (21.8 km),
a1991491,2020-12-18,metro,Chengdu,Line 17,yes,yes,25.3,Line 17 Jitouqiao – Jinxing (25.3 km),
b0ff8a87,2020-12-18,metro,Chengdu,Line 6,yes,yes,69.7,Line 6 Wangcong Temple – Lanjiagou (69.7 km),
4a332222,2020-12-21,metro,Rennes,Line B,yes,no,,Line B Saint-Jacques - Gaîté – Cesson-Viasilva,forecast date; the line opened on 2022-09-20 (0dc7c7d5)
d2a8e187,2020-12-23,metro,Ningbo,Line 4,yes,yes,36.5,Line 4 Cicheng – Dongqian Lake (36.5 km),
5776437b,2020-12-24,s-bahn,Qingdao,Line 8,yes,yes,48.3,Line 8 Qingdao North Railway Station – Jiaozhou North Railway Station (48.3 km),
b51c5160,2020-12-24,metro,Qingdao,Line 1,yes,yes,21.9,Line 1 Qingdao North Railway Station – Dongguozhuang (21.9 km),
9f5dc066,2020-12-26,metro,Hefei,Line 5,yes,yes,23.2,Line 5 Wanghucheng West – Guiyanglu (23.2 km),
fe2a2e14,2020-12-26,metro,Nanchang,Line 3,yes,yes,28.5,Line 3 Jingdong Avenue – Yinsanjiao North (28.5 km),
4262bf0f,2020-12-26,metro,Shanghai,Line 10,no,yes,9.8,Line 10 Xinjiangwancheng – Jilong Road (9.8 km),
ec6f1fd1,2020-12-26,metro,Shanghai,Line 18,yes,yes,14.5,Line 18 Hangtou – Yuqiao (14.5 km),
38d25464,2020-12-26,metro,Taiyuan,Line 2,yes,yes,23.7,Line 2 Jiancaoping – Xiqiao (23.7 km),
e2543735,2020-12-26,metro,Tashkent,Chilonzor Line,no,yes,,Chilonzor Line Olmazor - Qipchoq (5-bekat),
4b6375f0,2020-12-26,metro,Zhengzhou,Line 3,yes,yes,24.3,Line 3 Henan Sports Center – Henan Orthopaedics Hospital (24.3 km),
acdaad39,2020-12-26,metro,Zhengzhou,Line 4,yes,yes,29.3,Line 4 Laoyachen – Langzhuang (29.3 km),
f1f5beb5,2020-12-28,tram,Guangzhou,Huangpu Tram Line 1,no,yes,7.3,Huangpu Tram Changping Subway Station - Xiangxue Subway Station (7.3 km),
17822b50,2020-12-28,metro,Xi'an,Line 6,yes,yes,15.6,Line 6 Northwestern Polytechnical University – Xi’an Int’l Medical Center (15.6 km),
9a4469df,2020-12-28,metro,Xi'an,Line 5,yes,yes,41.6,Line 5 Matengkong – Chuangxingang (41.6 km),
f8a35b2f,2020-12-28,metro,Xi'an,Line 9,yes,yes,25.3,Line 9 Fangzhicheng – Qinlingxi (25.3 km),
e85d39ca,2020-12-29,s-bahn,Adelaide,Tonsley Line,no,yes,1.5,Tonsley Line Tonsley (ex Clovelly Park) – Flinders (1.5 km),
0080d551,2020-12-30,metro,Hangzhou,Line 7,yes,yes,39.3,Line 7 Olympic Sports Center – Jiangdong'er Road (39.3 km),
4bce181b,2020-12-30,metro,Hangzhou,Line 6,yes,yes,50.5,Line 6 Qianjiang Century City – Shuangpu / West Guihua Road (50.5 km),
4bf1ecc0,2020-12-30,metro,Hangzhou,Line 1,no,yes,11.2,Line 1 Xiasha Jiangbin – Xiaoshan Airport (11.2 km),
2387c673,2020-12-31,tram,Beijing,Yizhuang Tram T1,yes,yes,11.9,Yizhuang Tram T1 Dinghaiyuan - Quzhuang (11.9 km),
a0066ed2,2020-12-31,metro,Beijing,Fangshan Line,no,yes,5.3,Fangshan Line Guogongzhuang – Dongguantou (5.3 km),
f93d49c5,2020-12-31,metro,Beijing,Line 16,no,yes,10.0,Line 16 Xiyuan – Ganjia Kou (10 km),
362c32d1,2020-12-31,metro,Chongqing,Line 6,no,yes,13.8,Line 6 Yuelai – Shaheba (13.8 km),
fbb4200c,2020-12-31,metro,Chongqing,Line 1,no,yes,0.8,Line 1 Xiaoshizi – Chaotianmen (0.8 km),
f73f1ad6,2020-12-31,metro,Moscow,Line 15,no,yes,1.8,Line 15 Lefortovo – Elektrozavodskaya (1.8 km),
c36eade7,2021-01-01,metro,Dubai,Line 2020,no,no,,2020:,not an opening
e3db3642,2021-01-01,metro,Dubai,Red Line,no,yes,4.4,Red Line Jabal Ali – Al Furjan (4.4 km),
2bd540a6,2021-01-02,metro,Wuhan,Line 8,no,yes,17.6,Line 8 Liyuan – Yezhihu (17.6 km),
66edf4cf,2021-01-02,metro,Wuhan,Line 11,no,yes,3.7,Line 11 Zuoling – Gedian South Railway Station (3.7 km),
91ff5d8f,2021-01-02,metro,Wuhan,Line 11,no,no,3.8,Line 11 Zuoling – Gedian South Railway Station (3.8 km),duplicate of 66edf4cf
85349c4e,2021-01-04,tram,Istanbul,T5,yes,yes,9.0,T5 Cibali - Alibeyköy Cep Otogari (9 km),
296013eb,2021-01-12,tram,Kaohsiung,CL,no,yes,4.1,CL Hamasen – Gushan District Office & Lizihnei – Kaisyuan Park (4.1 km),
ec467850,2021-01-15,metro,Bengaluru,Green Line,no,yes,6.0,Green Line Yelachenahalli – Silk Institute (6 km),
e38b5f79,2021-01-16,tram,Perm,Line 6,no,yes,1.0,Line 6/11 Dinamo – Dvorets Sporta Orlyonok (1 km),
248d9b94,2021-01-20,metro,Chongqing,Line 5,no,yes,17.9,Line 5 Shiqiaopu – Tiaodeng (17.9 km),
309f46d6,2021-01-20,metro,Chongqing,Loop Line,no,yes,7.3,Loop Chongqing Library – Erlang (7.3km),
573354a6,2021-01-23,metro,Shanghai,Line 15,yes,yes,42.3,Line 15 Gucun Park – Zizhu Hi-tech Park (42.3 km),
e36a9b1d,2021-02-03,tram,Shenyang,Line 5,no,yes,5.2,Line 5 Xuantujun Heritage Park – Lishizhai (5.2 km),
da6cd26a,2021-02-14,metro,Chennai,Blue Line,no,yes,8.6,Blue Line Washermenpet – Wimco Nagar (8.6 km),
690061ba,2021-02-22,metro,Kolkata,Line 1,no,yes,4.2,Line 1 Noapara – Dakshineswar (4.2 km),
cd9e8c15,2021-02-27,metro,Monterrey,Line 3,yes,yes,7.5,Line 3 Gral. I. Zaragoza – Hospital Metropolitano (7.5 km),
5cd00ab0,2021-03-12,tram,Eskişehir,T12,no,yes,4.6,T12 Öykü - 75. Yil (4.6 km),
c73f672a,2021-03-16,metro,Tehran,Line 6,no,yes,6.5,Line 6 Shahid Sattari – Tarbiat Modarres University (6.5 km),
2e22bcb1,2021-03-26,metro,Jinan,Line 2,yes,yes,36.4,Line 2 Wangfuzhuang – Pengjiazhuang (36.4 km),
69f66da5,2021-03-27,metro,Seoul,Line 5,no,yes,3.0,Line 5 Hanam Pungsan – Hanam Geomdansan & Gangil station (3 km),
ac8226a9,2021-03-28,metro,Luoyang,Line 1,yes,yes,,Line 1 Hongshan – Yangwan,
2c840e1c,2021-04-01,metro,Moscow,Line 11 Big Circle Line,no,yes,,Line 11 Khoroshyovskaya – Mnyovniki,
6fbdf1a7,2021-04-06,tram,Helsinki,Line 6,no,yes,1.0,Line 6 Hietalahti – Eiranranta (1 km),
c3aec6c4,2021-04-06,metro,Shijiazhuang,Line 3,no,yes,15.5,Line 3 Shijiazhuangzhan – Lexiang (15.5 km),
070bf36b,2021-04-10,tram,Paris,T9,yes,yes,10.3,T9 Porte de Choisy – Orly-Gaston Viens (10.3 km),
bc7f3435,2021-04-16,people-mover,Chongqing,Bishan Yunba (SkyShuttle),yes,yes,15.4,""" Chongqing Yunba "" Bishan Metro Station – Bishan Chengyu Railway Station (15.4 km)",
4c1669d7,2021-04-23,metro,Turin,M1,no,yes,1.7,M1 Lingotto – Bengasi (1.7 km),
1fa9896c,2021-04-24,metro,Sofia,M3,no,yes,4.0,Line 3 Krasno Selo – Gorna Banya (4.0 km),
a02d4366,2021-04-25,metro,Taichung,Green Line,yes,yes,17.0,Green Line Beitunzhongzhan – Taichung High Speed Railway Station (17.0 km; revenue service),
1c204999,2021-04-28,metro,Guiyang,Line 2,yes,yes,40.6,Line 2 North Baiyun Road – Zhongxing Road (40.6 km),
31dc6a8a,2021-05-03,tram,Helsinki,Line 9,no,yes,0.9,Line 9 Saukonpaasi – Länsiterminaali T2 (0.9 km),
5336f1ff,2021-05-15,tram,Qiubei,Qiubei Tram,yes,yes,14.0,Puzhehei HSR Station – Tourist Center / Jiaolian Plaza (14 km),
6145a71d,2021-05-16,tram,Stockholm,Line 31,no,yes,1.1,Line 31 Norra Ulvsunda – Bromma flygplats (1.1 km),
aa8aad91,2021-05-29,metro,Istanbul,M9,yes,yes,2.0,M9 [Olimpiyat –] Ikitelli Sanayi – Bahariye (2 km),
4bba6db7,2021-05-31,metro,Baku,M3 Purple Line,no,yes,1.4,Purple Line Memar Acami – 8 Noyabr (1.4 km),
6f0a7d47,2021-06-01,metro,Dubai,Red Line,no,yes,9.0,Red Line Al Furjan – Expo 2020 (9 km),
9f9eadea,2021-06-14,tram,Eskişehir,Line 10,no,yes,2.4,Line 10 Opera – Kumlubel (2.4 km),
43f49199,2021-06-20,light-rail,Port Louis,Metro Express,no,yes,2.6,Rose Hill – Quatre Bornes (2.6 km),
b0d48b4d,2021-06-25,tram,Jiaxing,T1,yes,yes,10.6,T1 Fanggong Rd./Binhe Rd. – Jiaxing South Railway Station (10.6 km),
0e2e2976,2021-06-25,metro,Xiamen,Line 3,yes,yes,26.3,Line 3 Xiamen Railway Station – Caicuo (26.3 km),
d7210933,2021-06-26,tram,Wrocław,Line 23,no,yes,1.5,Line 23 Plac Orlat Lwowskich – Srubowa (1.5 km),
1b6d286a,2021-06-26,metro,Zhengzhou,Line 3,no,yes,4.7,Line 3 Henan Orthopaedics Hospital – Yinggang (4.7 km),
a4f2db3a,2021-06-27,s-bahn,Hong Kong,Tuen Ma Line,no,yes,3.5,Tuen Ma Line Kai Tak – Hung Hom (~3.5 km),
8282d706,2021-06-28,metro,Changzhou,Line 2,yes,yes,19.8,Line 2 Qingfeng Park – Wuyilu (19.8 km),
12ae03d4,2021-06-28,metro,Hangzhou,Line 8,yes,yes,17.1,Line 8 South Wenhai Road – Xinwan Road (17.1 km),
xda7cca6,2021-06-28,s-bahn,Hangzhou,Hanghai Intercity,yes,yes,46.4,Hanghai Intercity Yuhang High-speed Railway Station – Haining Zhanggong (46.4 km),missing from UrbanRail.net; listed by CAMET
1ebd2165,2021-06-28,metro,Xuzhou,Line 3,yes,yes,18.1,Line 3 Xiadian – Gaoxinqunan (18.1 km),
06fa5c9e,2021-06-29,metro,Suzhou,Line 5,yes,yes,44.1,Line 5 Taihu Xiangshan – Yangchenghu South (44.1 km),
7fed9de3,2021-06-29,metro,Xi'an,Line 14,no,yes,13.7,Line 14 Xi'an North Railway Station North Square – Heshao (13.7 km),Line 14 took over the Airport Intercity Line (2019) and extended it
c1172ac1,2021-07-04,tram,Geneva,Line 14,no,yes,2.1,Line 14 Bernex P+R – Bernex-Vailly (2.1 km),
f894e189,2021-07-05,metro,Manila,Line 2,no,yes,3.8,Line 2 Santolan – Antipolo (3.8 km),
e0810980,2021-07-05,metro,Shaoxing,Line 1,yes,yes,20.3,Line 1 Guniangqiao – China Textile City (20.3 km),
4d4d89cc,2021-07-25,metro,Barcelona,Line 5,no,yes,,L5 Ernest Lluch (fill-in station),in-fill station
2915c879,2021-08-02,s-bahn,Bangkok,SRT Dark Red Line,yes,yes,26.0,SRT Red Line Bang Sue – Rangsit (26 km),
5e51079b,2021-08-02,s-bahn,Bangkok,,no,no,,"[trial operation, commercial operation from Nov 2021]",not an opening
92ca205f,2021-08-02,s-bahn,Bangkok,SRT Light Red Line,yes,yes,15.0,Bang Sue – Taling Chan (15 km),
cf98b070,2021-08-06,metro,Delhi,Pink Line,no,yes,1.4,Pink Line Mayur Vihar Pocket-1 - Trilokpuri Sanjay Lake (1.4 km),
46b8a583,2021-08-09,tram,Tampere,Tampere Tramway T1,yes,yes,14.2,T1 Sorin aukio – Kaupin kampus,
xef70555,2021-08-09,tram,Tampere,Tampere Tramway T3,yes,yes,,T3 Pyynikintori – Hervantajärvi,split from a combined UrbanRail entry
48e56a7b,2021-08-11,s-bahn,São Paulo,Line 9,no,yes,,Line 9 Grajaú – Mendes-Vila Natal (limited service),
0d66ea9a,2021-08-18,light-rail,Foshan,Nanhai New Transit,yes,yes,9.5,Nanhai New Transit Leigang – Sanshanxinchengbei (9.5 km),
34dd203f,2021-08-21,tram,Poznań,Line 3,no,yes,1.0,Line 3 Wilczak – Ul. Wlodarska (1 km),
976b95b1,2021-08-26,metro,Beijing,Line 7,no,yes,1.8,Line 7 & Batong Line Huazhuang – Universal Resort (1.8 km),
6557a5fd,2021-08-28,metro,Singapore,Thomson–East Coast Line,no,yes,14.0,TEL Woodlands South – Caldecott (14 km),
99e8c69d,2021-08-30,metro,Bengaluru,Purple Line,no,yes,7.5,Purple Line Mysuru Road – Kengeri (7.5 km),
6415a1d7,2021-08-30,tram,Charlotte,,no,yes,4.0,Charlotte TC – French Street & Hawthorne/5th – Sunnyside Avenue (4 km),
8dfa2e58,2021-09-04,tram,Warsaw,,no,yes,1.2,Lines 2/17 Nowodwory – Winnica (1.2 km),
9e03dd61,2021-09-17,metro,Hangzhou,Line 7,no,yes,3.2,Line 7 Olympic Sports Center – Citizen Center (3.2 km),
d3e7c539,2021-09-17,metro,Hangzhou,Line 9,no,yes,6.0,Line 9 Linping – Long'an (6 km),
88e8a2dd,2021-09-18,metro,Delhi,Grey Line,no,yes,1.0,Grey Line Najafgarh – Dhansa Bus Stand (1 km),
22e3b116,2021-09-19,metro,Harbin,Line 2,yes,yes,28.7,Jiangbei University Town – Meteorological Observatory (28.7 km),
d679b55f,2021-09-20,metro,London,Northern Line,no,yes,3.2,Northern Line Kennington – Battersea Power Station (3.2 km),
2ac91bbd,2021-09-28,s-bahn,Guangzhou,Line 18,yes,yes,58.3,Line 18 Xiancun - Wanqingsha (58.3 km),
0e99517a,2021-09-29,tram,Constantine,,no,yes,3.5,Chahid Kadri Brahim – Université Abdelhamid-Mehri (3.5 km),
d2bdb2bd,2021-10-02,light-rail,Seattle,1 Line,no,yes,6.9,University of Washington – Northgate (6.9 km),
5561814a,2021-10-06,tram,Saint Petersburg,Line 7,no,yes,1.4,Line 7 Granitnaya – Metro Ladozhskaya (1.4 km),
4a2b84c7,2021-10-08,metro,Changchun,Line 2,no,yes,4.4,Line 2 Shuangfeng - Automobile Park (4.4 km),
74e300ee,2021-10-25,tram,Antalya,T3,no,yes,6.5,T3 Müze – Atatürk (6.5 km),
48735bfc,2021-10-30,metro,Uijeongbu,Uijeongbu LRT,no,yes,0.8,Tapseok – Depot Temporary Platform (0.8 km),
32050d31,2021-10-31,tram,Berlin,M17,no,yes,2.7,M17/63 S Schöneweide – Karl-Ziegler-Straße (2.7 km),
ee419905,2021-11-03,metro,Wuhu,Line 1,yes,yes,30.4,Line 1 (Monorail) Baoshunlu – Baimashan (30.4 km),
01b32d7d,2021-11-06,metro,Hangzhou,Line 6,no,yes,9.0,Line 6 Qianjiang Century City – Goujulong (9 km),
c1c840d8,2021-11-06,metro,Hanoi,Line 2A,yes,yes,12.8,Line 2 Cat Linh – Yen Nghia (12.8 km),
080c234c,2021-11-07,metro,Barcelona,Line 10,no,yes,2.4,L10 Zona Franca – ZAL/Riu Vell (2.4 km),
f74b4420,2021-11-07,metro,Barcelona,,no,no,,),not an opening
03eb8d18,2021-11-17,tram,Doha,,no,yes,2.6,Education City Tram YL North Nest – Al Shaqab (2.6 km),
01cdaee7,2021-11-21,light-rail,San Diego,Blue Line,no,yes,17.4,Blue Line Old Town – UTC (17.4 km),
36e3860e,2021-11-26,tram,Graz,Line 4,no,yes,1.7,Line 4 Alte Poststraße – Reininghaus (1.7 km),
b0945f9b,2021-11-26,tram,Graz,Line 6,no,yes,1.4,Line 6 Waagner-Biro-Str. (Köflacher Gasse/PVA) – Nikolaus-Harnoncourt-Park (1.4 km),
51440141,2021-11-26,metro,Harbin,Line 3,no,yes,6.0,Line 3 Harbin West Railway Station (6 km),
ce3ede8a,2021-11-26,metro,Harbin,Line 3,no,yes,16.1,Sports Park & Second Affiliated Hospital of HMU – Taipingqiao (16.1 km),
ac8f23db,2021-11-29,tram,Magdeburg,Line 1,no,yes,1.0,Line 1 Milchweg – Kannenstieg (1 km),
9c9a3257,2021-11-29,s-bahn,Szeged,Szeged–Hódmezővásárhely tram-train,no,yes,,"Line 1 Szeged – Hódmezovásárhely (tram-train, 25.4 km, incl. 21 km on existing rail line)",tram-train mostly on an existing railway
7623736c,2021-12-07,metro,Moscow,Line 11 Big Circle Line,no,yes,21.0,Line 11 Mnyovniki – Kakhovskaya (21 km),
f70df772,2021-12-07,metro,Moscow,Line 11,no,no,21.0,Line 11 Mnyovniki – Kakhovskaya (21 km),duplicate of 7623736c
a88f000b,2021-12-07,metro,Tianjin,Line 5,no,yes,1.9,Line 5 Zhongyiyifuyuan – Liqizhuangnan (1.9 km),
ea5dc4e5,2021-12-11,tram,Brussels,Line 9,no,yes,1.7,Line 9 Arbre Ballon - Roi Baudouin (1.7 km),
fe73bd9c,2021-12-11,tram,Brussels,Line 9,no,no,1.7,Line 9 Arbre Ballon - Roi Baudouin (1.7 km),duplicate of ea5dc4e5
b60703ee,2021-12-12,tram,Augsburg,Line 3,no,yes,4.6,Line 3 Haunstetten West (Inninger Str.) – Königsbrunn Zentrum (4.6 km),
f25669df,2021-12-12,tram,Karlsruhe,,no,yes,,tram tunnel Mühlburger Tor – Gottesauer Platz / Augartenstraße & Karlstor – Rüppurer Tor,
34d12b32,2021-12-12,light-rail,Stuttgart,U6,no,yes,3.2,U6 Fasanenhof/Schelmenwasen – Messe/Flughafen (3.2 km),
1fc6b752,2021-12-15,tram,Athens,,no,yes,2.5,Tram Faliro – Ag. Triada (2.5 km),
e5df52be,2021-12-15,tram,Athens,,no,no,2.5,Tram Faliro – Ag. Triada (2.5 km),duplicate of 1fc6b752
f69982c5,2021-12-15,tram,Oradea,,no,yes,3.8,Lines 5/7 Calea Aradului – Lotus (3.8 km),
90ec1ec6,2021-12-16,tram,Kaohsiung,Circle Line,no,yes,1.8,Circle Line Gushan District Office – Museum of Fine Arts (1.8 km),
fbaef2b4,2021-12-16,metro,Nanning,Line 5,yes,yes,20.2,Line 5 Jinqiao Coach Station – Guokai Dadao (20.2 km),
4786d486,2021-12-17,metro,São Paulo,Line 4,no,yes,1.5,Line 4 São Paulo-Morumbi – Vila Sônia (1.5 km),
043d115f,2021-12-17,metro,Wuxi,Line 4,yes,yes,25.4,Line 4 Liutan – Wuxi Taihu International Expo Center (25.4 km),
7c615df6,2021-12-18,metro,Seoul,Line 8,no,yes,,Line 8 Namwirye in-fill station,in-fill station
b18e8c96,2021-12-18,tram,Szczecin,,no,yes,1.0,Rondo Olszewskiego – Osiedle Zawadzkiego (1 km),
d084ccb2,2021-12-26,metro,Hefei,Line 4,yes,yes,41.4,Line 4 Zongbaoqu – Qinglonggang (41.4 km),
3b14231b,2021-12-26,metro,Luoyang,Line 2,yes,yes,18.2,Line 2 Erqiao Road – Balitang (18.2 km),
9bb09e74,2021-12-26,metro,Nanchang,Line 4,yes,yes,39.6,Line 4 Baimashan – Yuweizhou (39.6 km),
2c8398a4,2021-12-26,metro,Wuhan,Line 6,no,yes,7.0,Line 6 Jinyinhu Park – Xincheng 11th Road (7 km),
7f06e0f8,2021-12-26,metro,Wuhan,Line 5,yes,yes,34.6,Line 5 Hubei University of Chinese Medicine – East Square of Wuhan Railway Station (34.6 km),
8c7337fa,2021-12-26,metro,Wuhan,Line 16,yes,yes,31.7,Line 16 Zhoujiahe – South International Expo Center (31.7 km),
90da0cb3,2021-12-27,s-bahn,Dakar,TER Dakar,yes,yes,36.0,TER Dakar – Diamniadio (36 km),new standard-gauge commuter railway
1652899f,2021-12-28,s-bahn,Busan,Donghae Nambu Line,no,yes,36.0,Donghae Nambu Line Ilgwang – Taehwagang (36 km),
1a79ca9c,2021-12-28,s-bahn,Dalian,Line 13,yes,yes,43.0,Line 13 Jiuli – Pulandian Zhenxing Street (43 km),
1826b09b,2021-12-28,metro,Foshan,Line 2,yes,yes,32.4,Line 2 Nanzhuang – Guangzhou South Railway Station (32.4 km),
2b40b1a6,2021-12-28,metro,Nanjing,Line 2,no,yes,5.4,Line 2 Youfangqiao – Yuzui (5.4 km),
66458ede,2021-12-28,s-bahn,Nanjing,S6,yes,yes,43.6,Line S6 Maqun – Jurong (43.6 km),
21d114fe,2021-12-28,metro,Ningbo,Line 5,yes,yes,27.6,Line 5 Buzheng – Xingzhuang Road (27.6 km),
ac45e587,2021-12-28,metro,Shenzhen,Line 20,yes,yes,8.4,Line 20 Airport North – Convention & Exhibition City (8.4 km),
99cc751f,2021-12-28,metro,Tianjin,Line 4,yes,yes,19.4,Line 4 Dongnanjiao – Xinxingcun (19.4 km),
ec20e4a3,2021-12-28,metro,Tianjin,Line 6,no,yes,15.3,Line 6 Meilinlu – Xianshuiguxi (15.3 km),
4de6544a,2021-12-28,monorail,Wuhu,Line 2,yes,yes,15.8,Line 2 Jiuziguangchang – Wanchunhulu (15.8 km),
b4027ce5,2021-12-29,metro,Kanpur,Orange Line,yes,yes,8.7,Blue Line IIT Kanpur – Moti Jheel (8.7 km),
fd672165,2021-12-29,monorail,São Paulo,Line 15,no,yes,1.7,Line 15 São Mateus – Jardim Colonial (1.7 km),
f1b4546c,2021-12-30,metro,Qingdao,Line 1,no,yes,38.3,Line 1 Qingdao North Railway Station – Wangjiagang (38.3 km),
50a4d2a8,2021-12-30,metro,Shanghai,Line 18,no,yes,20.1,Line 18 Yuqiao – South Changjiang Road (20.1 km),
d481a6c1,2021-12-30,metro,Shanghai,Line 14,yes,yes,38.2,Line 14 Fengbang – Guiqiao Road (38.2 km),
3371a09b,2021-12-31,metro,Beijing,Line 8,no,yes,1.0,Line 8 National Art Museum – Zhushikou,
612ada12,2021-12-31,metro,Beijing,Line 17,yes,yes,16.5,Line 17 Shilihe – Jiahuihu (16.5 km),
6dd813a9,2021-12-31,metro,Beijing,Changping Line,no,yes,1.5,Changping Line Xi'erqi – Qinghe Railway Station (1.5 km),
6efbc0a6,2021-12-31,metro,Beijing,Line 19,yes,yes,22.4,Line 19 Mudanyuan – Xingong (22.4 km),
8aee487b,2021-12-31,metro,Beijing,Capital Airport Express,no,yes,,Capital Airport Express Dongzhimen – Beixinqiao,
c47b7569,2021-12-31,metro,Beijing,Line S1,no,yes,0.8,Line S1 Jin’anqiao – Pingguoyuan (0.8 km),
x37c20bb,2021-12-31,metro,Beijing,Line 11,yes,yes,1.6,Line 11 Jin'anqiao – Xinshougang,split from a combined UrbanRail entry
6a3e0591,2021-12-31,light-rail,Changchun,Line 3,no,yes,2.2,Line 3 [ Xi'an Bridge – ] Changchun Railway Station – Puppet Regime Palace Museum (2.2 km),
02f0e914,2022-01-01,light-rail,Lusail,Lusail Tram Orange Line,yes,yes,5.5,Orange Line Legtaifiya – Energy City South (5.5 km),
2a2b9aa3,2022-01-13,metro,Paris,M4,no,yes,1.8,M4 Mairie de Montrouge – Bagneux - Lucie Aubrac (1.8 km),
eaeddc0b,2022-01-15,tram,Jiaxing,,no,yes,0.6,Fanggong Rd./Binhe Rd. – Jiaxing Railway Station (0.6 km),
72691d4e,2022-01-25,metro,Chongqing,Line 9,yes,yes,31.5,Line 9 Gaotanyan – Xingkedadao (31.5 km),
d417b263,2022-02-16,tram,Rabat,Line 2,no,yes,2.4,Line 2 Hôpital Moulay Youssef – Yacoub Al Mansour (2.4 km),
def01be5,2022-02-16,tram,Rabat,,no,yes,4.6,Hassan II – Hôpital Moulay Abdellah (4.6 km),
867065fc,2022-02-21,metro,Hangzhou,Line 4,no,yes,26.0,Line 4 Pengbu – Chihua Street (26 km),
99d29551,2022-02-21,metro,Hangzhou,Line 3,yes,yes,21.0,Line 3 Chaowang Road – Xingqiao (21 km),
d62aa90e,2022-02-21,metro,Hangzhou,Line 10,yes,yes,12.0,Line 10 Yisheng Road – Cuibai Road (12 km),
30b264af,2022-03-06,metro,Pune,Aqua Line,yes,yes,5.0,Vanaz – Garware College (5 km),
c41e7a26,2022-03-06,metro,Pune,Purple Line,yes,yes,5.8,Pimpri – Phugewadi (5.8 km),
14db3ab8,2022-03-13,metro,Chennai,Blue Line,no,yes,0.5,Blue Line Wimco Nagar – Wimco Nagar Depot (0.5 km),
fdd7a751,2022-03-19,metro,Seoul,Line 4,no,yes,14.2,Line 4 Danggogae – Jinjeop (14.2 km),
090d5b86,2022-03-21,light-rail,Boston,Green Line Extension,no,yes,1.7,Lechmere – Union Square (1.7 km),
63718670,2022-03-25,tram,Bilbao,,no,yes,2.3,Atxuri – Bolueta (2.3 km),
61d05d72,2022-03-29,metro,Delhi,Green Line,no,yes,,Green Line Punjabi Bagh West station,in-fill station
0d63cd79,2022-03-31,s-bahn,Guangzhou,Line 22,yes,yes,18.2,Line 22 Panyu Square – Chentougang (18.2 km),
fd54425d,2022-03-31,tram,Krasnodar,,no,yes,2.5,Solnechnaya – Ul. Petra Metal'nikova (2.5 km),
2847cf83,2022-04-01,metro,Hangzhou,Line 7,no,yes,6.0,Line 7 Citizen Center – Wushan Square (6 km),
ddaad75b,2022-04-01,metro,Hangzhou,Line 9,no,yes,12.0,Line 9 Coach Center – Guanyintang (12 km),
14739cb1,2022-04-02,metro,Mumbai,Line 2A,yes,yes,8.9,Line 2A Dhanukarwadi – Dahisar East (8.9 km),
x0e9ecbf,2022-04-02,metro,Mumbai,Line 7,yes,yes,9.5,Line 7 Dahisar East – Aarey (9.5 km),split from a combined UrbanRail entry
58a1e39b,2022-04-09,tram,Prague,Line 5,no,yes,1.0,Line 5 Sidliste Barrandov – Holyne (1 km),
44862c50,2022-04-23,tram,Poznań,Line 10,no,yes,1.7,Line 10 Lechicka/Naramowicka – Blazeja (1.7 km),
8d6c0f6c,2022-04-25,tram,Darmstadt,Line 2,no,yes,1.1,Line 2 Jahnstraße – TU-Lichtwiese (1.1 km),
bdd762a9,2022-04-29,metro,Fuzhou,Line 5,yes,yes,,Line 5 Ancient Luozhou Town – Jingxi Houyu,
2c5b3e22,2022-04-29,metro,Shaoxing,Line 1,no,yes,,Line 1 China Textile City – Fangquan,
afcd6d8f,2022-05-01,metro,Guangzhou,Line 7,no,yes,13.4,Line 7 Guangzhou South Railway Station - Meidi Dadao (13.4 km),
b66e7b36,2022-05-08,tram,Port Louis,ME,no,yes,3.6,ME Quatre Bornes – Phoenix (3.6 km),
791c289d,2022-05-15,s-bahn,Hong Kong,East Rail line,no,yes,4.6,East Rail Hung Hom – Admiralty (4.6 km),
fa70d611,2022-05-17,tram,Valencia,Line 10,no,yes,5.0,Line 10 Alacant – Natzaret (5 km),
16578de0,2022-05-20,tram,Phoenix,Tempe Streetcar,yes,yes,4.8,Marina Heights/Rio Salado – Dorsey/Apache (4.8 km),
37ede27b,2022-05-24,s-bahn,London,Elizabeth Line,yes,yes,22.5,Elizabeth Line Paddington – Abbey Wood (~22.5 km),
c23c0926,2022-05-28,tram,Odense,Odense Letbane,yes,yes,14.5,T1 Tarup Center – Hjallese Station (14.5 km),
c4939f6b,2022-05-28,metro,Seoul,Sillim Line,yes,yes,8.1,Sillim Line Saetgang – Gwanaksan (8.1 km),
d5cb5e26,2022-05-28,metro,Seoul,Shinbundang Line,no,yes,2.2,Shinbundang Line Gangnam – Sinsa (2.2 km),
27f4b040,2022-05-30,metro,Almaty,Line 1,no,yes,3.1,Moskva – Bauyrzhan Momyshuly (3.1 km),
efb20851,2022-05-31,metro,Paris,Line 12,no,yes,,Line 12 Front Populaire – Mairie d'Aubervilliers,
fbb010f5,2022-06-10,metro,Hangzhou,Line 3,no,yes,31.0,Line 3 Chaowang Road – West Wenyi Road / Shima (31 km),
c8e4af03,2022-06-16,metro,Kuala Lumpur,Putrajaya Line,yes,yes,12.1,Putrajaya Line (Kwasa Damansara) – Sungai Buloh – Kampung Batu (12.1 km),
7dfd002d,2022-06-18,metro,Chongqing,Line 4,no,yes,32.8,Line 4 Tangjiatuo – Huangling (32.8 km),
aa1997ff,2022-06-20,s-bahn,Zhengzhou,Chengjiao Line,no,yes,9.0,Chengjiao Line Xinzheng Int’l Airport – Zhengzhou Hangkonggang Railway Station (9 km),
e5adf833,2022-06-24,metro,Hangzhou,Line 10,no,yes,,Line 10 Cuibai Road – Xueyuan Road,
8bccf6e0,2022-06-25,tram,Jiaxing,T1,no,yes,,T1 Jiaxing Railway Station – East Zhongshan Rd/Anle Rd,
706f7c3d,2022-06-28,metro,Changsha,Line 6,yes,yes,48.1,Line 6 Xiejiaqiao – Huanghua Airport T1&T2 (48.1 km),
289bcf67,2022-06-29,metro,Kunming,Line 5,yes,yes,26.5,Line 5 World Horti-Expo Garden – Baofeng (26.5 km),
7f20e546,2022-06-30,metro,Warsaw,Line 2,no,yes,2.1,Line 2 Ksiecia Janusza – Bemowo (2.1 km),
9190bf35,2022-07-02,tram,Bursa,T2,no,yes,8.2,T2 Kent Meydani – Terminal (8.2 km),
25b513d2,2022-07-03,s-bahn,Cairo,10th of Ramadan LRT,yes,yes,65.0,Capital Train Adly Mansour - Arts & Culture City (65 km),
7d2c77a8,2022-07-03,s-bahn,Cairo,10th of Ramadan LRT,no,yes,8.5,10th of Ramadan LRT branch to Knowledge City (8.5 km),branch opened with the line
14367973,2022-07-06,light-rail,Paris,T13,yes,yes,18.8,T13 St-Cyr – St-Germain-en-Laye (18.8 km),tram-train partly alongside the Grande Ceinture railway
6e8837df,2022-07-12,metro,Kolkata,Line 2,no,yes,2.1,Line 2 Phoolbagan – Sealdah (2.1 km),
2012eeb6,2022-07-17,tram,Birmingham,,no,yes,1.1,Library/Centenary Sq – Edgbaston Village (1.1 km),
b4f91f90,2022-07-18,s-bahn,London,London Overground Barking Riverside extension,no,yes,4.5,Overground Barking – Barking Riverside (4.5 km),
1a0c0762,2022-08-06,s-bahn,Chongqing,Jiangtiao Line,yes,yes,28.2,Jiangtiao Line Tiaodeng – Shengquansi (28.2 km),suburban railway built and run by China Railway
8f23a54c,2022-08-28,metro,Fuzhou,Line 6,yes,yes,31.3,Line 6 Pandun – Wanshou (31.3 km),
a49875bb,2022-08-28,tram,Kraków,,no,yes,1.6,Lines 10/11/50 Lagiewniki SKA – Kurdwanów (1.6 km),
f01274ee,2022-08-29,tram,Caen,,no,yes,0.6,Line T3 Collège Hawking – Hauts de l'Orne (0.6 km),
5ad94228,2022-08-30,s-bahn,Jinhua,Jinyi Line,yes,yes,58.4,Jinyi Line Jinhua Railway Station – Qintang (58.4 km),
45ac8a25,2022-08-31,tram,Yekaterinburg,Line 333,no,yes,8.5,Line 333 Frezerovshchikov – Verkhnyaya Pyshma (8.5 km),
909cb872,2022-09-01,metro,Kochi,Line 1,no,yes,2.0,Petta – SN Junction (2 km),
cd82049c,2022-09-11,tram,Luxembourg,,no,yes,1.4,Gare Centrale – Lycée Bouneweg (1.4 km),
9f84900b,2022-09-13,light-rail,Cochabamba,Mi Tren Red Line,yes,yes,5.5,Red Line Estación Central San Antonio – Est. Municipal Agronomía (5.5 km),new system on rebuilt former railway corridors
a9fbe940,2022-09-13,light-rail,Cochabamba,Mi Tren Green Line,yes,yes,13.2,Green Line Estación Central San Antonio – Av. Ferroviaria (13.2 km),new system on rebuilt former railway corridors
0dc7c7d5,2022-09-20,metro,Rennes,Line B,yes,yes,13.0,Line B Saint-Jacques - Gaîté – Cesson-Viasilva (13 km),
633419d2,2022-09-22,metro,Hangzhou,Line 10,no,yes,1.5,Line 10 Xueyuan Road – Huanglong Sports Center (1.5 km),
b5e6e81a,2022-09-22,metro,Hangzhou,Line 3,no,yes,5.0,Line 3 West Wenyi Road – Wushanqiancun (5 km),
e3914427,2022-09-22,metro,Hangzhou,Line 19,yes,yes,55.0,Line 19 West Railway Station – Yongsheng Road (55 km),
1434f9ed,2022-09-28,metro,Warsaw,Line 2,no,yes,3.9,Line 2 Trocka – Bródno (3.9 km),
259b0c18,2022-09-30,metro,Dalian,Line 2,no,yes,12.2,Line 2 Xinzhaizi – Dalian North Railway Station (12.2 km),
2bb2cf27,2022-09-30,s-bahn,Nanjing,S8,no,yes,2.0,Line S8 Taishanxincun – Changjiangdaqiaobei (2 km),
2de8276e,2022-09-30,metro,Zhengzhou,Line 6,yes,yes,17.0,Line 6 Jiayu – Changzhuang (17 km),
4310e92b,2022-10-02,metro,Ahmedabad,Blue Line,no,yes,12.0,Blue Line Apparel Park – Thaltej (12 km),
a998f383,2022-10-02,metro,Istanbul,M4,no,yes,7.4,M4 Tav santepe – Sabiha Gökcen Havalimani (7.4 km),
d9652e55,2022-10-05,tram,Kaohsiung,,no,yes,2.4,Circular Tram Museum of Fine Arts TRA Station (C20) – Heart of Love River (C24) (2.4 km),
db4b1be1,2022-10-06,metro,Ahmedabad,Red Line,yes,yes,18.9,Red Line APMC – Motera Stadium (18.9 km),
4c130756,2022-10-06,metro,Cairo,Line 3,no,yes,4.0,Line 3 Attaba – Kit Kat (~4 km),
d54c3472,2022-10-07,light-rail,Los Angeles,K Line,yes,yes,9.7,K Line Expo/Crenshaw – Westchester/Veterans (9.7 km),
46b4aac5,2022-10-09,s-bahn,Perth,Transperth,no,yes,8.5,Bayswater – High Wycombe (8.5 km),
96bbf87f,2022-10-10,metro,Athens,Line 3,no,yes,3.6,Line 3 Nikaia – Dimotiko Theatro (3.6 km),
7dfda3a5,2022-10-10,tram,Port Louis,ME,no,yes,6.9,ME Phoenix – Curepipe Central (6.9 km),
c2b78a62,2022-10-17,tram,Helsinki,Line 9,no,yes,1.2,Line 9 Eesterinportti – Ilmalantori (1.2 km),
9137a4da,2022-10-26,tram,Cádiz,TramBahía,yes,yes,24.0,TramBahía Cádiz – Chiclana Pelagatos (24 km),
32633fba,2022-10-28,people-mover,Istanbul,F4,no,yes,0.8,F4 Rumeli Hisarüstü – Asiyan (0.8 km),
ba7e91eb,2022-10-28,metro,Shenzhen,Line 14,yes,yes,50.3,Line 14 Gangxia North – Shatian (50.3 km),
d2eaa8f7,2022-10-28,metro,Shenzhen,Line 11,no,yes,1.2,Line 11 Futian – Gangxia North (1.2 km),
97af6efd,2022-11-01,tram,Olomouc,,no,yes,1.2,Lines 3 & 5 Trnkova – U Kaplicky (1.2 km),
27c419e1,2022-11-05,s-bahn,Gaziantep,Gaziray,no,yes,24.0,Gaziray Baspinar – Taslica (24 km),
70864b69,2022-11-10,metro,Nantong,Line 1,yes,yes,39.2,Line 1 Pingchao - Zhenxing Lu (39.2 km),
f538de7a,2022-11-13,metro,Singapore,Thomson–East Coast Line,no,yes,13.2,TEL Caldecott – Gardens by the Bay (13.2 km),
341dcb3c,2022-11-15,metro,"Washington, D.C.",Silver Line,no,yes,17.9,Silver Line Wiehle/Reston East – Ashburn (17.9 km),
02a08f5c,2022-11-18,metro,Tianjin,Line 10,yes,yes,21.0,Line 10 Yutai – Yudongcheng (21 km),
49d4cc19,2022-11-21,tram,Bergen,Line 2,no,yes,8.0,Line 2 Bystasjonen – Fyllingsdalen (8 km),
c6f9533f,2022-11-26,metro,Milan,M4,yes,yes,5.3,M4 Linate Aeroporto – Dateo (5.3 km),
839fa6e7,2022-11-28,metro,Shenzhen,Line 6 Branch,yes,yes,6.4,Line 6B Guangming – SIAT (6.4 km),separately operated branch of Line 6
bc64fe85,2022-11-28,metro,Shenzhen,Line 12,yes,yes,40.5,Line 12 Zuopaotai East – Waterlands Resort East (40.5 km),
e401c2f6,2022-11-29,light-rail,Guangzhou,Nanhai New Transit,no,yes,4.9,Nanhai New Transit Sanshanxinchengbei – Linyuedong (4.9 km),
a32477d8,2022-12-01,metro,Ningbo,Line 2,no,yes,2.9,Line 2 Congyuan Road – Honglian (2.9 km),
655330f5,2022-12-03,metro,Helsinki,Länsimetro,no,yes,7.0,Matinkylä – Kivenlahti (7 km),
26343a02,2022-12-11,tram,Brno,Line 8,no,yes,0.9,Line 8 Osová – Nemocnice Bohunice (0.9 km),
ecf987ba,2022-12-11,metro,Nagpur,Aqua Line,no,yes,,Aqua Line Sitabuldi – Prajapati Nagar & Orange Line Kasturchand Park – Automotive Square,
ef66d488,2022-12-11,tram,Zürich,Limmattalbahn (Line 20),yes,yes,9.7,Line 20 (Limmattalbahn) Altstetten – Farbhof & Geisswied – Killwangen Bahnhof (9.7 km),first stage opened in 2019 as an extension of tram line 2
95639a19,2022-12-12,light-rail,Boston,Green Line,no,yes,5.2,Green Line (E) Lechmere – Medford/Tufts (5.2 km),
b0d14243,2022-12-19,tram,Katowice,Line 15,no,yes,3.0,Line 15 Zagórze Petla (BMC) – Zagórze Rondo Jana Pawla II (3 km),
7d7b4c17,2022-12-20,people-mover,Phoenix,PHX,no,yes,3.5,PHX Sky Train Terminal 3 – Rental Car Center (3.5 km),
8395afce,2022-12-23,metro,Baku,M3 Purple Line,no,yes,2.3,Purple Line Avtovagzal – Xocasan (2.3 km),
61e2dc02,2022-12-26,metro,Hefei,Line 5,no,yes,15.5,Line 5 Wanghucheng West – Jiqiao Road (15.5 km),
043c084f,2022-12-26,metro,Qingdao,Line 4,yes,yes,30.7,Line 4 Hall of the People – Dahedong (30.7 km),
153aebcd,2022-12-28,metro,Dhaka,Line 6,yes,yes,11.7,Line 6 Uttara North – Agargaon (11.7 km; limited service! ),
2e2da18b,2022-12-28,metro,Dhaka,Line 6,yes,no,11.7,Line 6 Uttara North – Agargaon (11.7 km),duplicate of 153aebcd
ce0e19b5,2022-12-28,metro,Foshan,Line 3,yes,yes,40.7,Line 3 Zhen’an – Shunde College Railway Station (40.7 km),
55dab0ec,2022-12-28,light-rail,Huangshi,Huangshi Tram,yes,yes,26.9,Huangshi Avenue – Garden Expo (26.9 km),
7ff37ae3,2022-12-28,s-bahn,Jinhua,Jinyi Line,no,yes,,Yidong Line Lingyun – Sports Center,Yidong section of the Jinyidong line
b3fc79c4,2022-12-28,metro,Nanjing,Line 1,no,yes,6.5,Line 1 Maigaoqiao – Baguazhoudaqiaonan (6.5 km),
c4d0dc05,2022-12-28,metro,Nanjing,Line 7,yes,yes,12.6,Line 7 Mufuxilu – Xianxinlu (12.6 km),
1232c04e,2022-12-28,people-mover,Shenzhen,Pingshan SkyShuttle,yes,yes,8.0,Pingshan Skyshuttle Pingshan HSR Station - BYD North (8 km),
80719860,2022-12-28,metro,Shenzhen,Line 16,yes,yes,29.2,Line 16 Universiade – Tianxin (29.2 km),
84ceb646,2022-12-28,s-bahn,Taizhou,Line S1,yes,yes,52.4,Taizhou Railway Station – South of the City (52.4 km),
4a5be7d5,2022-12-29,metro,Xi'an,Line 6,no,yes,19.5,Line 6 Northwestern Polytechnical University - Fangzhicheng (19.5 km),
58bf6cae,2022-12-30,metro,Kolkata,Line 3,yes,yes,6.5,Line 3 Taratala – Joka (6.5 km),
d739dc28,2022-12-30,metro,Kolkata,,no,no,,Limited service!,not an opening
d3b3c03f,2022-12-30,metro,Wuhan,Line 16,no,yes,4.2,Line 16 Zhoujiahe – Hannan General Airport (4.2 km),
f7fccb94,2022-12-30,metro,Wuhan,Line 7,no,yes,21.1,Line 7 Garden Expo North – Hengdian (21.1 km),
bbb9a3da,2022-12-31,metro,Beijing,Line 16,no,yes,14.3,Line 16 Yuyuantan Park East Gate – Yushuzhuang (14.3 km),
2c2793df,2023-01-02,metro,Istanbul,M7,no,yes,,M7 Sisli-Mecidiyeköy – Yildiz,
4aef8688,2023-01-06,metro,Istanbul,M8,yes,no,,M8 Bostanci – Dudullu Parseller,duplicate of 8e8a2994
8e8a2994,2023-01-06,metro,Istanbul,M8,yes,yes,14.3,M8 Bostanci – Parseller (14.3 km),
515af417,2023-01-07,light-rail,San Francisco,T,no,yes,2.5,T 4th/King – Chinatown/Rose Pak (2.5 km),
a0d7e643,2023-01-09,tram,Bochum,Line 302,no,yes,0.6,302 Laar Mitte – O-Werk (0.6 km),
4bce2d4f,2023-01-18,metro,Chongqing,Line 10,no,yes,6.0,Line 10 Liyuchi – Houbao (6 km),
52dbe780,2023-01-18,metro,Chongqing,Line 9,no,yes,8.0,Line 9 Xingkedadao – Huashigou (8 km),
0dceff42,2023-01-19,metro,Mumbai,Line 7,no,yes,6.2,Line 7 Aarey – Gundavali (6.2 km),
9fcbd08e,2023-01-19,metro,Mumbai,Line 2A,no,yes,9.0,Line 2A Dahanukarwadi – Andheri West (9 km),
313909bb,2023-01-22,metro,Istanbul,M11,yes,yes,34.0,Line 11 Kagithane – Istanbul Havalimani (Kargo Terminali) (34 km),
b5d8cf14,2023-01-23,light-rail,Port Louis,Metro Express,no,yes,,& Port Louis Victora – Pl. d'Armes,
c65ff89c,2023-01-23,light-rail,Port Louis,Metro Express,no,yes,3.2,Rose Hill – Mahatma Gandhi (3.2 km),
d5df416b,2023-01-25,s-bahn,New York City,LIRR (Grand Central Madison),no,yes,,"LIRR Woodside – Grand Central Madison (~ 5 km, limited service! )",new mainline terminal branch
bc02f490,2023-02-04,metro,Beijing,Changping Line,no,yes,9.7,Changping Line Qinghe – Xitucheng (9.7 km),
75f2ada6,2023-02-08,metro,Shiraz,Line 2,yes,yes,,"Line 2 Emam Hossein – Qahramanan (xx km, limited service! )",
f7454a73,2023-02-10,light-rail,Taipei,Ankeng Line,no,yes,7.7,Ankeng Line Shisizhang – Shuangcheng (7.7 km),
263c5b91,2023-02-18,tram,Mostaganem,Mostaganem Tramway,yes,yes,14.0,La Salamandre / Nouvelle Gare Routière – Karouba (14 km),
f1e91692,2023-02-27,metro,Chongqing,Line 5,no,yes,9.0,Line 5 The Expo Garden Center - Yuegangbeilu (9 km),
9be6c35c,2023-02-27,metro,Karaj,Line 2,yes,yes,5.5,"Line 2 Chehel-o-panj Metri Golshahr – Ayatallah Taleqani (5.5 km, limited service! )",
a037dcf1,2023-03-01,metro,Moscow,Line 11 Big Circle Line,no,yes,18.9,Line 11 Savyolovskaya – Elektrozavodskaya & Nizhegorodskaya – Kakhovskaya (18.9 km),
72acca35,2023-03-04,tram,Gdańsk,,no,yes,1.7,Ujescisko – Przemyska (1.7 km),
a3d1a893,2023-03-04,tram,Innsbruck,Line 5,no,yes,1.3,Line 5 Schützenstraße – Rum Bahnhof (1.3 km),
187c157b,2023-03-15,metro,Panama City,Line 2,no,yes,2.0,Line 2 Corredor Sur – Aeropuerto (2 km),
7c22c770,2023-03-16,metro,Kuala Lumpur,Putrajaya Line,no,yes,38.7,Putrajaya Line Kampung Batu – Putrajaya Sentral (38.7 km),
cfc862c5,2023-03-17,metro,Dalian,Line 5,yes,yes,24.5,Line 5 Houguan – Hutan Xinqu (24.5 km),
4c28d99e,2023-03-18,metro,Tehran,Line 7,no,yes,1.5,Line 7 Meydan-e San'at – Shahid Dadman (1.5 km),
4f0f585f,2023-03-18,metro,Tehran,Line 6,no,yes,9.5,Line 6 Tarbiat Modares University – Emam Hossein (9.5 km),
637a765a,2023-03-18,s-bahn,Yokohama,Tokyu/Sotetsu Shin-Yokohama Line,no,yes,,Tokyu/Sotetsu Hiyoshi – Hazawa Yokohama-kokudai,new mainline link
ffff1f0c,2023-03-20,s-bahn,Tunis,RFR Line E,yes,yes,6.3,Line E Gare de Tunis – Bougatfa (6.3 km),
9b8e103d,2023-03-26,metro,Bengaluru,Purple Line,no,yes,12.9,Purple Line Krishnarajapura – Whitefield (Kadugodi) (12.9 km),
d6b393ab,2023-03-27,metro,Fukuoka,Nanakuma Line,no,yes,1.6,Nanakuma Line Tenjin-minami – Hakata (1.6 km),
1c72094e,2023-03-27,light-rail,Málaga,Line 2,no,yes,0.6,L2 El Perchel – Guadalmedina (0.6 km),
37c7b266,2023-03-27,light-rail,Málaga,Line 1,no,yes,1.2,L1 El Perchel – Atarazanas (1.2 km),
a181c83b,2023-03-31,light-rail,Rotterdam,Line B (Hoekse Lijn),no,yes,2.1,Hoek van Holland Haven – Hoek van Holland Strand (2.1 km),
0fed5f59,2023-04-07,s-bahn,Jinhua,Jinyi Line,no,yes,12.0,Sports Center – Ming & Qing Dynasty Palaces (~12 km),
8e35eb68,2023-04-08,metro,Istanbul,M3,no,yes,6.2,M3 Basaksehir MetroKent – Kayasehir Merkez (6.2 km),
70d50378,2023-04-11,tram,Vitoria-Gasteiz,,no,yes,2.4,Florida – Salburua (2.4 km),
69c738dd,2023-04-12,metro,Ankara,M4,no,yes,3.3,M4 Atatürk Kültür Merkezi – Kizilay (3.3 km),
f8bef16a,2023-04-20,tram,İzmit,,no,yes,0.9,Plajyolu – Kurucesme (0.9 km),
00ee0d5f,2023-04-25,metro,Tashkent,Circle Line,no,yes,7.4,Circle Line 7-Bekat – 12-Bekat (7.4 km),
d86f8178,2023-04-29,tram,Bordeaux,,no,yes,4.7,Ligne A Quatre Chemins – Mérignac Aéroport (4.7 km),
34896f39,2023-05-01,metro,Tehran,Line 4,no,yes,1.4,Line 4 Eram-e Sabz – Allameh Ja'fari (1.4 km),
89b73946,2023-05-09,people-mover,Changsha,Dawangshan SkyShuttle,yes,yes,8.3,Changsha Dawangshan SkyShuttle Shantang – Guanyingang (8.3 km),
3118ea2e,2023-05-12,metro,Zhengzhou,Line 14,no,yes,1.7,Line 14 Olympic Sports Center - Lianhu (1.7 km),
f8a64a2a,2023-05-15,tram,Wrocław,,no,yes,3.6,Lines 18/19 Dmowskiego – Wejherowska (3.6 km),
adb4e6fa,2023-05-19,metro,"Washington, D.C.",Yellow Line,no,yes,,YL/BL Potomac Yard station,in-fill station
cd42e31b,2023-05-21,s-bahn,Hamburg,S1,no,yes,,S1 Ottensen station,in-fill station
52565eef,2023-05-27,tram,Prague,Line 17,no,yes,1.7,Line 17 Levského – Libus (1.7 km),
0112b48c,2023-06-06,light-rail,Changchun,X,no,no,,[X] 01 June 2023 -- Shanghai,not an opening
4c755c57,2023-06-06,light-rail,Changchun,Line 4,no,yes,4.5,Line 4 Tiangong Road – Tianxin Road (4.5 km),
c8a616a8,2023-06-07,tram,Edinburgh,,no,yes,4.7,St. Andrew Square – Newhaven (4.7 km),
59a62b3d,2023-06-11,s-bahn,Perth,Mandurah Line,no,yes,,Mandurah Line Lakelands station,in-fill station
44f2fac2,2023-06-14,metro,Salvador,Line 1,no,yes,1.5,Line 1 Pirajá – Campinas (1.5 km),
bb43b9f9,2023-06-16,light-rail,Los Angeles,Regional Connector,no,yes,3.0,"""Regional Connector"" Little Tokyo/Arts District – 7th St/Metro Center (3 km)",
9b888995,2023-06-19,monorail,Bangkok,Yellow Line,yes,yes,30.4,Yellow Line Lat Phrao – Samrong (30.4 km),
42a577c8,2023-06-24,tram,Paris,T10,yes,yes,6.8,T10 Antony-Croix de Berny – Jardin Parisien (6.8 km),
2c2beb8e,2023-06-24,metro,Suzhou,Line 11 (S1),yes,yes,41.3,Line 11 Weiting – Huaqiao (41.3 km),
1a224fd9,2023-06-27,metro,Xi'an,Line 2,no,yes,6.9,Line 2 Xi’anbeizhan – Caotan & Weiqunan – Changninggong (6.9 km),
759637fd,2023-06-27,metro,Xi'an,Line 16,yes,yes,15.1,Line 16 Shijingli – Qinchuangyuanzhongxin (15.1 km),
a9f22a69,2023-06-28,metro,Changsha,Xihuan Line,no,yes,17.3,Xihuan Line Shantang – Xiangtan North Railway Station (17.3 km),"Changzhutan West Ring, operated as the southern extension of Line 3"
db8d19fc,2023-06-28,s-bahn,Nanjing,S4,yes,yes,44.2,Line S4 Chahe – Chuzhou Railway Station (44.2 km),
9d1b4fa1,2023-06-29,metro,Lanzhou,Line 2,yes,yes,9.1,Line 2 Dongfanghong Square – Yanbai Bridge (9.1 km),
9890af22,2023-06-30,metro,Honolulu,Skyline,yes,yes,17.8,Skyline Kualaka'i (East Kapolei) – Halawa (Aloha Stadium) (17.8 km),
c463d4b8,2023-07-01,metro,Hefei,Line 1,no,yes,4.5,Line 1 Hefei Railway Station – Zhangwa (4.5 km),
e0ebf846,2023-07-01,metro,Seoul,Seohae Line,no,yes,18.3,Seohae Line Sosa – Daegok (18.3 km),
1fbc9063,2023-07-04,metro,Milan,M4,no,yes,1.7,M4 Dateo – San Babila (1.7 km),
72233632,2023-07-08,tram,Angers,Angers Tramway Line B,yes,yes,3.6,Centre de Congrès – Monplaisir (3.6 km),lines B and C opened together
d105b716,2023-07-08,tram,Angers,Angers Tramway Line C,yes,yes,4.8,Belle-Beille Campus – Molière (4.8 km),lines B and C opened together
e32c4691,2023-07-08,tram,Angers,,no,no,,),not an opening
136fd4a6,2023-07-22,tram,Gorzów Wielkopolski,,no,yes,1.0,Lines 1/3 (Dowgielewiczowej –) Szarych Szeregów (ex Silwana) – Fieldorfa-Nila (1 km),
83120400,2023-07-26,metro,Shaoxing,X,no,no,,[X] 24 July 2023 -- Toronto -- Line 3 Scarborough RT permanently closed after derailment,not an opening
f33d41d0,2023-07-26,metro,Shaoxing,Line 2,yes,yes,10.8,Line 2 Jinghu Hospital - Tandu (10.8 km),
2d0d4a09,2023-07-29,tram,Doha,Education City Tram Green Line,no,yes,,Education City Tram Green Line Academy - Sidra,
ee4628a0,2023-07-31,metro,Montreal,REM,yes,yes,16.3,REM Line A Gare Centrale – Brossard (16.3 km),
89e19655,2023-07-31,metro,Taoyuan,Line A,no,yes,0.8,Line A Huanbei – Laojie River (0.8 km),
664c1610,2023-08-01,metro,Pune,Purple Line,no,yes,7.9,Line 1 Phugewadi – Civil Court (7.9 km),
d3d45bfe,2023-08-01,metro,Pune,Aqua Line,no,yes,5.1,Line 2 Garware College – Ruby Hall Clinic (5.1 km),
cd0f58cf,2023-08-07,tram,Tampere,Line 3,no,yes,2.0,Line 3 Pyynikintori – Santalahti (2 km),
8921ca5c,2023-08-17,s-bahn,Moscow,MCD-3,no,yes,,D3 (Zelenograd-Kryukovo – ) Rizhskaya – Elektrozavodskaya ( – Ippodrom),through-running service on existing mainline railways
d398fef7,2023-08-18,light-rail,Tel Aviv,Red Line,yes,yes,,Red Line Bat Yam (HaKomemiyut) – Kiryat Arye / Petah Tikva,
d1b240d4,2023-08-26,tram,Utsunomiya,Utsunomiya Light Rail,yes,yes,14.6,Utsunomiya Station East – Haga Takanezawa Industrial Park (14.6 km),
c0fb7a5e,2023-08-26,s-bahn,Wenzhou,S2,yes,yes,63.0,S2 Dongshan – Qingdong Road (63 km),
4b504c7a,2023-08-27,metro,Fuzhou,Line 4,yes,yes,24.0,Line 4 Fenghuangchi – Difengjiang (24 km),
70992501,2023-08-27,metro,Fuzhou,Line 5,no,yes,5.3,Line 5 Ancient Luozhou Town – Fuzhou South Station (5.3 km),
b8479ed2,2023-08-28,metro,Jakarta,Jabodebek LRT,yes,yes,42.0,Jabodebek LRT Dukuh Atas – Jati Mulya / Harjamukti (42 km),
165304fd,2023-08-28,tram,Suzhou,T2,no,yes,1.8,T2 Hangchuanbang – Nanjing University East (1.8 km),
a1be0113,2023-08-30,tram,Istanbul,T5,no,yes,0.9,T5 Cibali – Eminönü (0.9 km),
6684862b,2023-09-01,tram,Toruń,,no,yes,5.5,Lines 3/6 Waly gen. Sikorskiego – Heweliusza (5.5 km),
6722e0d7,2023-09-03,tram,Wrocław,,no,yes,4.6,Lines 13/ 23 Park Biznesu – Wr.-Nowy Dwór P+R (4.6 km),
016b34e9,2023-09-04,tram,Kraków,,no,yes,3.6,Lines 18/50 Krowodrza Górka – Papierni Pradnickich (3.6 km),
445a1704,2023-09-04,metro,Lagos,Blue Line,yes,yes,13.0,Blue Line Marina – Mile 2 (13 km),
5e81aac5,2023-09-06,metro,Moscow,Line 8A Solntsevskaya,no,yes,6.2,Line 8A Rasskazovka – Aeroport Vnukovo (6.2 km),
cefa7cfc,2023-09-07,metro,Moscow,Line 10,no,yes,5.1,Line 10 Seligerskaya – Fiztekh (5.1 km),
bd5b0726,2023-09-08,metro,Zhengzhou,Line 3,no,yes,6.3,Line 3 Yinggang – Binhe Xincheng Nan (6.3 km),
91b4ea67,2023-09-09,tram,Berlin,Line 10,no,yes,1.5,Line 10 Hauptbahnhof – Turmstraße (1.5 km),
49d07a20,2023-09-09,s-bahn,Moscow,MCD-4,no,yes,,D4 (Aprelevka – ) Minskaya – Kurskaya ( – Zheleznodorozhnaya),through-running service on existing mainline railways
dd60726d,2023-09-14,tram,Cochabamba,Mi Tren Red Line,no,yes,0.9,Red Line E.C. San Antonio – Estación Antigua de Cochabamba (0.9 km),
75b6b190,2023-09-15,s-bahn,Mexico City,El Insurgente,yes,yes,18.2,'El Insurgente' Lerma – Zinacantepec (18.2 km),new standalone Mexico City–Toluca commuter railway
518f8e37,2023-09-16,tram,Tacoma,,no,yes,3.8,Theater District (> Old City Hall) – St. Joseph (3.8 km),
cf9e65d1,2023-09-17,tram,Birmingham,,no,yes,0.5,The Royal – Wolverhampton Station (0.5 km),
51ce1d53,2023-09-17,metro,Delhi,Orange Line,no,yes,2.0,Orange Line Dwarka Sector 21 – YashoBhoomi Dwarka Sector 25 (2 km),
6077805a,2023-09-21,tram,Cochabamba,Mi Tren Green Line,no,yes,3.8,Green Line Quillacollo – E.M. Vinto (3.8 km),
4b60888e,2023-09-21,metro,Xi'an,Line 1,no,yes,10.6,Line 1 Fenghesenlingongyuan – Xianyangxizhan (10.6 km),
adbeea3b,2023-09-25,metro,Santiago,Line 3,no,yes,3.8,Line 3 Los Libertadores – Plaza Quilicura (3.8 km),
ec4bfbd1,2023-09-26,monorail,Wuhan,Optics Valley Sky Rail,yes,yes,10.0,Optics Valley Sky Rail Jiufengshan – Longquanshan (10 km),
418ea4f3,2023-09-28,metro,Zhengzhou,Line 10,yes,yes,21.9,Line 10 Zhengzhou Railway Station – Zhengzhouxi Railway Station (21.9 km),
737ed91f,2023-09-29,metro,Harbin,Line 3,no,yes,3.3,Line 3 Taipingqiao – Chinese-baroque Block (3.3 km),
3c49abe4,2023-09-29,metro,Shenyang,Line 2,no,yes,14.2,Line 2 Quanyun Lu – Taoxian Jichang (14.2 km),
e9a1e606,2023-09-29,metro,Shenyang,Line 4,yes,yes,34.0,Line 4 Zhengxin Lu – Chuangxin Lu (34 km),
47a93e7b,2023-10-09,metro,Bengaluru,Purple Line,no,yes,2.0,Kengeri – Challaghatta (2 km),
b7e8cc1c,2023-10-09,metro,Bengaluru,Purple Line,no,yes,2.8,Purple Line Baiyappanahalli – Krishnarajapura (2.8 km),
4317d890,2023-10-10,metro,Tehran,Lines 6 and 7,no,yes,,Line 6 Shahid Sattari – Shahid Arman Aliverdi (Kouhsar) & Line 7 Shahid Dadman – Meydan-e Ketab,
0cc92ad5,2023-10-13,tram,Prague,Line 4,no,yes,0.5,Line 4/5 Holyne – Slivenec (0.5 km),
bcb8882f,2023-10-20,s-bahn,Delhi,Namo Bharat (Delhi–Meerut RRTS),yes,yes,17.0,RapidX Sahibabad – Duhai (17 km),
916a2435,2023-10-20,metro,Lyon,Line B,no,yes,2.4,Ligne B Gare d’Oullins – Saint Genis-Laval Hôpital Lyon Sud (2.4 km),
f2a9b643,2023-10-21,tram,Helsinki,Line 15 (Jokeri light rail),yes,yes,25.0,"Line 15 ""Jokeri"" Itäkeskus – Keilaniemi (25 km)",
1e3260ba,2023-10-23,tram,Prague,Line 20,no,yes,2.0,Line 20/26 Divoka Sarka – Dedina (2 km),
3898ccbf,2023-10-26,s-bahn,Qingdao,Line 13,no,yes,2.8,Line 13 Jinggangshan Road – Jialingjiang West Road (2.8 km),
ab76c6c0,2023-10-28,tram,Kayseri,T4,no,yes,5.0,T4 Sehit Mustafa Simsek – Izzet Bayraktar Camii (5 km),
7cb519e0,2023-10-29,tram,Milwaukee,L,no,yes,0.6,L Wisconsin Ave – Lakefront (0.6 km; Sun only!),
78276081,2023-11-04,tram,Edmonton,Valley Line,yes,yes,13.0,Valley Line 102 Street – Mill Woods (13 km),
7754d15e,2023-11-05,metro,Dhaka,Line 6,no,yes,8.5,Line 6 Agargaon – Motijheel (8.5 km),
251753c6,2023-11-06,tram,Bydgoszcz,,no,yes,0.6,Most Kazimierza Wielkiego – Torunska/Kazimierza Wielkiego (0.6 km),
b6a83b66,2023-11-15,metro,Bucharest,M2,no,yes,1.6,M2 Berceni – Tudor Arghezi (1.6 km),
4b0a42aa,2023-11-17,metro,Navi Mumbai,Line 1,yes,yes,11.1,Line 1 Belapur – Pendhar (11.1 km),
9750e660,2023-11-21,metro,Bangkok,Pink Line,yes,yes,34.5,Pink Line Nonthaburi Civic Center – Min Buri (34.5 km),
92dbbab4,2023-11-22,light-rail,Cochabamba,Mi Tren Green Line,no,yes,8.9,Green Line Estación Municipal Vinto - Estación Municipal Suticollo (8.9 km),
84dca2af,2023-11-27,metro,Santiago,Line 2,no,yes,5.2,Line 2 La Cisterna – Hospital El Pino (5.2 km),
97c362eb,2023-11-28,s-bahn,Chengdu,Line 19,yes,yes,43.2,Line 19 Jiujiang North – Tianfu Station (43.2 km),phase 2 opened before phase 1
5cfe45eb,2023-11-30,metro,Chongqing,Line 10,no,yes,3.8,Line 10 Houbao – Lanhualu (3.8 km),
7d0e277b,2023-11-30,metro,Chongqing,Line 5,no,yes,4.7,Line 5 Dashiba – Shiqiaopu (4.7 km),
b580240e,2023-11-30,s-bahn,Tehran,Line 1 (airport branch),no,yes,19.0,Line 1 Imam Khomeini Int'l Airport – Shahr-e Parand (19 km),
29b4605e,2023-12-01,metro,Quito,Line 1,yes,yes,22.6,Line 1 El Labrador – Quitumbe (22.6 km),
99ac9260,2023-12-01,metro,Wuhan,Line 5,no,yes,2.6,Line 5 Hubei Univ. of Chinese Medicine – Hongxia (2.6 km),
6c9feafe,2023-12-08,metro,Macau,Taipa Line,no,yes,3.3,Oceano – Barra (3.3 km),
dee9d187,2023-12-10,tram,Geneva,Line 15,no,yes,2.5,Line 15 Palettes – ZIPLO (2.5 km),
3038ec80,2023-12-10,light-rail,Hanover,Line 13,no,yes,3.1,Line 13 Wallensteinstraße – Hemmingen (3.1 km),
ef1ee5c3,2023-12-10,light-rail,Paris,T12,yes,yes,20.0,T12 Evry – Massy-Palaiseau (20 km),
c9242e17,2023-12-16,metro,Guiyang,Line 3,yes,yes,43.0,Line 3 Luowan - Tongmuling (43 km),
76183163,2023-12-16,s-bahn,Seoul,Line 1,no,yes,17.8,Line 1 Soyosan – Yeoncheon (17.8 km),
83a8fa92,2023-12-17,tram,Mannheim,Line 16,no,yes,1.6,Line 16 Bensheimer Str. – Sullivan (1.6 km),
af68521d,2023-12-20,metro,Zhengzhou,Line 12,yes,yes,16.5,Line 12 Lianghu – Longzihu Dong (16.5 km),
6d323e8d,2023-12-21,metro,Lima,Line 2,yes,yes,5.0,Line 2 Evitamiento – Mercado Santa Anita (5 km),
fb95eaeb,2023-12-22,tram,Katowice,Line 25,no,yes,0.6,Line 25 Dab Huta Baildon – Katowice Dabrowski (0.6 km),
8389659b,2023-12-22,tram,Yekaterinburg,Line 1,no,yes,4.2,Line 1 Volgogradskaya – Akademika Parina (4.2 km),
145620a6,2023-12-26,metro,Harbin,Line 3,no,yes,0.8,Line 3 Chinese-baroque Block – Beima Road (0.8 km),
6ac81f0d,2023-12-26,metro,Hefei,Line 3,no,yes,9.5,Line 3 Xingfuba – Sheng Ertong Yiyuan Xinqu (9.5 km),
dc76f2a0,2023-12-26,metro,Hefei,Line 2,no,yes,14.5,Line 2 Sanshibu – Cuozhen (14.5 km),
cf14f445,2023-12-26,metro,Salvador,Line 1,no,yes,3.0,Line 1 Campinas – Águas Claras (3 km),
d2f77b5a,2023-12-27,metro,Nantong,Line 2,yes,yes,20.9,Line 2 Xingfu – Xianfeng (20.9 km),
698a857c,2023-12-27,metro,Shenzhen,Line 8,no,yes,8.0,Line 8 Yantian Road – Xiaomeisha (8 km),
299a9372,2023-12-28,metro,Chongqing,Line 18,yes,yes,29.0,Line 18 Fuhualu – Tiaodengnan (29 km),
82c67027,2023-12-28,metro,Guangzhou,Line 7,no,yes,19.9,Line 7 Higher Education Mega Center South – Yanshan (19.9 km),
a7dffeb8,2023-12-28,metro,Guangzhou,Line 5,no,yes,9.8,Line 5 Wenchong – Huangpu New Port (9.8 km),
55380f90,2023-12-28,metro,Nanjing,Line 7,no,yes,10.7,Line 7 Yingtiandajie – Xishanqiao (10.7 km),
9f157da1,2023-12-28,metro,Tianjin,Line 11,yes,yes,13.7,Line 11 Dongjiangdao – Dongliliujinglu (13.7 km),
7f5c3101,2023-12-28,s-bahn,Zhengzhou,Zhengxu Line,yes,yes,67.1,Zhengxu Line Chang’an Lu Bei – Xuchangdong (67.1 km),
5133f28c,2023-12-30,metro,Beijing,Line 16,no,yes,3.2,Line 16 Yushuzhuang – Wanpingcheng (3.2 km),
52cb1781,2023-12-30,metro,Beijing,Line 17,no,yes,24.9,Line 17 Workers’ Stadium – Future Science City North (24.9 km),
d3f56e92,2023-12-30,metro,Beijing,Line 11,no,yes,0.8,Line 11 Jin’anqiao – Moshikou (0.8 km),
c03c7d65,2023-12-30,tram,Olsztyn,,no,yes,5.9,Lines 4 & 5 Skwer Wakara – Pieczewo (5.9 km),
57e17864,2023-12-30,metro,Wuhan,Line 19,yes,yes,23.3,Line 19 West Square of Wuhan Railway Station - Xinyuexi Park (23.3 km),
5728e1d5,2024-01-01,metro,Cairo,Line 3,no,yes,7.0,Line 3 Kit-Kat – Rod El Farag Corridor (7 km),
9799dd30,2024-01-01,tram,Kaohsiung,,no,yes,4.9,Heart of Love River – Kaisyuan Park (4.9 km),
c92c11c6,2024-01-01,tram,Kaohsiung,Line 2023,no,no,,2023:,not an opening
618f9e02,2024-01-08,tram,Kraków,,no,yes,0.7,Lines 18/50 Papierni Pradnickich – Gorka Narodowa (0.7 km),
ff8153e5,2024-01-25,tram,Daugavpils,,no,yes,1.8,Lines 3/5 Butlerova iela – Stropi ezers (1.8 km),
8b6d08db,2024-01-27,light-rail,Phoenix,Valley Metro Rail,no,yes,2.6,19th Ave/Dunlap – Metro Parkway (2.6 km),
93b10711,2024-01-27,light-rail,Phoenix,,no,no,2.6,19th Ave/Dunlap - Thelda Williams Transit Center (2.6 km),duplicate of 8b6d08db
6b350915,2024-01-27,tram,İzmir,Çiğli Tram,yes,yes,9.9,Çevre Yolu – Katip Çelebi Üniversitesi (9.9 km),
2c96b3e7,2024-01-29,metro,Istanbul,M11,no,yes,3.5,M11 Kagithane – Gayrettepe (3.5 km),
ac124bbf,2024-01-31,s-bahn,Wuxi,S1,yes,yes,30.4,S1 Yanqiao – Jiangyin Bund (30.4 km),
90172103,2024-02-17,tram,Yekaterinburg,Line 9,no,yes,1.7,Line 9 Ul. Musorskogo – Luchistaya ulitsa (1.7 km),
62b428a1,2024-02-24,metro,İzmir,M1,no,yes,6.3,Fahrettin Altay – Sehitlik (6.3 km),
a00dd163,2024-02-26,tram,Rio de Janeiro,Line 1,no,yes,0.4,Line 1/4 Rodoviária – Terminal Intermodal Gentileza (0.4 km),
2c72dfa0,2024-03-04,metro,İzmir,M1,no,yes,0.7,Sehitlik – Kaymakamlik (0.7 km),
23bb74d1,2024-03-05,tram,Warsaw,,no,yes,1.8,Reduta Wolska – Szpital Wolski (1.8 km),
5818d57e,2024-03-06,metro,Agra,Yellow Line,yes,yes,,(Yellow Line) Mankameshwar Mandir – Taj East Gate,
a04feea7,2024-03-06,s-bahn,Delhi,Namo Bharat (Delhi–Meerut RRTS),no,yes,17.0,RapidX Duhai – Modinagar North (17 km),
f53f2320,2024-03-06,metro,Kochi,Line 1,no,yes,1.0,SN Junction – Thripunithura (1 km),
4f264adf,2024-03-06,metro,Kolkata,Line 2,no,yes,,Line 2 Howrah Maidan – Esplanade & Line 3 Taratala – Majerhat (limited service),
7a532f30,2024-03-06,metro,Kolkata,Line 6,yes,yes,5.4,"Line 6 Kavi Subhash (New Garia) – Hemanta Mukhopadhay (Ruby) (5.4 km, limited service)",
98281431,2024-03-06,metro,Pune,Aqua Line,no,yes,5.5,Line 2 Ruby Hall Clinic – Ramwadi (5.5 km),
cec228f2,2024-03-10,metro,Istanbul,M3,no,yes,8.4,M3 Kirazli – Bakirköy Sahil (8.4 km),
a70d70f4,2024-03-11,metro,Tashkent,Circle Line,no,yes,3.5,Circle Line Quruvchilar – Qipchoq (3.5 km),
f8a3e6e6,2024-03-16,metro,Istanbul,M5,no,yes,6.5,M5 Çekmeköy – Samandira Merkez (6.5 km),
fee9f2cd,2024-03-16,metro,Tehran,Line 4,no,yes,,Line 4 Allameh Ja'fari – Ayatollah Kashani,
c09e5735,2024-03-17,tram,İzmit,,no,yes,3.0,Mehmet Ali Pasa – Sehir Hastanesi (3 km),
375efb4c,2024-03-18,metro,Istanbul,M9,no,yes,12.0,M9 Bahariye – Ataköy (12 km),
2b36b84a,2024-03-19,metro,Istanbul,,no,no,,),not an opening
6f1e13c3,2024-03-19,metro,Istanbul,M11,no,yes,8.5,M11 Kargo Terminali – Arnavutköy (8.5 km),
0cd6b3f1,2024-03-23,metro,Osaka,Kita-Osaka Kyuko (Namboku Line),no,yes,2.5,Kitakyu (Midosuji Line) Senri-Chuo – Minoh-Kayano (2.5 km),
f20846f3,2024-03-28,metro,Bursa,M1,no,yes,1.2,M1 Emek – Gecit/Balat (1.2 km),
8396e6e2,2024-03-28,metro,Changchun,Line 6,yes,yes,29.6,Line 6 Shuangfeng – Changchun Movie Wonderland (29.6 km),
c99160d7,2024-03-30,s-bahn,Seoul,GTX-A,yes,yes,34.9,GTX-A Suseo – Dongtan (34.9 km),
f6f759b3,2024-03-31,metro,Nanjing,Line 5,yes,yes,12.9,Line 5 Wenjinglu – Jiyindadao (12.9 km),
758a6bf1,2024-04-01,metro,Shaoxing,Line 1,no,yes,4.1,Line 1 Huangjiu Town – Daqingsi (4.1 km),
1a7cd8e1,2024-04-05,tram,Paris,T3b,no,yes,3.2,T3b Porte d’Asnières – Porte Dauphine (3.2 km),
002f532e,2024-04-08,tram,Lusail,Lusail Tram,no,yes,,Al Wessil - Rawdat Lusail & Tarfat South - Seef Lusail North,
d81d8806,2024-04-25,metro,Panama City,Line 1,no,yes,2.3,Line 1 San Isidro – Villa Zaita (2.3 km),
8e2cf262,2024-04-26,metro,Qingdao,Line 6,yes,yes,30.5,Line 6 Hengyunshan Road – Lingshan Bay (30.5 km),
3adb018d,2024-04-27,light-rail,Seattle,2 Line,no,yes,10.6,Line 2 South Bellevue – Redmond Technology (10.6 km),
82867d79,2024-05-01,metro,Hefei,Line 4,no,yes,12.0,Line 4 Beiyanhu – Shaomaigang (12 km),
ee36167a,2024-05-06,s-bahn,Paris,Line E,no,yes,8.0,"Line E Haussmann St-Lazare – Nanterre La Folie (8 km, shuttle service from Magenta)",
f5df094f,2024-05-14,tram,Warsaw,Line 11,no,yes,2.1,Line 11 Goworka – Sielce (Czerniakowska) (2.1 km),
b91352be,2024-05-15,metro,Cairo,Line 3,no,yes,7.1,Line 3 Kit-Kat – Giza University (7.1 km),
ec7c6bd8,2024-05-15,tram,Dujiangyan,Dujiangyan M-TR Tram,yes,yes,17.3,Bajiao Temple – Mt. Qingcheng / Zijingcheng (17.3 km),
ccfb5aa3,2024-05-26,s-bahn,Guangzhou,Guangzhou–Foshan Circular Intercity (Foshan West–Dongguan West),yes,yes,,Guangdong Intercity Foshan West – Dongguan West,
35831c00,2024-06-03,s-bahn,Melbourne,Metro Tunnel / Pakenham line,no,yes,1.9,Pakenham – East Pakenham (1.9 km),
4c7b59e3,2024-06-13,metro,Paris,M11,no,yes,5.4,M11 Mairie des Lilas – Rosny Bois-Perrier (5.4 km),
19575d6a,2024-06-16,tram,Blackpool,,no,yes,0.5,North Pier – North Station (0.5 km),
d3f5dff1,2024-06-19,tram,Seville,T1,no,yes,1.0,T1 San Bernardo – Eduardo Dato (1 km),
a0d8bc25,2024-06-22,metro,Copenhagen,M4,no,yes,5.0,M4 København H – København Syd (5 km),
ba481f6d,2024-06-23,metro,Singapore,Thomson–East Coast Line,no,yes,10.8,TEL Gardens by the Bay – Bayshore (10.8 km),
be82d11f,2024-06-24,metro,Paris,M14,no,yes,14.0,M14 Mairie de St-Ouen – St-Denis-Pleyel & Olympiades – Aéroport d'Orly (14 km),
25c6dc52,2024-06-28,metro,Changsha,Line 1,no,yes,9.9,Line 1 Kaifu District Government – Jinpenqiu (9.9 km),
3ca0caf6,2024-06-28,metro,Ningbo,Line 3,no,yes,9.32,Line 5 Xingzhuang Road – Luotuo Bridge,CAMET lists this as Line 3 phase 2 (9.32 km); UrbanRail.net calls it Line 5
b942cd13,2024-06-28,light-rail,Porto,Line D,no,yes,3.1,Line D Santo Ovídio – Vila d'Este (3.1 km),
49199691,2024-06-28,tram,Szczecin,Line 5,no,yes,0.8,Line 5/7 Krzekowo – Osiedle Zawadzkiego (0.8 km),
a6d03702,2024-06-29,metro,Suzhou,Line 6,yes,yes,35.0,Line 6 Suzhou Xinqu Railway Station – Sangtiandao (35 km),
0b07cc35,2024-06-30,metro,Kaohsiung,Red Line,no,yes,1.5,Red Line Kaohsiung Medical University Gangshan Hospital – Gangshan Railway Station (1.5 km),
76374d06,2024-07-01,metro,Tianjin,Line 1,no,yes,,Line 1 Donggulu – Shuangqiaohe,
375109a3,2024-07-07,tram,Luxembourg,,no,yes,3.7,Lycée Bouneweg – Stadion (3.7 km),
9a8979e3,2024-07-15,s-bahn,Perth,Joondalup Line,no,yes,14.5,Joondalup Line Butler – Yanchep (14.5 km),
3efee454,2024-07-17,metro,Naples,Line 6,no,yes,3.7,Line 6 [Mostra – ] Mergellina – Municipio (3.7 km),
83bc214d,2024-07-21,tram,Amsterdam,Line 25,no,yes,5.4,Line 25 Amstelveen Westwijk – Uithoorn Centrum (5.4 km),
8ab03408,2024-07-22,metro,Catania,Catania Metro,no,yes,1.3,Nesima – Monte Po (1.3 km),
27c3c4e6,2024-08-06,metro,Chicago,Green Line,no,yes,,Green Line Damen station,in-fill station
4ab2249b,2024-08-08,metro,Hanoi,Line 3,yes,yes,7.8,Line 3 Nhon – Cau Giay (7.8 km),
d6b15d7a,2024-08-10,metro,Seoul,Line 8,no,yes,12.4,Line 8 Amsa – Byeollae (12.4 km),
b740b76d,2024-08-12,tram,Helsinki,Line 13,no,yes,4.3,Line 13 Pasila (Maistraatintori) – Nihti (4.3 km),
a14ffb5f,2024-08-12,people-mover,Xi'an,Gaoxin SkyShuttle,yes,yes,17.2,SkyShuttle Yuhuazhai – Hengye Dadao (17.2 km),
d32e056f,2024-08-18,s-bahn,Delhi,Namo Bharat (Delhi–Meerut RRTS),no,yes,8.0,RapidX Modinagar North – Meerut South (8 km),
f0a74a4a,2024-08-19,metro,Sydney,M1,no,yes,15.5,M1 Chatswood – Sydenham (15.5 km),
0666aa16,2024-08-23,metro,Foshan,Line 3,no,yes,22.2,Line 3 Zhen’an – Zhongshan Park & Lianhe – Foshan University (22.2 km),
03a4ddb8,2024-08-30,light-rail,Seattle,1 Line,no,yes,13.6,Line 1 Northgate – Lynnwood (13.6 km),
86f24d85,2024-09-01,s-bahn,Mexico City,El Insurgente,no,yes,29.7,'El Insurgente' Lerma – Santa Fe (29.7 km),
760ed8d7,2024-09-05,metro,Moscow,Line 1,no,yes,1.9,Line 1 Novomoskovskaya (ex Kommunarka) – Potapovo (1.9 km),
02c06d8d,2024-09-07,metro,Moscow,Line 16,yes,yes,7.2,Line 16 Novatorskaya – Tyutchevskaya (7.2 km),
d40c6e17,2024-09-10,metro,Suzhou,Line 8,yes,yes,35.5,Line 8 Xijinqiao – Chefang (35.5 km),
e18e5ff4,2024-09-17,metro,Ahmedabad,Red Line,no,yes,15.4,Line 2 Motera – Gandhinagar Sector 1 / GIFT City (15.4 km + 5.4 km),
74e6b44a,2024-09-23,tram,Brussels,Line 10,no,yes,4.4,Line 10 Heembeek – Hôpital Militaire (4.4 km),
9b0cbafc,2024-09-23,tram,Moscow,Line 2,no,yes,0.8,Line 2 Kostomarovskiy Most – Metro Ploschad Ilyicha (0.8 km),
4aa6dc68,2024-09-24,tram,Casablanca,T3,yes,yes,14.1,T3 Gare de Casa-Port – Hay El Wahda (14.1 km),
916b6654,2024-09-24,tram,Casablanca,T4,yes,yes,12.5,T4 Parc de la Ligue Arabe – Mohammed Erradi (12.5 km),
45b98ab7,2024-09-26,metro,Xi'an,Line 10,yes,yes,34.4,Line 10 Jingshangcun – Zhaohuiguangchang (34.4 km),
c54d9145,2024-09-26,metro,Xi'an,Line 6,no,yes,4.5,Line 6 Xi’an Int’l Medical Center – Xi’an South Railway Station (4.5 km),
f5ea08a5,2024-09-26,metro,Xi'an,Line 5,no,yes,3.4,Line 5 Matengkong – Yanminghu (3.4 km),
7992ba96,2024-09-28,metro,Tianjin,Line 5,no,yes,1.3,Line 5 Liqizhuangnan – Jinghuadongdao,
x601240f,2024-09-28,s-bahn,Tianjin,Jinjing Line,yes,yes,13.4,Jinjing Line Jinghuadongdao – Tuanboyixueyuan,split from a combined UrbanRail entry
c081ee1f,2024-09-29,metro,Chengdu,Line S3 (Ziyang Line),yes,yes,38.7,Line S3 Futian – Ziyang Bei Station (38.7 km),
459de9d6,2024-09-29,metro,Pune,Purple Line,no,yes,3.3,Line 1 District Court – Swargate (3.3 km),
b2a02a70,2024-10-01,metro,Wuhan,Line 7,no,yes,15.1,Line 7 Hengdian – Huangpi Square (15.1 km),
b8a80753,2024-10-07,metro,Mumbai,Line 3,yes,yes,12.7,Line 3 Aarey JVLR – Bandra-Kurla Complex (12.7 km),
950540ef,2024-10-12,metro,Milan,M4,no,yes,7.8,M4 San Babila – San Cristoforo (7.8 km),
3c55f3af,2024-10-15,s-bahn,Lagos,Red Line,yes,yes,27.0,"Red Line Oyingbo – Agbado (27 km, limited service)",dedicated commuter railway alongside the Lagos–Kano corridor
21d2bf9b,2024-10-18,light-rail,Stuttgart,U5,no,yes,0.7,U5 Leinfelden Bahnhof – Leinfelden Neuer Markt (0.7 km),
50cf393c,2024-10-29,tram,Warsaw,,no,yes,6.3,Lines 14 & 16 Spacerowa – Miasteczko Wilanów (6.3 km),
f0456907,2024-11-01,metro,Guangzhou,Line 3,no,yes,9.6,Line 3 Panyu Square – Haibang (9.6 km),
d85d2e50,2024-11-01,metro,Macau,Seac Pai Van Line,yes,yes,1.6,Seac Pai Van Line Union Hospital – Seac Pai Van (1.6 km),
06c186e9,2024-11-03,metro,Los Angeles,C & K Lines,no,yes,1.9,C & K Lines Aviation/LAX – Aviation/Century (1.9 km),
3b849d7d,2024-11-07,metro,Bengaluru,Green Line,no,yes,3.1,Green Line Nagasandra – Madavara (3.1 km),
37170e0b,2024-11-10,tram,Barcelona,T4,no,yes,1.8,T4 Glòries – Verdaguer (1.8 km),
00a91488,2024-11-16,metro,Manila,Line 1,no,yes,6.4,Line 1 Baclaran – Dr. Santos (6.4 km),
2c7b7df5,2024-11-18,tram,Seville,T1,no,yes,0.5,T1 Eduardo Dato – Luis de Morales (0.5 km),
d1a94e53,2024-11-22,metro,Jinan,Line 3,no,yes,12.7,Line 3 Tantou - Jinan Int'l Airport South (12.7 km),
83c59270,2024-11-26,metro,Harbin,Line 3,no,yes,8.6,Line 3 Sports Park – Beima Road (8.6 km),
e488eefa,2024-11-30,metro,Shanghai,Line 17,no,yes,6.6,Line 17 Oriental Land – Xicen (6.6 km),
659da202,2024-11-30,metro,Thessaloniki,Line 1,yes,yes,9.6,Line 1 New Railway Station – Nea Elvetia (9.6 km),
26882093,2024-11-30,metro,Zhengzhou,Line 6,no,yes,26.4,Line 6 Changzhuang – Qinghuafuzhong (26.4 km),
4b007886,2024-12-01,metro,Riyadh,Blue Line,yes,yes,36.7,Blue Line SAB – Ad Dar Al Baida (36.7 km),
9fbe0734,2024-12-01,metro,Riyadh,Yellow Line,yes,yes,,Yellow Line KAFD – Airport T1-2,
x1419a2d,2024-12-01,metro,Riyadh,Purple Line,yes,yes,,Purple Line KAFD – An Naseem,split from a combined UrbanRail entry
2a10f2fc,2024-12-01,metro,Suzhou,Line 7,yes,yes,24.3,Line 7 Hongzhuang – Changlou (24.3 km),
6461cddd,2024-12-01,tram,Tallinn,Line 2,no,yes,2.0,Line 2 Suur Rannavärav (ex Linnahall) – Vanasadam – Paberi (2 km),
781ae83c,2024-12-02,metro,Macau,Hengqin Line,yes,yes,2.2,Hengqin Line Lótus – Hengqin (2.2 km),
1b816506,2024-12-03,metro,Xuzhou,Line 3,no,yes,6.6,Line 3 Xiadian – Zhenxingdadao (6.6 km),
6771dd03,2024-12-03,metro,Xuzhou,Line 3,no,yes,1.6,Gaoxinqunan – Yinshan (1.6 km),
2be516d0,2024-12-08,metro,Ahmedabad,Blue Line,no,yes,1.3,Blue Line Thaltej – Thaltej Gam (1.3 km),
a36dfa5e,2024-12-09,s-bahn,Perth,Transperth,no,yes,21.0,Bayswater – Ellenbrook (21 km),
abbe1106,2024-12-10,metro,Singapore,North East Line,no,yes,1.7,NEL Punggol – Punggol Coast (1.7 km),
23c5d7ba,2024-12-15,metro,Beijing,Line 12,yes,yes,26.8,Line 12 Sijiqingqiao – Dongbabei (26.8 km),
a45fce2c,2024-12-15,metro,Beijing,Changping Line,no,yes,0.7,Changping Line Xitucheng – Jimenqiao,length from CAMET
f3b76b42,2024-12-15,metro,Beijing,Line 3,yes,yes,14.7,Line 3 Dongsi Shitiao – Dongbabei (14.7 km),
32166eb6,2024-12-15,metro,Riyadh,Green Line,yes,yes,12.6,Green Line Ministry of Education – National Museum (12.6 km),
83743f8d,2024-12-15,metro,Riyadh,Red Line,yes,yes,24.2,Red Line King Saud University – King Fahad Stadium (24.2 km),
b0d79aa9,2024-12-18,metro,Qingdao,Line 2,no,yes,3.84,Line 2 Taishan Road – Sichuan Road,length from CAMET
4e9db565,2024-12-19,metro,Chengdu,Line 8,no,yes,7.6,Line 8 Guilong Road – Shilidian & Lianhua – Longgang (7.6 km),
cb94f7b8,2024-12-19,metro,Chengdu,Line 27,yes,yes,24.9,Line 27 Shifo – Shuxin Road (24.9 km),
4eba0c50,2024-12-20,tram,Sydney,Parramatta Light Rail L4,yes,yes,12.0,L4 Parramatta Light Rail Westmead – Carlingford (12 km),
24880adc,2024-12-20,metro,Vancouver,Canada Line,no,yes,,Canada Line Capstan station,in-fill station
6e2c3721,2024-12-21,metro,Daegu,Line 1,no,yes,8.7,Line 1 Ansim – Hayang (8.7 km),
f6794bc0,2024-12-22,metro,Ho Chi Minh City,Line 1,yes,yes,19.7,Ben Thanh – Suoi Tien (19.7 km),
0f1aba08,2024-12-26,metro,Hefei,Line 8,yes,yes,22.5,Line 8 Yilijing – Beicheng Gaotiezhan (22.5 km),
9c3bdfa5,2024-12-26,metro,Xi'an,Line 8,yes,yes,50.0,Line 8 Circle Line (50 km),
ba282f60,2024-12-27,metro,Saint Petersburg,Line 4,no,yes,3.6,Line 4 Spasskaya – Gornyi Institut (3.6 km),
6f944651,2024-12-27,s-bahn,Shanghai,Airport Link Line,yes,yes,59.0,Airport Link Line Hongqiao Airport T2 – Pudong Airport T1&2 (59 km),
ecb31ae5,2024-12-27,metro,Wuhan,Line 11,no,yes,16.3,Line 11 Wuhandong Railway Station – Jiang'an Road (16.3 km),
e151f41c,2024-12-28,metro,Guangzhou,Line 11,yes,yes,44.2,Line 11 Circle Line (44.2 km),
1817eefa,2024-12-28,s-bahn,Guiyang,S1,yes,yes,30.3,S1 Wangchengpo – Zaojiaoba (30.3 km),
c432c10d,2024-12-28,metro,Moscow,Line 16,no,yes,,Line 16 Tyutchevskaya – Novomoskovskaya,
dfd04742,2024-12-28,metro,Nanjing,Line 7,no,yes,10.99,Line 7 Yingtiandajie – Mufuxilu,length from CAMET
ff08fdd4,2024-12-28,s-bahn,Seoul,GTX-A,no,yes,,GTX-A Seoul Station – Unjeongjungang,
2f8e7d39,2024-12-28,metro,Shenzhen,Line 3,no,yes,9.4,Line 3 Shuanglong - Pingdi Liulian (9.4 km),
3ca4a6ee,2024-12-28,metro,Shenzhen,Line 13,yes,yes,6.4,Line 13 Shenzhen Bay Checkpoint - Hi-Tech Central (xx km),
80aee140,2024-12-28,metro,Shenzhen,Line 11,no,yes,4.4,Line 11 Gangxia North - Huaqiang South (4.4 km),
d30f99de,2024-12-28,metro,Shenzhen,Line 12,no,yes,8.2,Line 12 Waterlands Resort East - Songgang (8.2 km),
dbb90276,2024-12-28,metro,Shenzhen,Line 7,no,yes,2.5,Line 7 Xili Lake - SZU Lihu Campus (2.5 km),
eeb84e54,2024-12-28,metro,Tianjin,Line 11,no,yes,10.7,Line 11 Dongjiangdao – Shuishanggongyuanxilu,length from CAMET
991b48d2,2024-12-29,metro,Zhengzhou,Line 7,yes,yes,26.8,Line 7 Dongzhao – Nangangliu (26.8 km),
b77f124d,2024-12-29,metro,Zhengzhou,Line 8,yes,yes,51.8,Line 8 Tianjianhu – Lumiao (51.8 km),
90d6d7d6,2024-12-30,metro,Minsk,Line 3,no,yes,4.1,Line 3 Kavalskaya Slabada – Slutski Gastsinets (4.1 km),
ddf60b11,2024-12-30,metro,Shenyang,Line 3,yes,yes,23.0,Line 3 Lida – Nan Liguan (23 km),
e1c0fa86,2025-01-01,metro,Hangzhou,Line 5,no,yes,1.6,Line 5 Jinxing – East Nanhu (1.6 km),
9ef90d7a,2025-01-02,s-bahn,Chongqing,Bitong Line,yes,yes,37.5,Bitong Line Bishan – Tongliangxi (37.5 km),
0e2df9be,2025-01-05,metro,Delhi,Magenta Line,no,yes,2.0,Magenta Line Janakpuri West – Krishna Park Extension (2 km),
24b48057,2025-01-05,s-bahn,Delhi,Namo Bharat (Delhi–Meerut RRTS),no,yes,13.0,RapidX Sahibabad – New Ashok Nagar (13 km),
a29676fc,2025-01-05,metro,Riyadh,Orange Line,yes,yes,39.8,Orange Line Jeddah Road – Khashm Al An (39.8 km),
4832bd90,2025-01-06,tram,Eskişehir,,no,yes,2.5,Otogar – Opera (2.5 km),
fe955888,2025-01-06,tram,Lusail,Turquoise Line,no,yes,0.8,Turquoise Line Lusail QNB – Loop (0.8 km),
2efa317a,2025-01-07,tram,Tampere,,no,yes,4.6,Santalahti – Pyhällönpuisto (4.6 km),
52c9daa8,2025-01-07,tram,Tampere,,no,no,4.6,Santalahti – Lentävänniemi (4.6 km),duplicate of 2efa317a
74c1c04b,2025-01-10,metro,Ningbo,Line 4,no,yes,1.7,Line 4 Cicheng – Cicheng West (1.7 km),
e5de21d0,2025-01-19,metro,Osaka,Chuo Line,no,yes,3.2,Chuo Line Cosmosquare – Yumeshima (3.2 km),
09f0cfe5,2025-01-25,tram,Florence,T2,no,yes,1.8,T2 Fortezza – San Marco-Università (1.8 km),
a9174de0,2025-01-27,s-bahn,São Paulo,Line 9,no,yes,1.8,Line 9 Mendes-Vila Natal - Varginha (1.8 km),
af6e4940,2025-02-22,metro,Taiyuan,Line 1,yes,yes,28.7,Line 1 Helongwan - Wusu 1hao/2hao Hangzhanlou (28.7 km),
63ce07b9,2025-02-27,tram,Jerusalem,Line 1,no,yes,4.9,Line 1 Mount Herzl – Hadassah Ein Kerem (4.9 km),
66725f6d,2025-02-27,tram,Jerusalem,,no,yes,2.0,Heil Ha-Avir – Neve Ya'akov North (2.0 km),
eb8b7dcc,2025-03-02,tram,Luxembourg,,no,yes,3.9,LuxExpo – Findel - Luxembourg Airport (3.9 km),
fde41165,2025-04-01,metro,Naples,Line 1,no,yes,1.9,Line 1 Garibaldi – Centro Direzionale (1.9 km),
ce9fd054,2025-04-15,tram,Liège,,yes,no,11.0,Sclessin Standard – Coronmeuse / Liège Expo (11 km),forecast date; the line opened on 2025-04-28 (8a813c80)
e7b84aaf,2025-04-17,metro,Ürümqi,Line 1,no,yes,3.9,Airport MRT International Airport – North International Airport (3.9 km),short airport branch
12cb57d3,2025-04-21,metro,Madrid,,no,no,,),not an opening
bf0aabad,2025-04-21,metro,Madrid,Line 3,no,yes,3.5,Line 3 Villaverde Alto – El Casar (3.5 km),
5a65f8a4,2025-04-27,metro,Ahmedabad,Red Line,no,yes,2.4,Line 2 Gandhinagar Sector 1 – Sachivalaya (2.4 km),
8a813c80,2025-04-28,tram,Liège,Liège Tramway,yes,yes,11.0,T1 Standard – Place Coronmeuse / Liège Expo (11 km),
6669f583,2025-05-03,metro,Mashhad,Line 2,no,yes,,Line 2 Shahid Kaveh – Shahid Fakouri,
38dee6b6,2025-05-10,metro,Mumbai,Line 3,no,yes,9.8,Line 3 Bandra-Kurla Complex – Acharya Atre Chowk (9.8 km),
099d940d,2025-05-10,light-rail,Seattle,2 Line,no,yes,5.4,Line 2 Redmond Technology – Downtown Redmond (5.4 km),
b074b5f2,2025-05-16,metro,Ningbo,Line 4,no,yes,2.5,Line 4 Dongqian Lake - International Conference Center (2.5 km),
f9c1a9c6,2025-05-20,monorail,Bangkok,Pink Line,no,yes,2.8,Pink Line Mueang Thong Thani – Lake Mueang Thong Thani (2.8 km),
356dca63,2025-05-23,tram,Nantes,Line 1,no,yes,1.4,Line 1 Ranzay – Babinière (1.4 km),
c116e51a,2025-05-30,metro,Kanpur,Orange Line,no,yes,7.3,Orange Line Moti Jheel - Kanpur Central (7.3 km),
ec359b4c,2025-05-31,metro,Indore,Yellow Line,yes,yes,5.9,Yellow Line Veerangana Jhalkari Bai (Super Corridor 3) – Devi Ahilya Bai Holkar Terminal (Gandhinagar) (5.9 km),
1fbffd7f,2025-06-06,light-rail,Los Angeles,K Line,no,yes,1.9,K/C Westchester/Veterans – Aviation/Century (1.9 km),
44c3d81a,2025-06-07,tram,Phoenix,Line B,no,yes,7.7,Line B Downtown Phoenix Hub – Baseline/Central Ave (7.7 km),
0ad77e28,2025-06-09,s-bahn,Perth,Transperth,no,yes,14.5,Thornlie – Cockburn Central (14.5 km),
415d0617,2025-06-18,tram,Tianshui,,no,yes,16.9,Jingkunxijun Tianshui No.3 Middle School – Wulipu & Yangpo East – Tianshui Airport (16.9 km),
c69d59c0,2025-06-20,tram,Guangzhou,Huangpu Tram Line 2,yes,yes,4.9,Line 2 Xiangxue Subway Station – Kaiyuan Road East (4.9 km),
d88c38d4,2025-06-26,tram,Wonsan,Wonsan Tram,yes,yes,10.7,Loop Line (10.7 km),
c0d2b13b,2025-06-27,metro,Chongqing,Line 6,no,yes,6.9,Line 6 Liujiaping – Chongqingdong Railway Station (6.9 km),
e95d0365,2025-06-27,monorail,Moscow,Line 13,no,no,,Line 13 permanently closed,"a closure, not an opening"
40c9f251,2025-06-28,metro,Incheon,Line 1,no,yes,,Line 1 Gyeyang – Geomdan Lake Park,
1a2a5491,2025-06-28,metro,Nanchang,Lines 1 and 2,no,yes,31.75,Line 1 Shuanggang – Changbei Airport & Yaohu Lake West – Maqiu Line 2 Xinjia'an – Nanchang East Railway Station,length from CAMET (16.97 + 4.36 + 10.42 km)
21df88a7,2025-06-28,tram,Warsaw,Line 19,no,yes,0.8,Line 19 Sw. Bonifacego – Stegny (0.8 km),
5028410c,2025-06-29,metro,Guangzhou,Line 10,yes,yes,17.2,Line 10 Xilang – Yangji East,
xd295b90,2025-06-29,metro,Guangzhou,Line 12,yes,yes,28.8,Line 12 Xunfenggang – Guangzhou Gymnasium (west and east sections),split from a combined UrbanRail entry
26d68db8,2025-06-30,metro,Ningbo,Line 8,yes,yes,23.3,Line 8 Kaiyuan Road – Hansong Road (23.3 km),
102d6f42,2025-06-30,metro,Shaoxing,Line 1,no,yes,3.2,Line 1 Daqingsi – Exhibition and Convention Center (3.2 km),
abfc11a1,2025-06-30,metro,Shenyang,Line 1,no,yes,16.15,Line 1 Limingguangchang – Shuangma,length from CAMET
5640aad6,2025-07-03,metro,Palma,M1,no,yes,1.4,M1 UIB – ParcBit (1.4 km),
9aa37038,2025-07-08,metro,Tianjin,Line 4,no,yes,19.9,Line 4 Xiaojie – Xizhan (19.9 km),
e0abad8c,2025-07-27,tram,Bratislava,Line 3,no,yes,3.9,Line 3 Jungmannova – Juzne mesto (3.9 km),
de65a404,2025-08-03,tram,Hiroshima,,no,yes,1.1,Hijiyama-shita – Hiroshima Station (1.1 km),
010d9d0d,2025-08-06,metro,Nanjing,Line 5,no,yes,24.0,Line 5 Wenjinglu – Fangjiaying (24 km),
3d55c381,2025-08-10,metro,Bengaluru,Yellow Line,yes,yes,18.8,Yellow Line Rashtreeya Vidyalaya Road – Delta Electronics Bommasandra (18.8 km),
5e9b71c0,2025-08-22,metro,Kolkata,Yellow Line,yes,yes,,YL Noapara – Jai Hind Bimanbandar (Green and Orange lines extended the same day),split from a combined UrbanRail entry
f0d20cef,2025-08-22,tram,İzmit,,no,yes,1.4,Otogar – Sabanci MTAL (1.4 km),
0f23d023,2025-08-29,metro,Ningbo,Line 7,yes,yes,39.4,Line 7 Yufan – Yunlong (39.4 km),
afab0955,2025-09-01,tram,Vienna,Line 12,no,yes,2.0,Line 12 Rebhanngasse – Hillerstraße (2 km),
b3a0bacd,2025-09-05,metro,Novosibirsk,Leninskaya Line,no,yes,,Leninskaya Sportivnaya station,in-fill station
c30d812e,2025-09-06,metro,Karaj,Line 2,no,yes,6.5,Line 2 Ayatallah Taleqani – Shahid Soltani (Karaj) (6.5 km),
c2ac8518,2025-09-10,tram,Moscow,Line 90,no,yes,1.6,Line 90 <M> Chistye Prudy – <M> Komsomolskaya (1.6 km),
dac32845,2025-09-13,metro,Moscow,Line 16,no,yes,9.7,Line 16 Novatorskaya – ZIL (9.7 km),
b12e2279,2025-09-17,metro,Chengdu,Line 10,no,yes,5.9,Line 10 Taipingyuan – Wuhou Shrine (5.9 km),
f3351ffc,2025-09-17,metro,Chengdu,Line 17,no,yes,24.8,Line 17 Jitouqiao – Gaohong (24.8 km),
b35df298,2025-09-17,tram,Cochabamba,,no,yes,3.0,Linea Amarilla Aeropuerto – Maica (3 km),
6da14cb9,2025-09-19,metro,Los Angeles,Line A,no,yes,14.7,Line A APU/Citrus College – Pomona North (14.7 km),
8bb9c69a,2025-09-26,metro,Nanning,Line 4,no,yes,4.5,Line 4 Lengtangcun – Longgang (4.5 km),
11d67018,2025-09-26,tram,Tianshui,Line 1,no,yes,,Line 1 Tianshui Airport - Fenlukou,
9244864e,2025-09-28,metro,Changchun,Line 2,no,yes,10.6,Line 2 Dongfang Square – Wukaihe Dajie (10.6 km),
353d80a9,2025-09-28,metro,Shenzhen,Line 16,no,yes,9.5,Line 16 Universiade – Yuanshanxikeng (9.5 km),
de94b77c,2025-09-28,metro,Shenzhen,Line 6 Branch,no,yes,5.0,Line 6B Guangming – Guangmingcheng (5 km),
40274da9,2025-09-28,metro,Tianjin,Line 7,yes,yes,21.8,Line 7 Gulou – Saidalu (21.8 km),
ded20a9b,2025-09-28,metro,Xuzhou,Line 6,yes,yes,22.9,Line 6 Xuzhou Tongshan District Hospital of TCM – Xuzhoudong Railway Station (22.9 km),
79d47254,2025-09-29,s-bahn,Fuzhou,Binhai Express,yes,yes,61.5,Binhai Express Fuzhou Railway Station – Wenling (61.5 km),
a8e581ee,2025-09-29,metro,Guangzhou,Lines 13 and 14,no,yes,17.3,Line 13 Yuzhu – Tianhe Park & Line 14 Jiahewanggang – Lejia Road,length from CAMET (8.30 + 9.00 km)
c792df48,2025-09-29,s-bahn,Guangzhou,Guangzhou East Ring Intercity,yes,yes,,Guangdong Intercity Baiyun Airport North – Panyu / Guangzhoulianhuashan,
c6643dff,2025-10-06,metro,Patna,Blue Line,yes,yes,3.1,Blue Line Bhootnath – New ISBT (3.1 km),
7a60bfc2,2025-10-06,tram,Vienna,Line 27,no,yes,2.1,Line 27 Prinzgasse – Aspern Nord (2.1 km),
5f2d577a,2025-10-09,metro,Mumbai,Line 3,no,yes,11.0,Line 3 Acharya Atre Chowk – Cuffe Parade (11 km),
4cb8e07a,2025-10-13,s-bahn,Perth,Transperth,no,yes,6.9,(Beckenham – ) Armadale – Byford (6.9 km),
718909cd,2025-10-14,tram,İzmit,,no,yes,2.6,Sabanci MTAL – Kocaeli Stadyum (2.6 km),
4d25e76e,2025-10-16,metro,Honolulu,Skyline,no,yes,8.5,Halawa – Kahauiki (8.5 km),
d17f6dbe,2025-10-16,tram,Milan,Line 7,no,yes,1.4,Line 7 Parmenide – Quartiere Adriano (Adriano/Vipiteno) (1.4 km),
e6cf547a,2025-10-18,tram,Montpellier,T1,no,yes,1.1,T1 Odysséum – Gare Sud de France (1.1 km),
06c7ce1e,2025-10-24,tram,Kansas City,,no,yes,5.5,Union Station – UMKC (5.5 km),
1061357a,2025-10-26,tram,Copenhagen,Hovedstadens Letbane,yes,yes,13.1,Letbane Ishøj – Rødovre Nord (13.1 km),
e0e32cb7,2025-11-01,metro,Shanghai,Line 2,no,yes,1.7,Line 2 National Exhibition and Convention Center – Panxiang Road (1.7 km),
92904a36,2025-11-10,s-bahn,Naples,Line 7,no,yes,,Line 7 Soccavo – Monte Sant’Angelo,
f1867113,2025-11-15,tram,Strasbourg,Line F,no,yes,4.0,Line F Comtes – Wolfisheim Henri Rendu (4 km),
66da5f75,2025-11-17,metro,Montreal,REM,no,yes,29.7,REM A4 Gare Centrale – Deux-Montagnes (29.7 km),
082f06c4,2025-11-28,metro,Dongguan,Line 1,yes,yes,57.5,Line 1 Dongguanxi Railway Station – Meitang (57.5 km),
10f933a9,2025-11-29,tram,Graz,,no,yes,1.1,Lines 16/17 Roseggerhaus – Jakominiplatz (1.1 km),
474b50f0,2025-11-30,s-bahn,Melbourne,Metro Tunnel / Pakenham line,no,yes,9.0,Metro tunnel South Kensington – Hawksburn (9 km - limited service until 01 Feb 2026),
af4d6de4,2025-12-01,tram,Santos,,no,yes,4.3,Conselheiro Nébias – Valongo (4.3 km - limited service),
9cd10869,2025-12-06,people-mover,Jinan,Jinan SkyShuttle Line 1,yes,yes,30.7,SkyShuttle Line 1 Pengjiazhuang – Shandong Polytechnic – Pengjiazhuang (30.7 km),
e9be5137,2025-12-06,light-rail,Seattle,1 Line,no,yes,12.5,Line 1 Angle Lake – Federal Way Downtown (12.5 km),
5b509947,2025-12-07,tram,Toronto,Line 6 Finch West,yes,yes,10.3,Line 6 Finch West – Humber Collage (10.3 km),
83662fd3,2025-12-08,light-rail,Buffalo,Metro Rail,no,yes,0.7,Canalside – DL&W (0.7 km),
564fab5b,2025-12-10,metro,Fuzhou,Line 4,no,yes,4.0,Line 4 Fenghuangchi — Banzhou (4 km),
fd3452e8,2025-12-14,tram,Gothenburg,,no,yes,2.2,Lines 10/12 Frihamnen – Lindholmen (2.2 km),
c8651bd4,2025-12-15,light-rail,Guadalajara,Line 4,yes,yes,21.7,Line 4 Las Juntas Tlajomulco Centro (21.7 km),
1bed3e97,2025-12-16,metro,Chengdu,Line 30,yes,yes,28.0,Line 30 East of T2 of Shuangliu Int’l Airport — Longquanyi Railway Station South (28 km),
c00d670c,2025-12-16,metro,Chengdu,Line 13,yes,yes,29.1,Line 13 Wayaotan — Long’an (29.1 km),
bb30167b,2025-12-16,metro,Rome,Line C,no,yes,2.4,Line C San Giovanni – Colosseo (2.4 km),
338bd6dd,2025-12-19,metro,Nanjing,Line 10,no,yes,13.3,Line 10 Andemen — Dongqilu (13.3 km),
619868d1,2025-12-19,metro,Nanjing,Line 3,no,yes,3.3,Line 3 Mozhoudonglu — Moling (3.3 km),
b2e35de4,2025-12-20,tram,Montpellier,Montpellier Tramway T5,yes,yes,,T5 Clapiers – Saint-Éloi - Docteur Pezet & Gambetta - Saint-Denis – Grés de Montpellier (4.4+6.3 km),
d1083562,2025-12-21,metro,Bhopal,Orange Line,yes,yes,7.5,Orange Line Subash Nagar — AIIMS (7.5 km),
106905a4,2025-12-22,tram,Warsaw,Line 19,no,yes,0.9,Line 19 Goworka — Pole Mokotowskie (0.9 km),
12559c6a,2025-12-24,tram,Saint Petersburg,Line 2,no,yes,4.7,Line 2 Metro Kupchino ( Balkanskiy) — Valdayskaya ulitsa (4.7 km),
027b6770,2025-12-26,metro,Hefei,Line 6,yes,yes,34.4,Line 6 (Qinglonggang – ) Beiyanhu – Longtang (34.4 km),
446edfe5,2025-12-26,metro,Saint Petersburg,Line 6,yes,yes,,Line 6 Putilovskaya — Yugo-Zapadnaya,
2197fa80,2025-12-27,metro,Beijing,Line 18,yes,yes,19.8,Line 18 Malianwa – Tiantongyuandong (19.8 km),
5b3517d5,2025-12-27,metro,Beijing,Line 17,no,yes,8.2,Line 17 Workers' Stadium – Shilihe (8.2 km),
954365b9,2025-12-27,metro,Beijing,Line 6,no,yes,2.1,Line 6 Lucheng – Luyang (2.1 km),
3bf0da91,2025-12-27,metro,Jinan,Line 4,yes,yes,40.3,Line 4 Shandong First Medical University – Pengjiazhuang (40.3 km),
4cb7f513,2025-12-27,metro,Jinan,Line 8,yes,yes,25.3,Line 8 Xingcun Lijiaoqiao East – Qingyuan Dajie (25.3 km),
8f23e0bc,2025-12-27,metro,Jinan,Line 6,yes,yes,19.5,Line 6 Shandong University – Liangwang (19.5 km),
19e0efe3,2025-12-27,metro,Shanghai,Line 18,no,yes,8.0,Line 18 South Changjiang Road - Kangwen Road (8 km),
4e0ad476,2025-12-28,metro,Shenzhen,Lines 5 and 11,no,yes,5.18,Line 5 Huangbeiling — Grand Theater & Line 11 Huaqiang South — Hongling South,length from CAMET (2.88 + 2.30 km)
e71d7dca,2025-12-28,metro,Shenzhen,Line 8,no,yes,3.69,Line 8 Xiaomeisha — Xichong,length from CAMET; split from a combined UrbanRail entry
x63b0a26,2025-12-28,metro,Shenzhen,Line 13,no,yes,16.08,Line 13 Hi-Tech Central — Shangwu,split from a combined UrbanRail entry; length from CAMET
0101fbe0,2025-12-29,s-bahn,Guangzhou,Line 22,no,yes,11.5,Line 22 Chentougang – Fangcun (11.5 km),
dad14cfb,2025-12-29,metro,Xi'an,Line 15,yes,yes,19.5,Line 15 Xiliu – Dongzhaoyu (19.5 km),
bff764b6,2025-12-30,light-rail,Jinan,Jiyang Tram,yes,yes,36.1,Jiyang Line Jinan North Railway Station – Jiyang North (36.1 km),
5d4d8aa7,2026-01-07,tram,Marseille,,no,no,,Happy New Year 2026!,not an opening
e4200f27,2026-01-07,tram,Marseille,,no,yes,4.4,Castellane – La Gaye (4.4 km),
ee0a3260,2026-01-07,tram,Marseille,T3,no,yes,1.6,T3 Arenc – Capitaine Gèze (1.6 km),
c4f4f30c,2026-01-11,metro,Ahmedabad,Red Line,no,yes,5.4,Line 2 Sachivalaya – Mahatma Mandir (5.4 km),
ff8fd639,2026-01-16,metro,Ningbo,Line 6,yes,yes,35.1,Line 6 Gulin – Honglian (35.1 km),
5c720c49,2026-01-18,metro,Tianjin,Line Z4,yes,yes,23.7,Line Z4 Beitang – Zhaishang (23.7 km),
65759d82,2026-01-28,s-bahn,Guangzhou,Guangzhou–Qingyuan Intercity,no,yes,,Guangzhou-Qingyuan Intercity Huadu – Guangzhoubaiyun,
60713e44,2026-02-02,s-bahn,Mexico City,El Insurgente,no,yes,8.5,El Insurgente Santa Fe — Observatorio (8.5 km),
87eb4dd6,2026-02-08,light-rail,Toronto,Line 5,yes,yes,19.0,Line 5 Mount Dennis – Kennedy (19 km),
acb1977d,2026-02-09,metro,Belo Horizonte,Line 1,no,yes,1.5,Line 1 Eldorado — Novo Eldorado (1.5 km),
e6c6836b,2026-02-10,metro,Chongqing,Line 4,no,yes,10.0,Line 4 Min’andadao — Shimahelijiao (~10 km),
6c5ec0d0,2026-02-14,tram,Brest,Line B,yes,yes,5.1,Line B Gares – Hôpital Cavale (5.1 km),
f0aea09c,2026-02-14,tram,Brest,Line B,no,no,5.1,Line B Gare Gambetta – Hôpital Cavale (5.1 km),duplicate of 6c5ec0d0
d210ff5a,2026-02-14,tram,Lyon,T6,no,yes,5.4,T6 Hôpitaux Est-Pinel – La Doua (5.4 km),
136f1bfa,2026-02-22,s-bahn,Delhi,Namo Bharat (Delhi–Meerut RRTS),no,yes,5.3,New Ashok Nagar – Sarai Kale Khan (5.3 km),
929fa394,2026-02-22,s-bahn,Delhi,Meerut Metro,yes,yes,23.6,Meerut Metro Meerut South – Modipuram (23.6 km),runs on the Namo Bharat RRTS tracks
2a5023e8,2026-02-25,metro,Santo Domingo,Line 2,no,yes,6.5,Line 2 María Montez — Pablo Adón Guzmán (6.5 km),
d3bb2665,2026-02-27,tram,Munich,Line 14,no,yes,1.5,Line 14 Fürstenrieder Straße — Ammerseestraße (1.5 km),
ed1d11a5,2026-02-28,tram,Munich,Line 14,no,no,1.5,Line 14 Fürstenrieder Straße — Ammerseestraße (1.5 km),duplicate of d3bb2665
10ce54d8,2026-03-08,metro,Delhi,Pink Line,no,yes,12.3,Pink Line Majlis Park – Maujpur-Babarpur (12.3 km),
b995b772,2026-03-08,metro,Delhi,Magenta Line,no,yes,9.5,Magenta Line Majlis Park – Deepali Chowk (9.5 km),
e11a6f46,2026-03-14,s-bahn,Chennai,MRTS,no,yes,4.5,MRTS Velachery — St Thomas Mount (4.5 km),
8f78f972,2026-03-20,monorail,Cairo,East Nile Monorail,yes,yes,56.5,East Nile Monorail Cairo Stadium — New Capital (56.5 km - regular service since 6 May 2026),
a5062a73,2026-03-28,s-bahn,Berlin,S15,no,yes,2.2,S15 Wedding – Hauptbahnhof (2.2 km),
2f60aef6,2026-03-28,light-rail,Seattle,2 Line,no,yes,12.8,Line 2 International District/Chinatown — South Bellvue (12.8 km),
8b2fb83f,2026-03-31,monorail,São Paulo,Line 17,yes,yes,6.0,Line 17 Morumbi — Aeroporto de Congonhas (6 km; limited service),
f3a578ea,2026-04-05,tram,Birmingham,,no,yes,0.5,Bull St/Corporation St — Millennium Point (0.5 km),
87b7e23f,2026-04-08,metro,Mumbai,Line 9,yes,yes,3.6,Line 9 Dahisar East — Kashigaon (3.6 km),"first opening of Line 9, numbered and planned as its own line though it continues Line 7"
ea398fee,2026-04-08,metro,Mumbai,Line 2B,yes,yes,5.4,Line 2B Diamond Garden — Mandale (5.4 km),first opening of Line 2B
437d8ade,2026-04-18,tram,Prague,,no,yes,0.5,Lihovar — Dvorce/Kublov (0.5 km),
db797a9e,2026-04-22,s-bahn,Nanjing,S2,yes,yes,54.2,S2 Xishanqiao — Taibai (54.2 km),
77378f52,2026-04-26,s-bahn,Jinhua,Jinyi Line,no,yes,3.6,Lingyun — Yiwu Railway Station (3.6 km),
7793730c,2026-05-01,metro,Wuhan,Line 12,yes,yes,35.3,Line 12 Gangduhuayuan — Moshuihu Park (35.3 km),
bee5e73d,2026-05-08,metro,Los Angeles,Line D,no,yes,6.2,Line D Wilshire/Western — Wilshire/La Cienega (6.2 km),
bcd10fd3,2026-05-16,metro,Astana,Astana LRT,yes,yes,21.3,Nurly Zhol — Airport (21.3 km),
a4ef64e2,2026-05-18,tram,Kansas City,,no,yes,1.2,River Market North — Riverfront (1.2 km),
50940344,2026-05-18,metro,Montreal,REM,no,yes,8.6,REM Bois Franc – Anse à l'Orme (8.6 km),
53679bba,2026-05-22,metro,Istanbul,M5,no,yes,4.4,M5 Samandira Merkez — Sultanbeyli (4.4 km),
dd60dabf,2026-06-01,tram,Riga,Line 7,no,yes,1.8,Line 7/14 Eglaines iela/Dole (ex Kengarags) — Kengarags (1.8 km),
3842e14a,2026-06-15,s-bahn,Berlin,S15,no,yes,2.1,S15 Wedding — Hauptbahnhof (2.1 km),
781ac263,2026-06-18,metro,Foshan,Line 3,no,yes,4.0,Line 3 Lianhe — Zhongshan Park (4 km),
a2c8bef7,2026-06-19,s-bahn,Istanbul,M11,no,yes,21.7,M11 Arnavutköy Hastane — Halkali (21.7 km),
046bc07b,2026-06-28,metro,Shenzhen,Line 13,no,yes,19.3,Line 13 Shangwu — Lisonglang (19.3 km),
146d6a35,2026-06-29,metro,Kuala Lumpur,Shah Alam Line (Line 11),yes,yes,37.8,Line 11 Bandar Utama — Johan Setia (37.8 km),
e54ba281,2026-06-30,metro,Shenyang,Line 3,no,yes,14.0,Line 3 Nan Liguan — Fangjialan (14 km),
a8c52d1b,2026-06-30,monorail,São Paulo,Line 17,no,yes,0.5,Line 17 Brooklin Paulista — Washington Luís (0.5 km; limited service),
791f5769,2026-06-30,metro,Taipei,Sanying Line,yes,yes,13.8,Sanying Line Yingtao Fude — Dingpu (13.8 km),
90cd60c8,2026-06-30,metro,Xi'an,Line 5,no,yes,1.8,Line 5 Yanminghu — Xi'andongzhan (1.8 km),
90483b89,2026-07-01,metro,Hefei,Line 7,yes,yes,,Line 7 Feicui Gongyuan — Sheng Wenhuahefeiyiguan,
c538e186,2026-07-02,metro,Patna,Blue Line,no,yes,,BL Bhootnath — Malahi Pakri,
4a398525,2026-07-02,metro,São Paulo,Line 6,yes,yes,,Line 6 João Paulo I — Perdizes,
5e574c66,2026-07-03,metro,Belo Horizonte,Linha 2,yes,yes,,Linha 2 Nova Suíça — Amazonas  (limited service),
4cd279e4,2026-07-12,metro,Singapore,Circle Line,no,yes,,Circle Line Harbour Front — Marina Bay,
2af88c45,2026-07-18,s-bahn,San Sebastián,Euskotren Metro Donostialdea,no,yes,2.1,Altza — Galtzaraborda (2.1 km),
4be7dadc,2026-07-31,s-bahn,Guangzhou,Guangzhou–Shenzhen Intercity,no,yes,48.2,Guangzhou-Shenzhen Intercity Zhuliao – Xintang South (48.2 km),
2234ac5f,2026-08-09,tram,Gold Coast,,no,yes,6.8,Broadbeach South — Burleigh Heads (6.8 km),
85fc36f7,2026-08-10,tram,Mainz,,no,yes,0.3,Hauptbahnhof West — Münsterplatz (0.3 km),
b8a36dd6,2026-08-13,metro,Mumbai,Line 2B,no,yes,1.0,Line 2B Diamond Garden – Chembur (1 km),
0cdb4254,2026-08-14,metro,Sofia,M3,no,yes,3.2,M3 Hadzhi Dimitar — Gen. Vladimir Vazov (3.2 km),
d0c60764,2026-08-21,tram,Jerusalem,Line 3,no,yes,7.0,L3 HaTurim — Malha Menachat (7 km),
9052e41c,2026-08-22,tram,Copenhagen,,no,yes,13.9,Letbane Rødovre Nord — Lundtofte (13.9 km),
dc0da961,2026-08-26,metro,Changchun,Line 7,yes,yes,23.2,Line 7 Qiche Gongyuan — Donghuanchenglu (23.2 km),
9a257bad,2026-08-27,metro,Thessaloniki,Line 2,yes,yes,4.8,L2 25 Martiou — Micra (4.8 km),"Kalamaria branch, run as a separate line sharing the Line 1 trunk"
854377b8,2026-08-30,tram,Salvador,,no,yes,0.7,Calçada — São Joaquim (0.7 km),
f9444c94,2026-08-30,metro,Taipei,Red Line,no,yes,1.4,Red Line Xiangshan — Guangci/Fengtian Temple (1.4 km),
faef3529,2026-08-31,tram,Amsterdam,Line 26,no,yes,1.6,[26] Theo van Goghpark (ex IJburg) — IJburg Franz Kafkastraat (1.6 km),
dd1b7e85,2026-09-04,metro,Changsha,Line 2,no,yes,11.0,[2] West Meixi Lake — Longhuling (11 km),
3a06efb7,2026-09-04,light-rail,Düsseldorf,U80,no,yes,1.8,[U80/81] Freiligrathplatz — Flughafen Terminal (1.8 km),
4f5db9de,2026-09-05,metro,Moscow,Line 17 (Rublyovo-Arkhangelskaya),yes,yes,5.2,[17] (Delovoy Tsentr — ) Shelepikha — Bul. Generala Karbysheva (~5.2 km),
63bf74e8,2026-09-05,tram,Vienna,Line 18,no,yes,2.2,[18] Schlachthausgasse — Stadion U/Handelskai (2.2 km),
df9a2b02,2026-09-06,metro,Indore,Yellow Line,no,yes,11.2,Yellow Line Veerangana Jhalkari Bai — Malviya Nagar Chowraha (Radisson Sq) (11.2 km),
1cfd5236,2026-09-09,tram,Konya,Line 2,no,yes,1.4,[2] Adliye — Sehir Hastanesi (1.4 km),
074e3a6d,2026-09-13,s-bahn,Auckland,City Rail Link,no,yes,3.5,City Rail Link Waitemata — Maungawhau (3.5 km),new mainline tunnel
9e099de6,2026-09-15,tram,İzmit,,no,yes,1.4,Kocaeli Stadyum — Kartepe (1.4 km),
ab1b50b4,2026-09-16,metro,Jakarta,Jakarta LRT Line 1,no,yes,6.0,LRT Velodrome — Manggarai (6.0 km),
35adaf57,2026-09-16,metro,Xiamen,Line 4,yes,yes,,[4] Jimei Software Park North — Qianwu,
86bd8f14,2026-09-16,metro,Xiamen,Line 6,yes,yes,,[6] Jiaojiang Road — Huaqiao University,
5ec5aecf,2026-09-22,s-bahn,Ningbo,Line 12,yes,yes,61.5,[12] Xiaoyangjiang — Damuwan (61.5 km),
101b3f97,2026-09-22,s-bahn,Qingdao,Line 8,no,yes,,[8] Qingdao North Railway Station — May 4th Square,
f52463aa,2026-09-26,tram,Kraków,Line 9,no,yes,4.3,[9·12 · 16] TAURON Arena Kraków — Mistrzejowice (4.3 km),
58c6287a,2026-09-27,tram,Sarajevo,Line 11,no,yes,6.2,[11] Ilidza — Hrasnica (6.2 km),
77e33fd8,2026-09-28,metro,Changchun,Line 5,yes,yes,19.5,[5] Zhuoyue Dajie — Dongdaqiao (19.5 km),
c6443b05,2026-09-28,s-bahn,Dakar,TER Dakar,no,yes,19.0,TER Diamniadio — Aéroport International Blaise Diagne (19 km),
e3e8ed1c,2026-09-29,metro,Nanjing,Line 6,yes,yes,32.4,[6] Qixiashan — Nanjing South Railway Station (32.4 km),
84591c42,2026-10-05,tram,The Hague,Line 19,no,yes,2.5,Line 19 Delft Station — TU Delft Schoemakerstraat (2.5 km),
